# timestamp tx ty tz qx qy qz qw
1759519053.591899 0.000000 0.000000 0.000000 0.000000 0.000000 0.000000 1.000000
1759519053.660687 0.000000 0.000000 0.000000 0.000000 0.000000 0.000000 1.000000
1760597650.005315 0.000000 0.000000 0.000000 0.000000 0.000000 0.000000 1.000000
1760597650.238634 0.000000 0.000000 0.000000 0.000000 0.000000 0.000000 1.000000
1760597650.471962 0.000000 0.000000 0.000000 0.000000 0.000000 0.000000 1.000000
1760597650.671962 0.000000 0.000000 0.000000 0.000000 0.000000 0.000000 1.000000
1760597650.871965 0.000000 0.000000 0.000000 0.000000 0.000000 0.000000 1.000000
1760597651.105296 0.000000 0.000000 0.000000 0.000000 0.000000 0.000000 1.000000
1760597651.305310 0.000000 0.000000 0.000000 0.000000 0.000000 0.000000 1.000000
1760597651.505314 0.000000 0.000000 0.000000 0.000000 0.000000 0.000000 1.000000
1760597651.710132 0.000000 0.000000 0.000000 0.000000 0.000000 0.000000 1.000000
1760597651.971968 0.000000 0.000000 0.000000 0.000000 0.000000 0.000000 1.000000
1760597652.171968 0.000000 0.000000 0.000000 0.000000 0.000000 0.000000 1.000000
1760597652.371969 0.000000 0.000000 0.000000 0.000000 0.000000 0.000000 1.000000
1760597652.605305 0.019426 -0.001664 0.000000 0.000000 0.000000 -0.000000 1.000000
1760597652.805346 0.054458 -0.001584 0.000000 0.000000 0.000000 -0.000108 1.000000
1760597653.071967 0.132497 0.001512 0.000000 0.000000 0.000000 -0.000237 1.000000
1760597653.271972 0.161591 0.002667 0.000000 0.000000 0.000000 -0.000273 1.000000
1760597653.505300 0.185820 0.003628 0.000000 0.000000 0.000000 -0.000298 1.000000
1760597653.705313 0.220495 0.005004 0.000000 0.000000 0.000000 -0.000288 1.000000
1760597653.905767 0.218181 -0.000732 0.000000 0.000000 0.000000 -0.000293 1.000000
1760597654.138633 0.216185 -0.005703 0.000000 0.000000 0.000000 -0.000295 1.000000
1760597654.371969 0.213206 -0.013067 0.000000 0.000000 0.000000 -0.000273 1.000000
1760597654.571973 0.212062 -0.015878 0.000000 0.000000 0.000000 -0.000269 1.000000
1760597654.771974 0.211080 -0.018300 0.000000 0.000000 0.000000 -0.000262 1.000000
1760597655.005318 0.237455 -0.012549 0.000000 0.000000 0.000000 -0.000346 1.000000
1760597655.238633 0.247680 -0.010318 0.000000 0.000000 0.000000 -0.000384 1.000000
1760597655.438648 0.239945 -0.012319 0.000000 0.000000 0.000000 -0.000297 1.000000
1760597655.671972 0.228926 -0.015171 0.000000 0.000000 0.000000 -0.000180 1.000000
1760597655.871989 0.224691 -0.016267 0.000000 0.000000 0.000000 -0.000136 1.000000
1760597656.105297 0.221034 -0.017213 0.000000 0.000000 0.000000 -0.000097 1.000000
1760597656.305299 0.185780 -0.022982 0.000000 0.000000 0.000000 -0.000068 1.000000
1760597656.505307 0.172717 -0.025119 0.000000 0.000000 0.000000 -0.000051 1.000000
1760597656.705308 0.161304 -0.026987 0.000000 0.000000 0.000000 -0.000041 1.000000
1760597656.971972 0.129948 -0.031585 0.000000 0.000000 0.000000 0.000253 1.000000
1760597657.205299 0.125689 -0.033695 0.000000 0.000000 0.000000 0.000391 1.000000
1760597657.471969 0.149225 -0.037885 0.000000 0.000000 0.000000 0.000736 1.000000
1760597657.705295 0.175456 -0.039534 0.000000 0.000000 0.000000 0.001553 0.999999
1760597657.938633 0.229154 -0.039337 0.000000 0.000000 0.000000 0.002827 0.999996
1760597658.138710 0.274038 -0.038611 0.000000 0.000000 0.000000 0.003555 0.999994
1760597658.405415 0.383310 -0.043503 0.000000 0.000000 0.000000 0.005111 0.999987
1760597658.638634 0.419610 -0.042031 0.000000 0.000000 0.000000 0.006046 0.999982
1760597658.905310 0.515647 -0.027089 0.000000 0.000000 0.000000 0.008310 0.999965
1760597659.138640 0.576964 -0.013003 0.000000 0.000000 0.000000 0.010571 0.999944
1760597659.371977 0.652922 0.008613 0.000000 0.000000 0.000000 0.012607 0.999921
1760597659.605312 0.689997 0.019905 0.000000 0.000000 0.000000 0.014474 0.999895
1760597659.838634 0.760630 0.038378 0.000000 0.000000 0.000000 0.016225 0.999868
1760597660.106127 0.835478 0.052298 0.000000 0.000000 0.000000 0.017341 0.999850
1760597660.309139 0.890771 0.059696 0.000000 0.000000 0.000000 0.017513 0.999847
1760597660.571965 1.016523 0.070411 0.000000 0.000000 0.000000 0.015924 0.999873
1760597660.771967 1.075547 0.075184 0.000000 0.000000 0.000000 0.014817 0.999890
1760597661.005315 1.177137 0.083074 0.000000 0.000000 0.000000 0.012571 0.999921
1760597661.205720 1.209570 0.085703 0.000000 0.000000 0.000000 0.011285 0.999936
1760597661.438628 1.272532 0.089566 0.000000 0.000000 0.000000 0.008477 0.999964
1760597661.638640 1.292745 0.091115 0.000000 0.000000 0.000000 0.007026 0.999975
1760597661.871966 1.342096 0.072368 0.000000 0.000000 0.000000 0.002110 0.999998
1760597662.071968 1.377669 0.065606 0.000000 0.000000 0.000000 0.000033 1.000000
1760597662.305298 1.459307 0.052588 0.000000 0.000000 0.000000 -0.002513 0.999997
1760597662.505300 1.506310 0.042605 0.000000 0.000000 0.000000 -0.004964 0.999988
1760597662.705304 1.547559 0.033846 0.000000 0.000000 0.000000 -0.006780 0.999977
1760597662.938648 1.622246 0.020960 0.000000 0.000000 0.000000 -0.007563 0.999971
1760597663.205299 1.727522 0.009073 0.000000 0.000000 0.000000 -0.007392 0.999973
1760597663.405306 1.779543 0.004663 0.000000 0.000000 0.000000 -0.007079 0.999975
1760597663.638636 1.899787 0.000200 0.000000 0.000000 0.000000 -0.005735 0.999984
1760597663.838642 1.971087 -0.000797 0.000000 0.000000 0.000000 -0.005194 0.999987
1760597664.072129 2.106567 -0.002702 0.000000 0.000000 0.000000 -0.004659 0.999989
1760597664.341795 2.186523 0.000221 0.000000 0.000000 0.000000 -0.004350 0.999991
1760597664.571966 2.244105 -0.001430 0.000000 0.000000 0.000000 -0.004282 0.999991
1760597664.771972 2.375483 -0.003350 0.000000 0.000000 0.000000 -0.004939 0.999988
1760597665.039232 2.516017 -0.003534 0.000000 0.000000 0.000000 -0.005627 0.999984
1760597665.271968 2.583806 -0.004284 0.000000 0.000000 0.000000 -0.006192 0.999981
1760597665.474150 2.716551 0.001307 0.000000 0.000000 0.000000 -0.006237 0.999981
1760597665.705320 2.755459 -0.004938 0.000000 0.000000 0.000000 -0.007010 0.999975
1760597665.905682 2.847850 -0.022948 0.000000 0.000000 0.000000 -0.009295 0.999957
1760597666.171974 2.930773 -0.052727 0.000000 0.000000 0.000000 -0.014388 0.999896
1760597666.438634 3.001367 -0.100083 0.000000 0.000000 0.000000 -0.019759 0.999805
1760597666.638645 3.043043 -0.128467 0.000000 0.000000 0.000000 -0.023925 0.999714
1760597666.872128 3.120053 -0.171425 0.000000 0.000000 0.000000 -0.028631 0.999590
1760597667.105304 3.159746 -0.185265 0.000000 0.000000 0.000000 -0.031088 0.999517
1760597667.339306 3.234707 -0.211098 0.000000 0.000000 0.000000 -0.033384 0.999443
1760597667.571966 3.271786 -0.223742 0.000000 0.000000 0.000000 -0.035949 0.999354
1760597667.806122 3.347522 -0.254411 0.000000 0.000000 0.000000 -0.046802 0.998904
1760597668.038638 3.393288 -0.265522 0.000000 0.000000 0.000000 -0.051737 0.998661
1760597668.272578 3.506936 -0.280471 0.000000 0.000000 0.000000 -0.054952 0.998489
1760597668.505778 3.575444 -0.285317 0.000000 0.000000 0.000000 -0.057685 0.998335
1760597668.771983 3.708956 -0.295903 0.000000 0.000000 0.000000 -0.060208 0.998186
1760597669.005322 3.772243 -0.312524 0.000000 0.000000 0.000000 -0.067773 0.997701
1760597669.238627 3.835006 -0.326102 0.000000 0.000000 0.000000 -0.073518 0.997294
1760597669.471967 3.949042 -0.374028 0.000000 0.000000 0.000000 -0.087058 0.996203
1760597669.705308 4.053578 -0.398620 0.000000 0.000000 0.000000 -0.090216 0.995922
1760597669.938575 4.111027 -0.408567 0.000000 0.000000 0.000000 -0.092962 0.995670
1760597670.140379 4.179747 -0.417985 0.000000 0.000000 0.000000 -0.094928 0.995484
1760597670.371969 4.237907 -0.425965 0.000000 0.000000 0.000000 -0.096276 0.995355
1760597670.571971 4.305167 -0.436642 0.000000 0.000000 0.000000 -0.100911 0.994895
1760597670.838630 4.413807 -0.453455 0.000000 0.000000 0.000000 -0.109654 0.993970
1760597671.038723 4.464256 -0.461041 0.000000 0.000000 0.000000 -0.115836 0.993268
1760597671.271971 4.523902 -0.471677 0.000000 0.000000 0.000000 -0.126804 0.991928
1760597671.505316 4.592874 -0.483647 0.000000 0.000000 0.000000 -0.141147 0.989989
1760597671.738633 4.650702 -0.493678 0.000000 0.000000 0.000000 -0.151330 0.988483
1760597671.938634 4.717254 -0.503997 0.000000 0.000000 0.000000 -0.162151 0.986766
1760597672.171972 4.788561 -0.516449 0.000000 0.000000 0.000000 -0.171157 0.985244
1760597672.375191 4.866168 -0.528918 0.000000 0.000000 0.000000 -0.185279 0.982686
1760597672.605319 4.927384 -0.554134 0.000000 0.000000 0.000000 -0.205462 0.978665
1760597672.838646 4.994523 -0.580456 0.000000 0.000000 0.000000 -0.220796 0.975320
1760597673.071967 5.068406 -0.604556 0.000000 0.000000 0.000000 -0.240438 0.970664
1760597673.271971 5.147722 -0.624405 0.000000 0.000000 0.000000 -0.258200 0.966091
1760597673.473139 5.210598 -0.640139 0.000000 0.000000 0.000000 -0.269800 0.962916
1760597673.707124 5.259470 -0.665790 0.000000 0.000000 0.000000 -0.288078 0.957607
1760597673.940125 5.318314 -0.689844 0.000000 0.000000 0.000000 -0.306084 0.952005
1760597674.173203 5.385095 -0.713625 0.000000 0.000000 0.000000 -0.326950 0.945042
1760597674.405298 5.439440 -0.732971 0.000000 0.000000 0.000000 -0.340113 0.940384
1760597674.638637 5.502132 -0.753553 0.000000 0.000000 0.000000 -0.357125 0.934057
1760597674.838646 5.502527 -0.753777 0.000000 0.000000 0.000000 -0.370383 0.928879
1760597675.038692 5.581039 -0.776575 0.000000 0.000000 0.000000 -0.372371 0.928084
1760597675.271968 5.653240 -0.779075 0.000000 0.000000 0.000000 -0.385148 0.922855
1760597675.471970 5.727425 -0.790037 0.000000 0.000000 0.000000 -0.400152 0.916449
1760597675.671971 5.802283 -0.806711 0.000000 0.000000 0.000000 -0.418423 0.908252
1760597675.905303 5.878208 -0.827958 0.000000 0.000000 0.000000 -0.433975 0.900925
1760597676.138635 5.957060 -0.854176 0.000000 0.000000 0.000000 -0.452328 0.891851
1760597676.340147 6.039701 -0.870892 0.000000 0.000000 0.000000 -0.470559 0.882368
1760597676.605300 6.123071 -0.890595 0.000000 0.000000 0.000000 -0.490819 0.871261
1760597676.838624 6.208680 -0.918307 0.000000 0.000000 0.000000 -0.509825 0.860278
1760597677.038636 6.209187 -0.918557 0.000000 0.000000 0.000000 -0.523740 0.851878
1760597677.238705 6.305386 -0.954700 0.000000 0.000000 0.000000 -0.530799 0.847498
1760597677.471969 6.390446 -0.996292 0.000000 0.000000 0.000000 -0.546025 0.837769
1760597677.671973 6.469641 -1.043843 0.000000 0.000000 0.000000 -0.553958 0.832544
1760597677.905293 6.547847 -1.088597 0.000000 0.000000 0.000000 -0.568534 0.822660
1760597678.105307 6.620337 -1.141400 0.000000 0.000000 0.000000 -0.583001 0.812471
1760597678.374127 6.688293 -1.198655 0.000000 0.000000 0.000000 -0.601814 0.798636
1760597678.605312 6.751725 -1.264855 0.000000 0.000000 0.000000 -0.615226 0.788350
1760597678.873131 6.810119 -1.335820 0.000000 0.000000 0.000000 -0.627255 0.778814
1760597679.138634 6.858059 -1.394075 0.000000 0.000000 0.000000 -0.632972 0.774175
1760597679.371964 6.901844 -1.460769 0.000000 0.000000 0.000000 -0.634807 0.772671
1760597679.572518 6.902156 -1.461237 0.000000 0.000000 0.000000 -0.643576 0.765383
1760597679.811139 6.946280 -1.541709 0.000000 0.000000 0.000000 -0.639147 0.769085
1760597680.038651 6.985635 -1.621995 0.000000 0.000000 0.000000 -0.637308 0.770609
1760597680.271973 7.021052 -1.702632 0.000000 0.000000 0.000000 -0.635838 0.771822
1760597680.471974 7.053553 -1.784841 0.000000 0.000000 0.000000 -0.634980 0.772529
1760597680.705302 7.086121 -1.866103 0.000000 0.000000 0.000000 -0.634211 0.773160
1760597680.938632 7.112293 -1.931413 0.000000 0.000000 0.000000 -0.632871 0.774257
1760597681.138640 7.136448 -2.003120 0.000000 0.000000 0.000000 -0.631304 0.775535
1760597681.338644 7.136620 -2.003553 0.000000 0.000000 0.000000 -0.633271 0.773930
1760597681.539129 7.162325 -2.088357 0.000000 0.000000 0.000000 -0.630065 0.776543
1760597681.771973 7.180891 -2.155166 0.000000 0.000000 0.000000 -0.628523 0.777791
1760597682.005303 7.197748 -2.227330 0.000000 0.000000 0.000000 -0.627487 0.778627
1760597682.205304 7.215286 -2.303739 0.000000 0.000000 0.000000 -0.626846 0.779143
1760597682.438634 7.231817 -2.382332 0.000000 0.000000 0.000000 -0.627111 0.778930
1760597682.671962 7.250428 -2.464589 0.000000 0.000000 0.000000 -0.627332 0.778752
1760597682.871965 7.250550 -2.465086 0.000000 0.000000 0.000000 -0.627709 0.778448
1760597683.071974 7.267443 -2.539790 0.000000 0.000000 0.000000 -0.627477 0.778635
1760597683.305299 7.284346 -2.615154 0.000000 0.000000 0.000000 -0.627626 0.778515
1760597683.505300 7.301308 -2.693557 0.000000 0.000000 0.000000 -0.628538 0.777779
1760597683.705302 7.318488 -2.773038 0.000000 0.000000 0.000000 -0.629486 0.777011
1760597683.938637 7.331699 -2.854607 0.000000 0.000000 0.000000 -0.630336 0.776322
1760597684.205299 7.346673 -2.939908 0.000000 0.000000 0.000000 -0.631376 0.775477
1760597684.438624 7.362067 -3.030162 0.000000 0.000000 0.000000 -0.631995 0.774972
1760597684.638628 7.362163 -3.030704 0.000000 0.000000 0.000000 -0.632526 0.774539
1760597684.840152 7.380271 -3.133313 0.000000 0.000000 0.000000 -0.632756 0.774351
1760597685.071969 7.396946 -3.228954 0.000000 0.000000 0.000000 -0.633009 0.774145
1760597685.305304 7.417509 -3.321645 0.000000 0.000000 0.000000 -0.632535 0.774532
1760597685.538633 7.437023 -3.414166 0.000000 0.000000 0.000000 -0.632446 0.774604
1760597685.738644 7.468138 -3.478619 0.000000 0.000000 0.000000 -0.629434 0.777054
1760597685.971967 7.496342 -3.547762 0.000000 0.000000 0.000000 -0.627238 0.778828
1760597686.171988 7.523876 -3.622476 0.000000 0.000000 0.000000 -0.625690 0.780072
1760597686.438627 7.545687 -3.681667 0.000000 0.000000 0.000000 -0.624394 0.781110
1760597686.671963 7.568674 -3.750085 0.000000 0.000000 0.000000 -0.623698 0.781666
1760597686.871969 7.568841 -3.750553 0.000000 0.000000 0.000000 -0.623044 0.782187
1760597687.071974 7.594630 -3.833642 0.000000 0.000000 0.000000 -0.623350 0.781943
1760597687.305305 7.617376 -3.915133 0.000000 0.000000 0.000000 -0.623601 0.781743
1760597687.505319 7.651978 -3.976667 0.000000 0.000000 0.000000 -0.621791 0.783183
1760597687.738597 7.693261 -4.029697 0.000000 0.000000 0.000000 -0.616144 0.787633
1760597687.971967 7.731776 -4.091044 0.000000 0.000000 0.000000 -0.611038 0.791601
1760597688.205296 7.768359 -4.159047 0.000000 0.000000 0.000000 -0.606981 0.794716
1760597688.405307 7.768597 -4.159453 0.000000 0.000000 0.000000 -0.604959 0.796256
1760597688.638635 7.794230 -4.240509 0.000000 0.000000 0.000000 -0.602355 0.798228
1760597688.838639 7.816945 -4.322115 0.000000 0.000000 0.000000 -0.600817 0.799387
1760597689.074128 7.840951 -4.402290 0.000000 0.000000 0.000000 -0.598700 0.800973
1760597689.306905 7.866267 -4.484578 0.000000 0.000000 0.000000 -0.596856 0.802349
1760597689.508129 7.881343 -4.568623 0.000000 0.000000 0.000000 -0.596239 0.802807
1760597689.740132 7.899008 -4.652671 0.000000 0.000000 0.000000 -0.595360 0.803459
1760597689.971973 7.918123 -4.739461 0.000000 0.000000 0.000000 -0.594727 0.803928
1760597690.241157 7.946729 -4.817262 0.000000 0.000000 0.000000 -0.590715 0.806880
1760597690.471960 7.970392 -4.881599 0.000000 0.000000 0.000000 -0.588318 0.808630
1760597690.671970 7.970559 -4.882092 0.000000 0.000000 0.000000 -0.586549 0.809913
1760597690.905302 7.997291 -4.960829 0.000000 0.000000 0.000000 -0.586426 0.810003
1760597691.105303 8.022183 -5.040233 0.000000 0.000000 0.000000 -0.586732 0.809781
1760597691.305310 8.048267 -5.118314 0.000000 0.000000 0.000000 -0.586956 0.809619
1760597691.538709 8.069962 -5.198000 0.000000 0.000000 0.000000 -0.587483 0.809236
1760597691.772205 8.094072 -5.280438 0.000000 0.000000 0.000000 -0.588355 0.808602
1760597692.005997 8.119424 -5.365361 0.000000 0.000000 0.000000 -0.589206 0.807983
1760597692.238639 8.143799 -5.452786 0.000000 0.000000 0.000000 -0.590271 0.807205
1760597692.471966 8.166769 -5.542313 0.000000 0.000000 0.000000 -0.591480 0.806319
1760597692.671994 8.166925 -5.542881 0.000000 0.000000 0.000000 -0.591483 0.806318
1760597692.905321 8.192503 -5.645326 0.000000 0.000000 0.000000 -0.592067 0.805889
1760597693.138639 8.218780 -5.742165 0.000000 0.000000 0.000000 -0.592067 0.805889
1760597693.371977 8.243512 -5.836448 0.000000 0.000000 0.000000 -0.592009 0.805931
1760597693.574133 8.267752 -5.929506 0.000000 0.000000 0.000000 -0.592072 0.805885
1760597693.841139 8.291787 -6.020361 0.000000 0.000000 0.000000 -0.592094 0.805869
1760597694.105307 8.318542 -6.113703 0.000000 0.000000 0.000000 -0.592562 0.805525
1760597694.307142 8.318718 -6.114352 0.000000 0.000000 0.000000 -0.592661 0.805452
1760597694.538637 8.349104 -6.220566 0.000000 0.000000 0.000000 -0.592765 0.805376
1760597694.771978 8.379924 -6.318590 0.000000 0.000000 0.000000 -0.593221 0.805039
1760597694.971982 8.409340 -6.412724 0.000000 0.000000 0.000000 -0.593626 0.804741
1760597695.205300 8.438202 -6.502939 0.000000 0.000000 0.000000 -0.594222 0.804301
1760597695.438631 8.478879 -6.579246 0.000000 0.000000 0.000000 -0.592257 0.805749
1760597695.672004 8.516603 -6.659099 0.000000 0.000000 0.000000 -0.590975 0.806690
1760597695.941126 8.554439 -6.741205 0.000000 0.000000 0.000000 -0.590134 0.807305
1760597696.171975 8.594321 -6.826526 0.000000 0.000000 0.000000 -0.589350 0.807878
1760597696.441127 8.631889 -6.912983 0.000000 0.000000 0.000000 -0.588970 0.808155
1760597696.671979 8.668258 -7.002706 0.000000 0.000000 0.000000 -0.589274 0.807933
1760597696.938631 8.703285 -7.092324 0.000000 0.000000 0.000000 -0.589426 0.807823
1760597697.175136 8.739789 -7.183555 0.000000 0.000000 0.000000 -0.589947 0.807442
1760597697.405293 8.775827 -7.274284 0.000000 0.000000 0.000000 -0.590343 0.807153
1760597697.605296 8.776075 -7.274898 0.000000 0.000000 0.000000 -0.590319 0.807170
1760597697.805303 8.814881 -7.376470 0.000000 0.000000 0.000000 -0.591303 0.806450
1760597698.038633 8.853126 -7.469077 0.000000 0.000000 0.000000 -0.591333 0.806428
1760597698.238635 8.890645 -7.559287 0.000000 0.000000 0.000000 -0.591321 0.806436
1760597698.471969 8.924443 -7.647543 0.000000 0.000000 0.000000 -0.591649 0.806196
1760597698.672136 8.956878 -7.737056 0.000000 0.000000 0.000000 -0.592127 0.805845
1760597698.905293 8.988004 -7.825667 0.000000 0.000000 0.000000 -0.592442 0.805613
1760597699.105295 8.988219 -7.826243 0.000000 0.000000 0.000000 -0.592620 0.805482
1760597699.305304 9.023295 -7.928171 0.000000 0.000000 0.000000 -0.592716 0.805412
1760597699.538636 9.055233 -8.023419 0.000000 0.000000 0.000000 -0.592574 0.805516
1760597699.738638 9.088257 -8.115985 0.000000 0.000000 0.000000 -0.591998 0.805939
1760597699.938638 9.121168 -8.205430 0.000000 0.000000 0.000000 -0.591371 0.806399
1760597700.174122 9.152309 -8.294192 0.000000 0.000000 0.000000 -0.589928 0.807456
1760597700.405293 9.180780 -8.385667 0.000000 0.000000 0.000000 -0.588637 0.808397
1760597700.605295 9.180979 -8.386236 0.000000 0.000000 0.000000 -0.588259 0.808673
1760597700.811133 9.190183 -8.483551 0.000000 0.000000 0.000000 -0.594047 0.804430
1760597701.038637 9.202124 -8.575894 0.000000 0.000000 0.000000 -0.596694 0.802469
1760597701.271966 9.221370 -8.657642 0.000000 0.000000 0.000000 -0.596181 0.802850
1760597701.471973 9.221935 -8.708665 0.000000 0.000000 0.000000 -0.595725 0.803188
1760597701.671986 9.212644 -8.765017 0.000000 0.000000 0.000000 -0.602267 0.798295
1760597701.939139 9.209893 -8.828029 0.000000 0.000000 0.000000 -0.607570 0.794266
1760597702.171963 9.212732 -8.899603 0.000000 0.000000 0.000000 -0.611199 0.791477
1760597702.371992 9.212734 -8.900044 0.000000 0.000000 0.000000 -0.613119 0.789991
1760597702.605301 9.222311 -8.985502 0.000000 0.000000 0.000000 -0.614895 0.788609
1760597702.838633 9.233348 -9.070178 0.000000 0.000000 0.000000 -0.615915 0.787813
1760597703.038647 9.249385 -9.154057 0.000000 0.000000 0.000000 -0.616232 0.787564
1760597703.275129 9.267074 -9.237104 0.000000 0.000000 0.000000 -0.616454 0.787391
1760597703.505314 9.287660 -9.322176 0.000000 0.000000 0.000000 -0.616252 0.787549
1760597703.771962 9.307802 -9.409322 0.000000 0.000000 0.000000 -0.616371 0.787456
1760597703.971976 9.307916 -9.409911 0.000000 0.000000 0.000000 -0.617289 0.786737
1760597704.173222 9.339488 -9.507827 0.000000 0.000000 0.000000 -0.615611 0.788050
1760597704.405302 9.365712 -9.599866 0.000000 0.000000 0.000000 -0.615128 0.788427
1760597704.638634 9.394761 -9.688917 0.000000 0.000000 0.000000 -0.614145 0.789193
1760597704.838635 9.426365 -9.776491 0.000000 0.000000 0.000000 -0.612689 0.790324
1760597705.039146 9.457092 -9.862605 0.000000 0.000000 0.000000 -0.611763 0.791041
1760597705.271969 9.472435 -9.943801 0.000000 0.000000 0.000000 -0.613580 0.789632
1760597705.538635 9.501591 -10.017861 0.000000 0.000000 0.000000 -0.610920 0.791692
1760597705.771961 9.532481 -10.097876 0.000000 0.000000 0.000000 -0.608540 0.793523
1760597706.005293 9.547503 -10.171667 0.000000 0.000000 0.000000 -0.608757 0.793357
1760597706.205296 9.547664 -10.172192 0.000000 0.000000 0.000000 -0.608354 0.793666
1760597706.405300 9.575501 -10.254276 0.000000 0.000000 0.000000 -0.607266 0.794498
1760597706.638634 9.597606 -10.335259 0.000000 0.000000 0.000000 -0.607122 0.794608
1760597706.838640 9.618173 -10.417974 0.000000 0.000000 0.000000 -0.607201 0.794548
1760597707.039149 9.651041 -10.484670 0.000000 0.000000 0.000000 -0.603849 0.797098
1760597707.305296 9.686096 -10.550379 0.000000 0.000000 0.000000 -0.600107 0.799920
1760597707.572125 9.713156 -10.624070 0.000000 0.000000 0.000000 -0.597739 0.801691
1760597707.805304 9.753490 -10.683644 0.000000 0.000000 0.000000 -0.588947 0.808172
1760597708.071967 9.803917 -10.731069 0.000000 0.000000 0.000000 -0.574081 0.818798
1760597708.305297 9.849838 -10.788892 0.000000 0.000000 0.000000 -0.564209 0.825632
1760597708.505299 9.850149 -10.789269 0.000000 0.000000 0.000000 -0.559646 0.828732
1760597708.705301 9.893873 -10.862294 0.000000 0.000000 0.000000 -0.556650 0.830747
1760597708.906521 9.943336 -10.917050 0.000000 0.000000 0.000000 -0.547108 0.837062
1760597709.141191 9.986525 -10.977446 0.000000 0.000000 0.000000 -0.540521 0.841330
1760597709.371968 10.035672 -11.037875 0.000000 0.000000 0.000000 -0.533789 0.845618
1760597709.605302 10.083357 -11.103574 0.000000 0.000000 0.000000 -0.529642 0.848221
1760597709.839128 10.128855 -11.174296 0.000000 0.000000 0.000000 -0.527410 0.849611
1760597710.071973 10.174496 -11.248334 0.000000 0.000000 0.000000 -0.526149 0.850392
1760597710.338628 10.227917 -11.316672 0.000000 0.000000 0.000000 -0.522929 0.852377
1760597710.538632 10.228294 -11.317152 0.000000 0.000000 0.000000 -0.519167 0.854673
1760597710.738634 10.285534 -11.400716 0.000000 0.000000 0.000000 -0.521444 0.853286
1760597710.938637 10.337629 -11.479711 0.000000 0.000000 0.000000 -0.521800 0.853068
1760597711.171966 10.383138 -11.558318 0.000000 0.000000 0.000000 -0.521287 0.853381
1760597711.374124 10.427949 -11.638245 0.000000 0.000000 0.000000 -0.520081 0.854117
1760597711.605318 10.480402 -11.707277 0.000000 0.000000 0.000000 -0.513154 0.858297
1760597711.871965 10.531076 -11.780600 0.000000 0.000000 0.000000 -0.505780 0.862663
1760597712.071985 10.531442 -11.781097 0.000000 0.000000 0.000000 -0.502569 0.864537
1760597712.307018 10.588051 -11.869007 0.000000 0.000000 0.000000 -0.495748 0.868467
1760597712.538638 10.636996 -11.953421 0.000000 0.000000 0.000000 -0.488681 0.872463
1760597712.738642 10.680548 -12.037295 0.000000 0.000000 0.000000 -0.482270 0.876023
1760597712.971965 10.724017 -12.118104 0.000000 0.000000 0.000000 -0.472747 0.881198
1760597713.171970 10.763746 -12.201460 0.000000 0.000000 0.000000 -0.464102 0.885782
1760597713.405297 10.803722 -12.283747 0.000000 0.000000 0.000000 -0.452325 0.891853
1760597713.671971 10.845280 -12.367527 0.000000 0.000000 0.000000 -0.438504 0.898729
1760597713.941127 10.878247 -12.456390 0.000000 0.000000 0.000000 -0.427165 0.904174
1760597714.171959 10.913033 -12.547398 0.000000 0.000000 0.000000 -0.412965 0.910747
1760597714.371967 10.913341 -12.547939 0.000000 0.000000 0.000000 -0.404838 0.914388
1760597714.571967 10.938393 -12.648281 0.000000 0.000000 0.000000 -0.399618 0.916682
1760597714.771971 10.967344 -12.739432 0.000000 0.000000 0.000000 -0.388118 0.921610
1760597715.005304 10.990328 -12.827904 0.000000 0.000000 0.000000 -0.376222 0.926530
1760597715.208140 10.995746 -12.882961 0.000000 0.000000 0.000000 -0.361082 0.932534
1760597715.442124 11.010970 -12.941863 0.000000 0.000000 0.000000 -0.343039 0.939321
1760597715.671962 11.030226 -13.007618 0.000000 0.000000 0.000000 -0.326427 0.945222
1760597715.871962 11.030410 -13.008028 0.000000 0.000000 0.000000 -0.315207 0.949023
1760597716.071980 11.063097 -13.083268 0.000000 0.000000 0.000000 -0.303367 0.952874
1760597716.305304 11.100277 -13.154829 0.000000 0.000000 0.000000 -0.287110 0.957898
1760597716.538636 11.142436 -13.225789 0.000000 0.000000 0.000000 -0.270657 0.962676
1760597716.738636 11.177952 -13.301235 0.000000 0.000000 0.000000 -0.267291 0.963616
1760597716.971968 11.208470 -13.378883 0.000000 0.000000 0.000000 -0.262791 0.964853
1760597717.205272 11.233674 -13.460472 0.000000 0.000000 0.000000 -0.258605 0.965983
1760597717.405296 11.264511 -13.542394 0.000000 0.000000 0.000000 -0.256187 0.966627
1760597717.638634 11.304796 -13.617352 0.000000 0.000000 0.000000 -0.248743 0.968570
1760597717.871969 11.352121 -13.691204 0.000000 0.000000 0.000000 -0.241375 0.970432
1760597718.072141 11.403890 -13.765102 0.000000 0.000000 0.000000 -0.235752 0.971813
1760597718.305306 11.459362 -13.835880 0.000000 0.000000 0.000000 -0.228820 0.973469
1760597718.505323 11.521688 -13.902543 0.000000 0.000000 0.000000 -0.223233 0.974765
1760597718.739528 11.624382 -14.032511 0.000000 0.000000 0.000000 -0.221545 0.975150
1760597719.005298 11.724660 -14.151420 0.000000 0.000000 0.000000 -0.220601 0.975364
1760597719.205307 11.778279 -14.216312 0.000000 0.000000 0.000000 -0.221261 0.975215
1760597719.438631 11.875238 -14.348746 0.000000 0.000000 0.000000 -0.229532 0.973301
1760597719.638644 11.970513 -14.479723 0.000000 0.000000 0.000000 -0.240023 0.970767
1760597719.871966 12.083363 -14.647083 0.000000 0.000000 0.000000 -0.256392 0.966573
1760597720.105301 12.151407 -14.741305 0.000000 0.000000 0.000000 -0.266668 0.963789
1760597720.338642 12.219906 -14.858842 0.000000 0.000000 0.000000 -0.281102 0.959678
1760597720.606345 12.343791 -15.030971 0.000000 0.000000 0.000000 -0.299706 0.954032
1760597720.838635 12.429711 -15.162047 0.000000 0.000000 0.000000 -0.316661 0.948539
1760597721.071983 12.535014 -15.291673 0.000000 0.000000 0.000000 -0.331174 0.943570
1760597721.274146 12.657895 -15.416743 0.000000 0.000000 0.000000 -0.341270 0.939965
1760597721.505282 12.789935 -15.534627 0.000000 0.000000 0.000000 -0.351881 0.936045
1760597721.740248 12.929884 -15.655590 0.000000 0.000000 0.000000 -0.363131 0.931738
1760597721.972863 13.080511 -15.769849 0.000000 0.000000 0.000000 -0.373602 0.927589
1760597722.238635 13.238666 -15.878320 0.000000 0.000000 0.000000 -0.386702 0.922205
1760597722.473126 13.378045 -15.979835 0.000000 0.000000 0.000000 -0.397025 0.917808
1760597722.705382 13.483521 -16.074220 0.000000 0.000000 0.000000 -0.409431 0.912341
1760597722.971937 13.602122 -16.225405 0.000000 0.000000 0.000000 -0.438890 0.898541
1760597723.205302 13.695330 -16.350853 0.000000 0.000000 0.000000 -0.457526 0.889196
1760597723.406139 13.736724 -16.400495 0.000000 0.000000 0.000000 -0.470167 0.882578
1760597723.639385 13.832492 -16.510005 0.000000 0.000000 0.000000 -0.486814 0.873506
1760597723.871963 13.893808 -16.564696 0.000000 0.000000 0.000000 -0.502851 0.864373
1760597724.072126 14.016308 -16.704719 0.000000 0.000000 0.000000 -0.521163 0.853457
1760597724.305308 14.041185 -16.755502 0.000000 0.000000 0.000000 -0.540807 0.841147
1760597724.538635 14.072850 -16.818005 0.000000 0.000000 0.000000 -0.558008 0.829835
1760597724.738636 14.117611 -16.874420 0.000000 0.000000 0.000000 -0.571465 0.820627
1760597724.971971 14.164750 -16.936957 0.000000 0.000000 0.000000 -0.587561 0.809180
1760597725.205304 14.208687 -17.007158 0.000000 0.000000 0.000000 -0.603795 0.797140
1760597725.438630 14.252962 -17.083151 0.000000 0.000000 0.000000 -0.619133 0.785286
1760597725.638640 14.297745 -17.163016 0.000000 0.000000 0.000000 -0.630819 0.775930
1760597725.838645 14.339970 -17.244507 0.000000 0.000000 0.000000 -0.642214 0.766526
1760597726.071970 14.379621 -17.327923 0.000000 0.000000 0.000000 -0.654827 0.755779
1760597726.305300 14.417295 -17.415340 0.000000 0.000000 0.000000 -0.665126 0.746731
1760597726.538636 14.466926 -17.487246 0.000000 0.000000 0.000000 -0.663034 0.748589
1760597726.740039 14.513655 -17.563982 0.000000 0.000000 0.000000 -0.660512 0.750815
1760597726.971965 14.554933 -17.643387 0.000000 0.000000 0.000000 -0.661070 0.750324
1760597727.208155 14.591812 -17.727234 0.000000 0.000000 0.000000 -0.662052 0.749458
1760597727.438628 14.627497 -17.814147 0.000000 0.000000 0.000000 -0.662791 0.748805
1760597727.638631 14.627742 -17.814739 0.000000 0.000000 0.000000 -0.667668 0.744459
1760597727.838634 14.650951 -17.907473 0.000000 0.000000 0.000000 -0.666908 0.745140
1760597728.071968 14.670677 -17.996579 0.000000 0.000000 0.000000 -0.667681 0.744447
1760597728.305300 14.687595 -18.086105 0.000000 0.000000 0.000000 -0.668184 0.743996
1760597728.538631 14.702938 -18.176394 0.000000 0.000000 0.000000 -0.668389 0.743812
1760597728.738635 14.717910 -18.267500 0.000000 0.000000 0.000000 -0.668011 0.744151
1760597728.971972 14.732162 -18.357735 0.000000 0.000000 0.000000 -0.668250 0.743936
1760597729.205301 14.746683 -18.450007 0.000000 0.000000 0.000000 -0.668395 0.743807
1760597729.408138 14.759678 -18.543940 0.000000 0.000000 0.000000 -0.668378 0.743822
1760597729.638627 14.772400 -18.637171 0.000000 0.000000 0.000000 -0.668610 0.743614
1760597729.838634 14.772492 -18.637797 0.000000 0.000000 0.000000 -0.669839 0.742506
1760597730.071980 14.788270 -18.744669 0.000000 0.000000 0.000000 -0.669486 0.742825
1760597730.272511 14.804177 -18.846123 0.000000 0.000000 0.000000 -0.669915 0.742438
1760597730.505507 14.819087 -18.942623 0.000000 0.000000 0.000000 -0.671159 0.741314
1760597730.738633 14.835401 -19.038421 0.000000 0.000000 0.000000 -0.672730 0.739888
1760597730.938643 14.852274 -19.134023 0.000000 0.000000 0.000000 -0.673999 0.738732
1760597731.171969 14.866168 -19.228046 0.000000 0.000000 0.000000 -0.675525 0.737337
1760597731.405299 14.882562 -19.323025 0.000000 0.000000 0.000000 -0.676471 0.736469
1760597731.638631 14.896083 -19.419314 0.000000 0.000000 0.000000 -0.677208 0.735792
1760597731.871968 14.908542 -19.516470 0.000000 0.000000 0.000000 -0.678003 0.735059
1760597732.105298 14.902541 -19.586497 0.000000 0.000000 0.000000 -0.678117 0.734954
1760597732.305304 14.902584 -19.587093 0.000000 0.000000 0.000000 -0.678911 0.734221
1760597732.538635 14.900104 -19.672157 0.000000 0.000000 0.000000 -0.678562 0.734543
1760597732.738645 14.899503 -19.757197 0.000000 0.000000 0.000000 -0.678303 0.734782
1760597732.971970 14.899661 -19.841238 0.000000 0.000000 0.000000 -0.678626 0.734484
1760597733.205299 14.901418 -19.927419 0.000000 0.000000 0.000000 -0.679233 0.733923
1760597733.405308 14.903273 -20.015669 0.000000 0.000000 0.000000 -0.679791 0.733405
1760597733.638634 14.907645 -20.103604 0.000000 0.000000 0.000000 -0.680290 0.732943
1760597733.840136 14.908675 -20.194052 0.000000 0.000000 0.000000 -0.680756 0.732511
1760597734.071964 14.896786 -20.279603 0.000000 0.000000 0.000000 -0.682219 0.731148
1760597734.339134 14.887298 -20.368715 0.000000 0.000000 0.000000 -0.683388 0.730055
1760597734.571960 14.878172 -20.462509 0.000000 0.000000 0.000000 -0.683550 0.729904
1760597734.771960 14.878124 -20.463115 0.000000 0.000000 0.000000 -0.684119 0.729371
1760597734.971969 14.870582 -20.569105 0.000000 0.000000 0.000000 -0.683567 0.729887
1760597735.205302 14.866346 -20.667666 0.000000 0.000000 0.000000 -0.683240 0.730194
1760597735.405308 14.858976 -20.763608 0.000000 0.000000 0.000000 -0.684020 0.729463
1760597735.638633 14.870270 -20.827748 0.000000 0.000000 0.000000 -0.681377 0.731933
1760597735.871967 14.877826 -20.898596 0.000000 0.000000 0.000000 -0.679489 0.733685
1760597736.073149 14.888090 -20.974536 0.000000 0.000000 0.000000 -0.677588 0.735441
1760597736.305301 14.895384 -21.053304 0.000000 0.000000 0.000000 -0.676226 0.736694
1760597736.505307 14.895430 -21.053821 0.000000 0.000000 0.000000 -0.675624 0.737246
1760597736.738633 14.903122 -21.147631 0.000000 0.000000 0.000000 -0.675151 0.737679
1760597736.938634 14.914382 -21.198511 0.000000 0.000000 0.000000 -0.674980 0.737836
1760597737.138634 14.917990 -21.256251 0.000000 0.000000 0.000000 -0.676523 0.736421
1760597737.338636 14.923466 -21.320195 0.000000 0.000000 0.000000 -0.677595 0.735436
1760597737.571966 14.927875 -21.389681 0.000000 0.000000 0.000000 -0.678340 0.734748
1760597737.805311 14.933022 -21.465547 0.000000 0.000000 0.000000 -0.678625 0.734485
1760597738.005485 14.933056 -21.465989 0.000000 0.000000 0.000000 -0.678700 0.734416
1760597738.238634 14.948167 -21.516493 0.000000 0.000000 0.000000 -0.677942 0.735115
1760597738.471967 14.962772 -21.575481 0.000000 0.000000 0.000000 -0.677197 0.735802
1760597738.671969 14.975386 -21.641250 0.000000 0.000000 0.000000 -0.676228 0.736692
1760597738.871976 14.996158 -21.707814 0.000000 0.000000 0.000000 -0.674203 0.738547
1760597739.105302 15.012975 -21.779094 0.000000 0.000000 0.000000 -0.672826 0.739801
1760597739.338638 15.044822 -21.840514 0.000000 0.000000 0.000000 -0.669779 0.742561
1760597739.605603 15.071257 -21.909607 0.000000 0.000000 0.000000 -0.668020 0.744144
1760597739.838625 15.091800 -21.986446 0.000000 0.000000 0.000000 -0.667304 0.744785
1760597740.038631 15.091952 -21.986903 0.000000 0.000000 0.000000 -0.666380 0.745612
1760597740.238635 15.094555 -22.071168 0.000000 0.000000 0.000000 -0.669450 0.742857
1760597740.471967 15.108150 -22.149932 0.000000 0.000000 0.000000 -0.670005 0.742356
1760597740.705300 15.119674 -22.231154 0.000000 0.000000 0.000000 -0.670497 0.741912
1760597740.905306 15.131158 -22.314715 0.000000 0.000000 0.000000 -0.671028 0.741432
1760597741.105342 15.123049 -22.387734 0.000000 0.000000 0.000000 -0.674463 0.738308
1760597741.372229 15.117635 -22.464383 0.000000 0.000000 0.000000 -0.677329 0.735680
1760597741.605300 15.114258 -22.547941 0.000000 0.000000 0.000000 -0.679494 0.733681
1760597741.805341 15.114250 -22.548455 0.000000 0.000000 0.000000 -0.680377 0.732862
1760597742.038764 15.112016 -22.645794 0.000000 0.000000 0.000000 -0.681166 0.732129
1760597742.271970 15.110037 -22.739846 0.000000 0.000000 0.000000 -0.681327 0.731979
1760597742.505307 15.110675 -22.832296 0.000000 0.000000 0.000000 -0.680652 0.732607
1760597742.738635 15.112219 -22.924524 0.000000 0.000000 0.000000 -0.679345 0.733819
1760597742.938640 15.112417 -23.017094 0.000000 0.000000 0.000000 -0.677925 0.735131
1760597743.171967 15.112427 -23.108422 0.000000 0.000000 0.000000 -0.676820 0.736149
1760597743.405310 15.116199 -23.201202 0.000000 0.000000 0.000000 -0.675492 0.737367
1760597743.638632 15.120247 -23.295516 0.000000 0.000000 0.000000 -0.674388 0.738377
1760597743.871964 15.124345 -23.391022 0.000000 0.000000 0.000000 -0.673758 0.738952
1760597744.071970 15.124370 -23.391652 0.000000 0.000000 0.000000 -0.673366 0.739309
1760597744.271971 15.129807 -23.499988 0.000000 0.000000 0.000000 -0.673447 0.739236
1760597744.505304 15.134019 -23.600539 0.000000 0.000000 0.000000 -0.673702 0.739003
1760597744.705323 15.139015 -23.698754 0.000000 0.000000 0.000000 -0.673697 0.739008
1760597744.938635 15.144880 -23.793870 0.000000 0.000000 0.000000 -0.673717 0.738990
1760597745.171966 15.150123 -23.889796 0.000000 0.000000 0.000000 -0.673773 0.738939
1760597745.405296 15.155782 -23.986400 0.000000 0.000000 0.000000 -0.673702 0.739003
1760597745.638634 15.165509 -24.082898 0.000000 0.000000 0.000000 -0.673389 0.739289
1760597745.871976 15.175300 -24.179938 0.000000 0.000000 0.000000 -0.672640 0.739970
1760597746.140124 15.184924 -24.277538 0.000000 0.000000 0.000000 -0.672097 0.740463
1760597746.371965 15.190999 -24.377615 0.000000 0.000000 0.000000 -0.672343 0.740240
1760597746.571971 15.191051 -24.378274 0.000000 0.000000 0.000000 -0.672155 0.740410
1760597746.771975 15.197709 -24.489410 0.000000 0.000000 0.000000 -0.673270 0.739396
1760597747.005298 15.208113 -24.590723 0.000000 0.000000 0.000000 -0.673594 0.739101
1760597747.205300 15.220160 -24.688905 0.000000 0.000000 0.000000 -0.673975 0.738754
1760597747.405300 15.231366 -24.783757 0.000000 0.000000 0.000000 -0.674343 0.738418
1760597747.642133 15.242514 -24.877156 0.000000 0.000000 0.000000 -0.674628 0.738158
1760597747.871993 15.259681 -24.959702 0.000000 0.000000 0.000000 -0.671832 0.740703
1760597748.138631 15.273567 -25.026480 0.000000 0.000000 0.000000 -0.669583 0.742737
1760597748.338633 15.273667 -25.027074 0.000000 0.000000 0.000000 -0.669068 0.743201
1760597748.541212 15.286425 -25.110903 0.000000 0.000000 0.000000 -0.667829 0.744315
1760597748.771967 15.301235 -25.192416 0.000000 0.000000 0.000000 -0.667015 0.745044
1760597748.975145 15.313088 -25.275425 0.000000 0.000000 0.000000 -0.666934 0.745117
1760597749.205301 15.307637 -25.350641 0.000000 0.000000 0.000000 -0.667474 0.744633
1760597749.438633 15.304752 -25.430194 0.000000 0.000000 0.000000 -0.668119 0.744055
1760597749.673126 15.305993 -25.512516 0.000000 0.000000 0.000000 -0.668626 0.743599
1760597749.938631 15.306750 -25.598312 0.000000 0.000000 0.000000 -0.669137 0.743139
1760597750.171966 15.310220 -25.688428 0.000000 0.000000 0.000000 -0.669843 0.742503
1760597750.438635 15.314327 -25.779825 0.000000 0.000000 0.000000 -0.670326 0.742067
1760597750.671986 15.318057 -25.874336 0.000000 0.000000 0.000000 -0.670890 0.741557
1760597750.938629 15.321009 -25.949132 0.000000 0.000000 0.000000 -0.671305 0.741181
1760597751.171967 15.323157 -26.029970 0.000000 0.000000 0.000000 -0.671689 0.740833
1760597751.438632 15.327947 -26.113424 0.000000 0.000000 0.000000 -0.672173 0.740394
1760597751.671970 15.332645 -26.201235 0.000000 0.000000 0.000000 -0.672447 0.740145
1760597751.938633 15.335095 -26.288759 0.000000 0.000000 0.000000 -0.673230 0.739433
1760597752.171968 15.339943 -26.379635 0.000000 0.000000 0.000000 -0.673689 0.739015
1760597752.441126 15.346433 -26.471088 0.000000 0.000000 0.000000 -0.673994 0.738736
1760597752.705313 15.352375 -26.565572 0.000000 0.000000 0.000000 -0.674449 0.738322
1760597752.971965 15.361395 -26.661311 0.000000 0.000000 0.000000 -0.674782 0.738017
1760597753.171971 15.361441 -26.662014 0.000000 0.000000 0.000000 -0.675076 0.737748
1760597753.371972 15.370767 -26.770009 0.000000 0.000000 0.000000 -0.675100 0.737727
1760597753.605303 15.374302 -26.868658 0.000000 0.000000 0.000000 -0.676157 0.736758
1760597753.838634 15.386910 -26.960694 0.000000 0.000000 0.000000 -0.676092 0.736817
1760597754.071953 15.397061 -27.052455 0.000000 0.000000 0.000000 -0.675976 0.736924
1760597754.271971 15.397112 -27.053008 0.000000 0.000000 0.000000 -0.676210 0.736709
1760597754.471985 15.385263 -27.142243 0.000000 0.000000 0.000000 -0.684658 0.728865
1760597754.705303 15.377392 -27.228154 0.000000 0.000000 0.000000 -0.689764 0.724034
1760597754.908232 15.371724 -27.314689 0.000000 0.000000 0.000000 -0.692943 0.720993
1760597755.138635 15.368067 -27.400729 0.000000 0.000000 0.000000 -0.695304 0.718716
1760597755.373134 15.365342 -27.488986 0.000000 0.000000 0.000000 -0.696571 0.717488
1760597755.638633 15.365226 -27.579383 0.000000 0.000000 0.000000 -0.697441 0.716643
1760597755.871964 15.363831 -27.673367 0.000000 0.000000 0.000000 -0.697512 0.716573
1760597756.071971 15.363806 -27.673943 0.000000 0.000000 0.000000 -0.698873 0.715246
1760597756.271976 15.366241 -27.779449 0.000000 0.000000 0.000000 -0.697091 0.716983
1760597756.505308 15.367841 -27.877414 0.000000 0.000000 0.000000 -0.696504 0.717553
1760597756.738637 15.370344 -27.973398 0.000000 0.000000 0.000000 -0.696167 0.717880
1760597756.971972 15.373187 -28.068654 0.000000 0.000000 0.000000 -0.695762 0.718273
1760597757.205303 15.375687 -28.163888 0.000000 0.000000 0.000000 -0.695648 0.718383
1760597757.405489 15.377878 -28.259371 0.000000 0.000000 0.000000 -0.695590 0.718439
1760597757.638628 15.378101 -28.353222 0.000000 0.000000 0.000000 -0.695784 0.718251
1760597757.838634 15.378110 -28.353846 0.000000 0.000000 0.000000 -0.696064 0.717980
1760597758.038635 15.383138 -28.460739 0.000000 0.000000 0.000000 -0.695776 0.718258
1760597758.238637 15.389479 -28.560142 0.000000 0.000000 0.000000 -0.695463 0.718562
1760597758.471975 15.394540 -28.655735 0.000000 0.000000 0.000000 -0.695604 0.718426
1760597758.705301 15.398542 -28.751702 0.000000 0.000000 0.000000 -0.695984 0.718057
1760597758.938643 15.402594 -28.848140 0.000000 0.000000 0.000000 -0.696463 0.717592
1760597759.172129 15.407296 -28.945025 0.000000 0.000000 0.000000 -0.697192 0.716884
1760597759.405298 15.415736 -29.041830 0.000000 0.000000 0.000000 -0.697565 0.716521
1760597759.638629 15.423210 -29.139122 0.000000 0.000000 0.000000 -0.697904 0.716191
1760597759.838640 15.423249 -29.139765 0.000000 0.000000 0.000000 -0.698181 0.715921
1760597760.071970 15.431303 -29.249626 0.000000 0.000000 0.000000 -0.698803 0.715314
1760597760.271970 15.437658 -29.353178 0.000000 0.000000 0.000000 -0.700083 0.714061
1760597760.471970 15.444206 -29.450955 0.000000 0.000000 0.000000 -0.701710 0.712463
1760597760.705299 15.449096 -29.546033 0.000000 0.000000 0.000000 -0.704150 0.710051
1760597760.905473 15.453380 -29.642034 0.000000 0.000000 0.000000 -0.706964 0.707249
1760597761.138623 15.456937 -29.736754 0.000000 0.000000 0.000000 -0.710375 0.703823
1760597761.371958 15.459371 -29.833230 0.000000 0.000000 0.000000 -0.714349 0.699790
1760597761.571972 15.459375 -29.833859 0.000000 0.000000 0.000000 -0.716031 0.698068
1760597761.805465 15.465932 -29.943453 0.000000 0.000000 0.000000 -0.719817 0.694164
1760597762.038645 15.470948 -30.047196 0.000000 0.000000 0.000000 -0.723102 0.690741
1760597762.271967 15.480085 -30.146777 0.000000 0.000000 0.000000 -0.725839 0.687865
1760597762.471986 15.487135 -30.244662 0.000000 0.000000 0.000000 -0.727651 0.685947
1760597762.672376 15.490495 -30.339646 0.000000 0.000000 0.000000 -0.729227 0.684272
1760597762.908122 15.489769 -30.433280 0.000000 0.000000 0.000000 -0.730961 0.682419
1760597763.138643 15.487018 -30.528843 0.000000 0.000000 0.000000 -0.732192 0.681098
1760597763.340709 15.487009 -30.529474 0.000000 0.000000 0.000000 -0.733961 0.679191
1760597763.571966 15.481501 -30.638314 0.000000 0.000000 0.000000 -0.734075 0.679068
1760597763.771980 15.476142 -30.741243 0.000000 0.000000 0.000000 -0.734449 0.678664
1760597764.005264 15.469146 -30.838701 0.000000 0.000000 0.000000 -0.735009 0.678057
1760597764.205297 15.471697 -30.933835 0.000000 0.000000 0.000000 -0.733793 0.679373
1760597764.438646 15.472055 -31.027244 0.000000 0.000000 0.000000 -0.732614 0.680644
1760597764.709127 15.469216 -31.122102 0.000000 0.000000 0.000000 -0.731163 0.682202
1760597764.940134 15.464554 -31.220351 0.000000 0.000000 0.000000 -0.729582 0.683893
1760597765.171960 15.458886 -31.318046 0.000000 0.000000 0.000000 -0.728012 0.685564
1760597765.371967 15.458866 -31.318688 0.000000 0.000000 0.000000 -0.727843 0.685743
1760597765.605299 15.452734 -31.428315 0.000000 0.000000 0.000000 -0.726187 0.687497
1760597765.805311 15.447105 -31.531492 0.000000 0.000000 0.000000 -0.725075 0.688670
1760597766.038640 15.440740 -31.628913 0.000000 0.000000 0.000000 -0.724238 0.689550
1760597766.271965 15.433806 -31.725598 0.000000 0.000000 0.000000 -0.723481 0.690345
1760597766.471967 15.426915 -31.822086 0.000000 0.000000 0.000000 -0.722945 0.690905
1760597766.705301 15.419816 -31.916143 0.000000 0.000000 0.000000 -0.722259 0.691622
1760597766.905681 15.410725 -32.011280 0.000000 0.000000 0.000000 -0.721447 0.692470
1760597767.138656 15.409586 -32.104450 0.000000 0.000000 0.000000 -0.718472 0.695556
1760597767.405296 15.408418 -32.199863 0.000000 0.000000 0.000000 -0.715065 0.699058
1760597767.605320 15.408405 -32.200571 0.000000 0.000000 0.000000 -0.713876 0.700272
1760597767.838639 15.404361 -32.311450 0.000000 0.000000 0.000000 -0.711280 0.702909
1760597768.071967 15.398989 -32.415432 0.000000 0.000000 0.000000 -0.709296 0.704910
1760597768.305304 15.405387 -32.477313 0.000000 0.000000 0.000000 -0.708042 0.706171
1760597768.505318 15.410474 -32.544032 0.000000 0.000000 0.000000 -0.706925 0.707288
1760597768.738670 15.433808 -32.597181 0.000000 0.000000 0.000000 -0.703344 0.710850
1760597768.971970 15.451711 -32.659310 0.000000 0.000000 0.000000 -0.700469 0.713683
1760597769.171971 15.467097 -32.728706 0.000000 0.000000 0.000000 -0.698226 0.715878
1760597769.439370 15.479696 -32.802461 0.000000 0.000000 0.000000 -0.695474 0.718551
1760597769.671958 15.491324 -32.883554 0.000000 0.000000 0.000000 -0.693304 0.720646
1760597769.871961 15.491423 -32.884045 0.000000 0.000000 0.000000 -0.691432 0.722442
1760597770.071974 15.504759 -32.978831 0.000000 0.000000 0.000000 -0.689686 0.724108
1760597770.305300 15.500757 -33.046403 0.000000 0.000000 0.000000 -0.689783 0.724016
1760597770.505302 15.492237 -33.098771 0.000000 0.000000 0.000000 -0.691268 0.722598
1760597770.705302 15.485463 -33.158579 0.000000 0.000000 0.000000 -0.690321 0.723503
1760597770.938634 15.476360 -33.224277 0.000000 0.000000 0.000000 -0.687605 0.726085
1760597771.171959 15.469439 -33.296979 0.000000 0.000000 0.000000 -0.682967 0.730449
1760597771.371968 15.469420 -33.297410 0.000000 0.000000 0.000000 -0.681213 0.732085
1760597771.571970 15.462007 -33.385484 0.000000 0.000000 0.000000 -0.674520 0.738257
1760597771.771970 15.450488 -33.470096 0.000000 0.000000 0.000000 -0.668458 0.743750
1760597772.005301 15.439680 -33.554278 0.000000 0.000000 0.000000 -0.660429 0.750888
1760597772.207120 15.423562 -33.639583 0.000000 0.000000 0.000000 -0.653553 0.756880
1760597772.438627 15.393128 -33.713007 0.000000 0.000000 0.000000 -0.647799 0.761811
1760597772.638649 15.393055 -33.713493 0.000000 0.000000 0.000000 -0.643588 0.765372
1760597772.871967 15.348477 -33.788572 0.000000 0.000000 0.000000 -0.644169 0.764883
1760597773.105301 15.314921 -33.845357 0.000000 0.000000 0.000000 -0.644858 0.764302
1760597773.305303 15.287723 -33.909426 0.000000 0.000000 0.000000 -0.642343 0.766417
1760597773.538635 15.269004 -33.978022 0.000000 0.000000 0.000000 -0.635497 0.772104
1760597773.739094 15.249449 -34.051903 0.000000 0.000000 0.000000 -0.627717 0.778442
1760597773.971959 15.233808 -34.128897 0.000000 0.000000 0.000000 -0.616223 0.787571
1760597774.171972 15.233712 -34.129365 0.000000 0.000000 0.000000 -0.611280 0.791414
1760597774.371979 15.206178 -34.182962 0.000000 0.000000 0.000000 -0.598712 0.800964
1760597774.606126 15.187092 -34.243318 0.000000 0.000000 0.000000 -0.582871 0.812564
1760597774.807444 15.177576 -34.309799 0.000000 0.000000 0.000000 -0.566685 0.823935
1760597775.040135 15.175110 -34.380036 0.000000 0.000000 0.000000 -0.548273 0.836300
1760597775.271963 15.176143 -34.455651 0.000000 0.000000 0.000000 -0.531094 0.847313
1760597775.471967 15.176167 -34.456076 0.000000 0.000000 0.000000 -0.520370 0.853941
1760597775.672544 15.182012 -34.545813 0.000000 0.000000 0.000000 -0.509100 0.860708
1760597775.905299 15.193061 -34.631440 0.000000 0.000000 0.000000 -0.494820 0.868996
1760597776.138633 15.208787 -34.716839 0.000000 0.000000 0.000000 -0.482060 0.876138
1760597776.371966 15.230095 -34.801850 0.000000 0.000000 0.000000 -0.469642 0.882857
1760597776.605269 15.256165 -34.886805 0.000000 0.000000 0.000000 -0.459156 0.888356
1760597776.805305 15.256340 -34.887294 0.000000 0.000000 0.000000 -0.448163 0.893952
1760597777.038639 15.294634 -34.979368 0.000000 0.000000 0.000000 -0.442954 0.896545
1760597777.271969 15.309756 -35.062925 0.000000 0.000000 0.000000 -0.440239 0.897881
1760597777.475128 15.327743 -35.146291 0.000000 0.000000 0.000000 -0.437338 0.899297
1760597777.705304 15.351489 -35.227071 0.000000 0.000000 0.000000 -0.432301 0.901729
1760597777.940123 15.382365 -35.306889 0.000000 0.000000 0.000000 -0.426177 0.904640
1760597778.171964 15.418075 -35.387066 0.000000 0.000000 0.000000 -0.420265 0.907402
1760597778.371967 15.418292 -35.387560 0.000000 0.000000 0.000000 -0.413322 0.910585
1760597778.571967 15.465202 -35.475842 0.000000 0.000000 0.000000 -0.413131 0.910672
1760597778.805346 15.513489 -35.556190 0.000000 0.000000 0.000000 -0.409498 0.912311
1760597779.038635 15.544726 -35.634765 0.000000 0.000000 0.000000 -0.408259 0.912866
1760597779.272506 15.587686 -35.703824 0.000000 0.000000 0.000000 -0.403622 0.914926
1760597779.505300 15.625912 -35.777937 0.000000 0.000000 0.000000 -0.400847 0.916145
1760597779.705311 15.626168 -35.778384 0.000000 0.000000 0.000000 -0.396408 0.918075
1760597779.938633 15.679061 -35.832826 0.000000 0.000000 0.000000 -0.387589 0.921832
1760597780.138637 15.732748 -35.889240 0.000000 0.000000 0.000000 -0.382255 0.924057
1760597780.371966 15.787443 -35.945506 0.000000 0.000000 0.000000 -0.377891 0.925850
1760597780.605306 15.835988 -36.008911 0.000000 0.000000 0.000000 -0.375896 0.926662
1760597780.805324 15.894229 -36.058559 0.000000 0.000000 0.000000 -0.369947 0.929053
1760597781.038605 15.894602 -36.058924 0.000000 0.000000 0.000000 -0.364612 0.931160
1760597781.238637 15.959318 -36.121687 0.000000 0.000000 0.000000 -0.364056 0.931377
1760597781.471967 16.022683 -36.181004 0.000000 0.000000 0.000000 -0.362633 0.931932
1760597781.705299 16.085646 -36.241689 0.000000 0.000000 0.000000 -0.362629 0.931934
1760597781.905300 16.150352 -36.302170 0.000000 0.000000 0.000000 -0.363192 0.931714
1760597782.105312 16.217653 -36.357952 0.000000 0.000000 0.000000 -0.362468 0.931996
1760597782.371966 16.285447 -36.414128 0.000000 0.000000 0.000000 -0.360943 0.932588
1760597782.605309 16.356346 -36.474425 0.000000 0.000000 0.000000 -0.360343 0.932820
1760597782.871963 16.432162 -36.518114 0.000000 0.000000 0.000000 -0.352747 0.935719
1760597783.071971 16.432684 -36.518488 0.000000 0.000000 0.000000 -0.350195 0.936677
1760597783.305298 16.518634 -36.573735 0.000000 0.000000 0.000000 -0.345206 0.938527
1760597783.505301 16.603353 -36.613593 0.000000 0.000000 0.000000 -0.339606 0.940568
1760597783.738648 16.673750 -36.662253 0.000000 0.000000 0.000000 -0.336636 0.941635
1760597783.938653 16.744446 -36.713177 0.000000 0.000000 0.000000 -0.333888 0.942613
1760597784.171966 16.813998 -36.765344 0.000000 0.000000 0.000000 -0.330657 0.943751
1760597784.438626 16.883818 -36.821325 0.000000 0.000000 0.000000 -0.327138 0.944976
1760597784.638645 16.884328 -36.821668 0.000000 0.000000 0.000000 -0.324190 0.945992
1760597784.871966 16.928199 -36.864341 0.000000 0.000000 0.000000 -0.322821 0.946460
1760597785.071967 16.975701 -36.911575 0.000000 0.000000 0.000000 -0.320854 0.947129
1760597785.271968 17.028442 -36.957335 0.000000 0.000000 0.000000 -0.317781 0.948164
1760597785.505300 17.083421 -37.005830 0.000000 0.000000 0.000000 -0.314460 0.949271
1760597785.738634 17.142281 -37.057643 0.000000 0.000000 0.000000 -0.310426 0.950597
1760597785.971960 17.204150 -37.112325 0.000000 0.000000 0.000000 -0.305990 0.952035
1760597786.171967 17.204524 -37.112630 0.000000 0.000000 0.000000 -0.303016 0.952985
1760597786.405302 17.276787 -37.176865 0.000000 0.000000 0.000000 -0.298807 0.954313
1760597786.605306 17.347422 -37.238265 0.000000 0.000000 0.000000 -0.293491 0.955962
1760597786.838641 17.416574 -37.296490 0.000000 0.000000 0.000000 -0.285419 0.958403
1760597787.071969 17.487452 -37.353918 0.000000 0.000000 0.000000 -0.276275 0.961078
1760597787.274146 17.559542 -37.411468 0.000000 0.000000 0.000000 -0.266116 0.963941
1760597787.505301 17.631502 -37.467900 0.000000 0.000000 0.000000 -0.254593 0.967048
1760597787.705303 17.631975 -37.468225 0.000000 0.000000 0.000000 -0.248553 0.968618
1760597787.938632 17.707235 -37.539214 0.000000 0.000000 0.000000 -0.245130 0.969490
1760597788.138634 17.781872 -37.603802 0.000000 0.000000 0.000000 -0.236687 0.971586
1760597788.338635 17.854312 -37.664159 0.000000 0.000000 0.000000 -0.224010 0.974587
1760597788.572126 17.926251 -37.722233 0.000000 0.000000 0.000000 -0.207442 0.978247
1760597788.805312 18.000545 -37.779766 0.000000 0.000000 0.000000 -0.189932 0.981797
1760597789.071964 18.078442 -37.833717 0.000000 0.000000 0.000000 -0.167759 0.985828
1760597789.338634 18.160013 -37.887798 0.000000 0.000000 0.000000 -0.145708 0.989328
1760597789.538635 18.160614 -37.888106 0.000000 0.000000 0.000000 -0.134128 0.990964
1760597789.771966 18.255943 -37.944470 0.000000 0.000000 0.000000 -0.117784 0.993039
1760597789.971969 18.342781 -37.999738 0.000000 0.000000 0.000000 -0.105652 0.994403
1760597790.171983 18.426756 -38.046610 0.000000 0.000000 0.000000 -0.091309 0.995823
1760597790.407122 18.509764 -38.089054 0.000000 0.000000 0.000000 -0.076230 0.997090
1760597790.638643 18.595340 -38.128012 0.000000 0.000000 0.000000 -0.063212 0.998000
1760597790.838654 18.595885 -38.128207 0.000000 0.000000 0.000000 -0.050957 0.998701
1760597791.071970 18.694584 -38.167246 0.000000 0.000000 0.000000 -0.045238 0.998976
1760597791.305304 18.778101 -38.215334 0.000000 0.000000 0.000000 -0.041388 0.999143
1760597791.505306 18.862179 -38.256298 0.000000 0.000000 0.000000 -0.037983 0.999278
1760597791.738637 18.945918 -38.290098 0.000000 0.000000 0.000000 -0.032161 0.999483
1760597791.940142 19.031835 -38.321753 0.000000 0.000000 0.000000 -0.028683 0.999589
1760597792.171964 19.115992 -38.354957 0.000000 0.000000 0.000000 -0.024930 0.999689
1760597792.371966 19.116544 -38.355145 0.000000 0.000000 0.000000 -0.017838 0.999841
1760597792.605300 19.214722 -38.390215 0.000000 0.000000 0.000000 -0.019730 0.999805
1760597792.805303 19.296137 -38.400467 0.000000 0.000000 0.000000 -0.012935 0.999916
1760597793.038634 19.377384 -38.410862 0.000000 0.000000 0.000000 -0.006559 0.999978
1760597793.271990 19.461555 -38.419573 0.000000 0.000000 0.000000 -0.001177 0.999999
1760597793.505297 19.547992 -38.429993 0.000000 0.000000 0.000000 0.003220 0.999995
1760597793.741133 19.636616 -38.440608 0.000000 0.000000 0.000000 0.006534 0.999979
1760597793.971959 19.716349 -38.432124 0.000000 0.000000 0.000000 0.016734 0.999860
1760597794.171966 19.716892 -38.432125 0.000000 0.000000 0.000000 0.022289 0.999752
1760597794.371969 19.810407 -38.422144 0.000000 0.000000 0.000000 0.028027 0.999607
1760597794.571969 19.899881 -38.415174 0.000000 0.000000 0.000000 0.032638 0.999467
1760597794.775129 19.987664 -38.409229 0.000000 0.000000 0.000000 0.036504 0.999334
1760597795.005301 20.075498 -38.403610 0.000000 0.000000 0.000000 0.040430 0.999182
1760597795.271963 20.165773 -38.398789 0.000000 0.000000 0.000000 0.044265 0.999020
1760597795.505296 20.260156 -38.394884 0.000000 0.000000 0.000000 0.046260 0.998929
1760597795.705300 20.260721 -38.394833 0.000000 0.000000 0.000000 0.050400 0.998729
1760597795.938613 20.366232 -38.398247 0.000000 0.000000 0.000000 0.047244 0.998883
1760597796.138633 20.466046 -38.401074 0.000000 0.000000 0.000000 0.044717 0.999000
1760597796.338633 20.560931 -38.403007 0.000000 0.000000 0.000000 0.044954 0.998989
1760597796.538682 20.653546 -38.403016 0.000000 0.000000 0.000000 0.046035 0.998940
1760597796.805324 20.745199 -38.399315 0.000000 0.000000 0.000000 0.047268 0.998882
1760597797.006248 20.745837 -38.399301 0.000000 0.000000 0.000000 0.049058 0.998796
1760597797.238637 20.853648 -38.394542 0.000000 0.000000 0.000000 0.048419 0.998827
1760597797.471972 20.955222 -38.388330 0.000000 0.000000 0.000000 0.047590 0.998867
1760597797.708152 21.032965 -38.383575 0.000000 0.000000 0.000000 0.046896 0.998900
1760597797.938633 21.113818 -38.378848 0.000000 0.000000 0.000000 0.045620 0.998959
1760597798.171969 21.197131 -38.372613 0.000000 0.000000 0.000000 0.044368 0.999015
1760597798.405304 21.263338 -38.367658 0.000000 0.000000 0.000000 0.043350 0.999060
1760597798.638644 21.335815 -38.362594 0.000000 0.000000 0.000000 0.041913 0.999121
1760597798.871962 21.413439 -38.358152 0.000000 0.000000 0.000000 0.040045 0.999198
1760597799.071967 21.413947 -38.358125 0.000000 0.000000 0.000000 0.039724 0.999211
1760597799.271968 21.505844 -38.353066 0.000000 0.000000 0.000000 0.037614 0.999292
1760597799.471969 21.573378 -38.349347 0.000000 0.000000 0.000000 0.036404 0.999337
1760597799.708124 21.644449 -38.344675 0.000000 0.000000 0.000000 0.034987 0.999388
1760597799.938627 21.720836 -38.341935 0.000000 0.000000 0.000000 0.032952 0.999457
1760597800.138630 21.721274 -38.341918 0.000000 0.000000 0.000000 0.032065 0.999486
1760597800.338657 21.789585 -38.339468 0.000000 0.000000 0.000000 0.031185 0.999514
1760597800.571973 21.860525 -38.337439 0.000000 0.000000 0.000000 0.030342 0.999540
1760597800.772193 21.915453 -38.335867 0.000000 0.000000 0.000000 0.030010 0.999550
1760597801.005297 21.977260 -38.333670 0.000000 0.000000 0.000000 0.031167 0.999514
1760597801.238646 22.046358 -38.330822 0.000000 0.000000 0.000000 0.033445 0.999441
1760597801.505299 22.121280 -38.331010 0.000000 0.000000 0.000000 0.035339 0.999375
1760597801.738625 22.202740 -38.330629 0.000000 0.000000 0.000000 0.038862 0.999245
1760597801.938634 22.203210 -38.330617 0.000000 0.000000 0.000000 0.039446 0.999222
1760597802.141127 22.275696 -38.330288 0.000000 0.000000 0.000000 0.041944 0.999120
1760597802.374325 22.349129 -38.325452 0.000000 0.000000 0.000000 0.045171 0.998979
1760597802.605313 22.425938 -38.318700 0.000000 0.000000 0.000000 0.047615 0.998866
1760597802.805315 22.505761 -38.310237 0.000000 0.000000 0.000000 0.049175 0.998790
1760597803.005323 22.506162 -38.310200 0.000000 0.000000 0.000000 0.050484 0.998725
1760597803.238635 22.597694 -38.301418 0.000000 0.000000 0.000000 0.050950 0.998701
1760597803.438654 22.669956 -38.315571 0.000000 0.000000 0.000000 0.039904 0.999203
1760597803.638655 22.744289 -38.324439 0.000000 0.000000 0.000000 0.033304 0.999445
1760597803.871963 22.821144 -38.329173 0.000000 0.000000 0.000000 0.028228 0.999602
1760597804.105313 22.902528 -38.332334 0.000000 0.000000 0.000000 0.024384 0.999703
1760597804.305330 22.902999 -38.332372 0.000000 0.000000 0.000000 0.022415 0.999749
1760597804.538656 22.998708 -38.333887 0.000000 0.000000 0.000000 0.021080 0.999778
1760597804.771969 23.091643 -38.333733 0.000000 0.000000 0.000000 0.020487 0.999790
1760597804.971970 23.183357 -38.334696 0.000000 0.000000 0.000000 0.020684 0.999786
1760597805.205298 23.273186 -38.334839 0.000000 0.000000 0.000000 0.020004 0.999800
1760597805.405317 23.364561 -38.334859 0.000000 0.000000 0.000000 0.020358 0.999793
1760597805.671956 23.455267 -38.332444 0.000000 0.000000 0.000000 0.020159 0.999797
1760597805.905299 23.550312 -38.330075 0.000000 0.000000 0.000000 0.019766 0.999805
1760597806.105300 23.550903 -38.330072 0.000000 0.000000 0.000000 0.018955 0.999820
1760597806.309142 23.657912 -38.324392 0.000000 0.000000 0.000000 0.019525 0.999809
1760597806.538599 23.757396 -38.318934 0.000000 0.000000 0.000000 0.019782 0.999804
1760597806.740082 23.854358 -38.313681 0.000000 0.000000 0.000000 0.019785 0.999804
1760597806.971966 23.948592 -38.308400 0.000000 0.000000 0.000000 0.019738 0.999805
1760597807.205307 24.043527 -38.301920 0.000000 0.000000 0.000000 0.019767 0.999805
1760597807.405323 24.044112 -38.301889 0.000000 0.000000 0.000000 0.019454 0.999811
1760597807.638635 24.151810 -38.294950 0.000000 0.000000 0.000000 0.019524 0.999809
1760597807.838647 24.251923 -38.281301 0.000000 0.000000 0.000000 0.020785 0.999784
1760597808.071977 24.346834 -38.272760 0.000000 0.000000 0.000000 0.021564 0.999767
1760597808.305304 24.441441 -38.262862 0.000000 0.000000 0.000000 0.022863 0.999739
1760597808.538637 24.536395 -38.254175 0.000000 0.000000 0.000000 0.023298 0.999729
1760597808.773148 24.631809 -38.245447 0.000000 0.000000 0.000000 0.023988 0.999712
1760597809.005305 24.727812 -38.240308 0.000000 0.000000 0.000000 0.024374 0.999703
1760597809.271960 24.824271 -38.234337 0.000000 0.000000 0.000000 0.024451 0.999701
1760597809.471965 24.824970 -38.234283 0.000000 0.000000 0.000000 0.024707 0.999695
1760597809.705297 24.891409 -38.224289 0.000000 0.000000 0.000000 0.023842 0.999716
1760597809.908126 24.962239 -38.218453 0.000000 0.000000 0.000000 0.022845 0.999739
1760597810.139241 25.034745 -38.208764 0.000000 0.000000 0.000000 0.023326 0.999728
1760597810.371968 25.111476 -38.200526 0.000000 0.000000 0.000000 0.023896 0.999714
1760597810.573125 25.191196 -38.199698 0.000000 0.000000 0.000000 0.023355 0.999727
1760597810.805319 25.272555 -38.200690 0.000000 0.000000 0.000000 0.022907 0.999738
1760597811.071970 25.338509 -38.201494 0.000000 0.000000 0.000000 0.022545 0.999746
1760597811.338661 25.412845 -38.201432 0.000000 0.000000 0.000000 0.022334 0.999751
1760597811.608125 25.453592 -38.204823 0.000000 0.000000 0.000000 0.022195 0.999754
1760597811.838625 25.506823 -38.207417 0.000000 0.000000 0.000000 0.022168 0.999754
1760597812.038631 25.507215 -38.207426 0.000000 0.000000 0.000000 0.022080 0.999756
1760597812.238636 25.575989 -38.206452 0.000000 0.000000 0.000000 0.021875 0.999761
1760597812.472528 25.625979 -38.205755 0.000000 0.000000 0.000000 0.021743 0.999764
1760597812.675142 25.684824 -38.204085 0.000000 0.000000 0.000000 0.021185 0.999776
1760597812.905315 25.749565 -38.204683 0.000000 0.000000 0.000000 0.018820 0.999823
1760597813.107123 25.749926 -38.204684 0.000000 0.000000 0.000000 0.018367 0.999831
1760597813.309132 25.829896 -38.204792 0.000000 0.000000 0.000000 0.016507 0.999864
1760597813.538631 25.909220 -38.202380 0.000000 0.000000 0.000000 0.015402 0.999881
1760597813.741129 25.990488 -38.197664 0.000000 0.000000 0.000000 0.013969 0.999902
1760597813.971966 25.990930 -38.197655 0.000000 0.000000 0.000000 0.013067 0.999915
1760597814.171967 26.040038 -38.194045 0.000000 0.000000 0.000000 0.012579 0.999921
1760597814.371972 26.096647 -38.189098 0.000000 0.000000 0.000000 0.011662 0.999932
1760597814.605300 26.159342 -38.185052 0.000000 0.000000 0.000000 0.010393 0.999946
1760597814.838627 26.228764 -38.182260 0.000000 0.000000 0.000000 0.009517 0.999955
1760597815.071963 26.303399 -38.176350 0.000000 0.000000 0.000000 0.009113 0.999958
1760597815.271969 26.303800 -38.176328 0.000000 0.000000 0.000000 0.008378 0.999965
1760597815.505301 26.391693 -38.163595 0.000000 0.000000 0.000000 0.009047 0.999959
1760597815.738641 26.478569 -38.154044 0.000000 0.000000 0.000000 0.008441 0.999964
1760597815.971969 26.524513 -38.146565 0.000000 0.000000 0.000000 0.008038 0.999968
1760597816.171986 26.580239 -38.137865 0.000000 0.000000 0.000000 0.008095 0.999967
1760597816.405301 26.629287 -38.112781 0.000000 0.000000 0.000000 0.014240 0.999899
1760597816.638629 26.687966 -38.089447 0.000000 0.000000 0.000000 0.019002 0.999819
1760597816.871965 26.754620 -38.069262 0.000000 0.000000 0.000000 0.022174 0.999754
1760597817.071976 26.755012 -38.069136 0.000000 0.000000 0.000000 0.023453 0.999725
1760597817.305303 26.837277 -38.049635 0.000000 0.000000 0.000000 0.025023 0.999687
1760597817.505636 26.920056 -38.034911 0.000000 0.000000 0.000000 0.025037 0.999687
1760597817.738632 27.002254 -38.022003 0.000000 0.000000 0.000000 0.025071 0.999686
1760597817.938632 27.086699 -38.008372 0.000000 0.000000 0.000000 0.025348 0.999679
1760597818.138633 27.171664 -37.996537 0.000000 0.000000 0.000000 0.025087 0.999685
1760597818.338633 27.172116 -37.996457 0.000000 0.000000 0.000000 0.025801 0.999667
1760597818.571964 27.231765 -37.972050 0.000000 0.000000 0.000000 0.025010 0.999687
1760597818.771964 27.293467 -37.957406 0.000000 0.000000 0.000000 0.022968 0.999736
1760597818.971968 27.333192 -37.964834 0.000000 0.000000 0.000000 0.014392 0.999896
1760597819.205299 27.383274 -37.968305 0.000000 0.000000 0.000000 0.008162 0.999967
1760597819.441121 27.443147 -37.970407 0.000000 0.000000 0.000000 0.003480 0.999994
1760597819.705300 27.491659 -37.972110 0.000000 0.000000 0.000000 -0.000053 1.000000
1760597819.938624 27.551061 -37.970016 0.000000 0.000000 0.000000 -0.001922 0.999998
1760597820.138631 27.551422 -37.970018 0.000000 0.000000 0.000000 -0.003981 0.999992
1760597820.338633 27.626654 -37.967836 0.000000 0.000000 0.000000 -0.003689 0.999993
1760597820.538637 27.702381 -37.968042 0.000000 0.000000 0.000000 -0.004140 0.999991
1760597820.738722 27.778941 -37.963115 0.000000 0.000000 0.000000 -0.004298 0.999991
1760597820.971974 27.853504 -37.971050 0.000000 0.000000 0.000000 -0.009347 0.999956
1760597821.238625 27.933236 -37.977264 0.000000 0.000000 0.000000 -0.013413 0.999910
1760597821.438628 27.933733 -37.977296 0.000000 0.000000 0.000000 -0.015467 0.999880
1760597821.638631 28.007369 -37.983044 0.000000 0.000000 0.000000 -0.016410 0.999865
1760597821.838634 28.082003 -37.986510 0.000000 0.000000 0.000000 -0.017787 0.999842
1760597822.040133 28.158243 -37.991019 0.000000 0.000000 0.000000 -0.019924 0.999802
1760597822.271964 28.236861 -37.994993 0.000000 0.000000 0.000000 -0.021709 0.999764
1760597822.471968 28.237292 -37.995025 0.000000 0.000000 0.000000 -0.023533 0.999723
1760597822.705298 28.308669 -37.998621 0.000000 0.000000 0.000000 -0.023388 0.999726
1760597822.905299 28.382481 -37.995215 0.000000 0.000000 0.000000 -0.022314 0.999751
1760597823.105367 28.458056 -37.992581 0.000000 0.000000 0.000000 -0.021283 0.999773
1760597823.338638 28.458496 -37.992583 0.000000 0.000000 0.000000 -0.022327 0.999751
1760597823.538638 28.547839 -37.988410 0.000000 0.000000 0.000000 -0.019941 0.999801
1760597823.738703 28.633717 -37.986983 0.000000 0.000000 0.000000 -0.016878 0.999858
1760597823.971983 28.718560 -37.986983 0.000000 0.000000 0.000000 -0.012455 0.999922
1760597824.205297 28.785880 -37.986984 0.000000 0.000000 0.000000 -0.009189 0.999958
1760597824.405300 28.786309 -37.986973 0.000000 0.000000 0.000000 -0.008280 0.999966
1760597824.605300 28.868151 -37.991740 0.000000 0.000000 0.000000 -0.002616 0.999997
1760597824.805304 28.948752 -37.995701 0.000000 0.000000 0.000000 0.002324 0.999997
1760597825.005312 29.029630 -37.999308 0.000000 0.000000 0.000000 0.006871 0.999976
1760597825.238641 29.111693 -38.004589 0.000000 0.000000 0.000000 0.010641 0.999943
1760597825.505301 29.197518 -38.009182 0.000000 0.000000 0.000000 0.014841 0.999890
1760597825.705320 29.198052 -38.009188 0.000000 0.000000 0.000000 0.017425 0.999848
1760597825.938632 29.299557 -38.015553 0.000000 0.000000 0.000000 0.018850 0.999822
1760597826.138638 29.396294 -38.021068 0.000000 0.000000 0.000000 0.020458 0.999791
1760597826.338709 29.488612 -38.026627 0.000000 0.000000 0.000000 0.021644 0.999766
1760597826.571966 29.579253 -38.031938 0.000000 0.000000 0.000000 0.023570 0.999722
1760597826.805356 29.670096 -38.028956 0.000000 0.000000 0.000000 0.026091 0.999660
1760597827.071967 29.762323 -38.022750 0.000000 0.000000 0.000000 0.028670 0.999589
1760597827.271968 29.762948 -38.022731 0.000000 0.000000 0.000000 0.030721 0.999528
1760597827.505300 29.870125 -38.016204 0.000000 0.000000 0.000000 0.030511 0.999534
1760597827.705300 29.970967 -38.010444 0.000000 0.000000 0.000000 0.029957 0.999551
1760597827.905304 30.064944 -37.998958 0.000000 0.000000 0.000000 0.030314 0.999540
1760597828.139158 30.156688 -37.992634 0.000000 0.000000 0.000000 0.029618 0.999561
1760597828.371964 30.249643 -37.984610 0.000000 0.000000 0.000000 0.028012 0.999608
1760597828.571966 30.250210 -37.984566 0.000000 0.000000 0.000000 0.028639 0.999590
1760597828.771973 30.355533 -37.972333 0.000000 0.000000 0.000000 0.026309 0.999654
1760597829.005306 30.453650 -37.965202 0.000000 0.000000 0.000000 0.022295 0.999751
1760597829.205408 30.549766 -37.956553 0.000000 0.000000 0.000000 0.019097 0.999818
1760597829.438626 30.643064 -37.946597 0.000000 0.000000 0.000000 0.016530 0.999863
1760597829.671967 30.737398 -37.936481 0.000000 0.000000 0.000000 0.014650 0.999893
1760597829.872133 30.737974 -37.936434 0.000000 0.000000 0.000000 0.013613 0.999907
1760597830.105299 30.842037 -37.937370 0.000000 0.000000 0.000000 0.010022 0.999950
1760597830.338633 30.930300 -37.936697 0.000000 0.000000 0.000000 0.007968 0.999968
1760597830.538846 30.997945 -37.936180 0.000000 0.000000 0.000000 0.006983 0.999976
1760597830.771968 31.069260 -37.937051 0.000000 0.000000 0.000000 0.005971 0.999982
1760597830.972000 31.140979 -37.947579 0.000000 0.000000 0.000000 0.002747 0.999996
1760597831.238626 31.197304 -37.955837 0.000000 0.000000 0.000000 0.000026 1.000000
1760597831.438632 31.197793 -37.955880 0.000000 0.000000 0.000000 -0.001601 0.999999
1760597831.671966 31.272107 -37.966588 0.000000 0.000000 0.000000 -0.003674 0.999993
1760597831.871973 31.348461 -37.970758 0.000000 0.000000 0.000000 -0.003176 0.999995
1760597832.105304 31.424865 -37.974118 0.000000 0.000000 0.000000 -0.003055 0.999995
1760597832.305304 31.504843 -37.974518 0.000000 0.000000 0.000000 -0.002158 0.999998
1760597832.538625 31.586186 -37.972485 0.000000 0.000000 0.000000 -0.001631 0.999999
1760597832.738630 31.586662 -37.972497 0.000000 0.000000 0.000000 -0.002301 0.999997
1760597832.938633 31.682438 -37.968613 0.000000 0.000000 0.000000 -0.000473 1.000000
1760597833.138633 31.771747 -37.972272 0.000000 0.000000 0.000000 -0.001355 0.999999
1760597833.371967 31.839814 -37.975060 0.000000 0.000000 0.000000 -0.001989 0.999998
1760597833.571970 31.913553 -37.975064 0.000000 0.000000 0.000000 -0.001949 0.999998
1760597833.841131 31.952483 -37.975835 0.000000 0.000000 0.000000 -0.001933 0.999998
1760597834.071981 32.004529 -37.976926 0.000000 0.000000 0.000000 -0.001932 0.999998
1760597834.273162 32.004901 -37.976933 0.000000 0.000000 0.000000 -0.002187 0.999998
1760597834.505301 32.073582 -37.977986 0.000000 0.000000 0.000000 -0.003134 0.999995
1760597834.738633 32.146037 -37.977599 0.000000 0.000000 0.000000 -0.003488 0.999994
1760597834.941794 32.221792 -37.980342 0.000000 0.000000 0.000000 -0.004711 0.999989
1760597835.171969 32.299172 -37.978921 0.000000 0.000000 0.000000 -0.005576 0.999984
1760597835.405299 32.380253 -37.975467 0.000000 0.000000 0.000000 -0.005331 0.999986
1760597835.642145 32.464582 -37.969855 0.000000 0.000000 0.000000 -0.004852 0.999988
1760597835.871969 32.551929 -37.963950 0.000000 0.000000 0.000000 -0.003493 0.999994
1760597836.071969 32.552452 -37.963925 0.000000 0.000000 0.000000 -0.003533 0.999994
1760597836.305300 32.652731 -37.956488 0.000000 0.000000 0.000000 -0.002181 0.999998
1760597836.505304 32.748869 -37.951913 0.000000 0.000000 0.000000 -0.002181 0.999998
1760597836.738632 32.841188 -37.947437 0.000000 0.000000 0.000000 -0.001886 0.999998
1760597836.971967 32.914139 -37.943901 0.000000 0.000000 0.000000 -0.001692 0.999999
1760597837.175149 32.991774 -37.942759 0.000000 0.000000 0.000000 -0.004453 0.999990
1760597837.405314 33.071801 -37.941536 0.000000 0.000000 0.000000 -0.006836 0.999977
1760597837.671964 33.155864 -37.940334 0.000000 0.000000 0.000000 -0.009462 0.999955
1760597837.871970 33.156454 -37.940326 0.000000 0.000000 0.000000 -0.010242 0.999948
1760597838.105301 33.256336 -37.942564 0.000000 0.000000 0.000000 -0.013476 0.999909
1760597838.305303 33.351997 -37.943660 0.000000 0.000000 0.000000 -0.016089 0.999871
1760597838.505327 33.404101 -37.946329 0.000000 0.000000 0.000000 -0.017707 0.999843
1760597838.738641 33.463700 -37.946631 0.000000 0.000000 0.000000 -0.021878 0.999761
1760597838.971972 33.530939 -37.944382 0.000000 0.000000 0.000000 -0.025080 0.999685
1760597839.238718 33.604235 -37.939477 0.000000 0.000000 0.000000 -0.031306 0.999510
1760597839.471961 33.684142 -37.932445 0.000000 0.000000 0.000000 -0.041259 0.999149
1760597839.671968 33.684619 -37.932442 0.000000 0.000000 0.000000 -0.044548 0.999007
1760597839.905300 33.765611 -37.921071 0.000000 0.000000 0.000000 -0.050747 0.998712
1760597840.105300 33.846887 -37.909423 0.000000 0.000000 0.000000 -0.064910 0.997891
1760597840.338614 33.920315 -37.888557 0.000000 0.000000 0.000000 -0.074139 0.997248
1760597840.542128 33.996920 -37.865517 0.000000 0.000000 0.000000 -0.089331 0.996002
1760597840.771964 34.075726 -37.844452 0.000000 0.000000 0.000000 -0.110341 0.993894
1760597840.971977 34.076206 -37.844398 0.000000 0.000000 0.000000 -0.118782 0.992920
1760597841.205303 34.154476 -37.842926 0.000000 0.000000 0.000000 -0.142929 0.989733
1760597841.405322 34.234442 -37.842267 0.000000 0.000000 0.000000 -0.166263 0.986081
1760597841.605328 34.314546 -37.843697 0.000000 0.000000 0.000000 -0.190699 0.981649
1760597841.838625 34.376612 -37.844805 0.000000 0.000000 0.000000 -0.208924 0.977932
1760597842.071980 34.432881 -37.862306 0.000000 0.000000 0.000000 -0.230003 0.973190
1760597842.338633 34.497474 -37.879594 0.000000 0.000000 0.000000 -0.255655 0.966768
1760597842.605286 34.570565 -37.893211 0.000000 0.000000 0.000000 -0.276519 0.961008
1760597842.805300 34.571026 -37.893383 0.000000 0.000000 0.000000 -0.291652 0.956524
1760597843.039292 34.659534 -37.907963 0.000000 0.000000 0.000000 -0.301676 0.953411
1760597843.271965 34.746199 -37.919115 0.000000 0.000000 0.000000 -0.317743 0.948177
1760597843.505302 34.831980 -37.922571 0.000000 0.000000 0.000000 -0.337087 0.941473
1760597843.738673 34.904155 -37.926118 0.000000 0.000000 0.000000 -0.350393 0.936603
1760597843.971969 34.979419 -37.936279 0.000000 0.000000 0.000000 -0.367383 0.930070
1760597844.205297 35.039057 -37.944325 0.000000 0.000000 0.000000 -0.377436 0.926036
1760597844.438624 35.103227 -37.942447 0.000000 0.000000 0.000000 -0.388268 0.921547
1760597844.671967 35.171070 -37.951516 0.000000 0.000000 0.000000 -0.403419 0.915015
1760597844.871978 35.171507 -37.951627 0.000000 0.000000 0.000000 -0.415727 0.909490
1760597845.105299 35.251152 -37.971537 0.000000 0.000000 0.000000 -0.423690 0.905807
1760597845.305301 35.308765 -37.997470 0.000000 0.000000 0.000000 -0.429225 0.903198
1760597845.505305 35.368994 -38.027395 0.000000 0.000000 0.000000 -0.441465 0.897279
1760597845.705317 35.369305 -38.027547 0.000000 0.000000 0.000000 -0.452190 0.891922
1760597845.938632 35.437799 -38.068478 0.000000 0.000000 0.000000 -0.461266 0.887262
1760597846.171968 35.507758 -38.108620 0.000000 0.000000 0.000000 -0.466518 0.884512
1760597846.405309 35.576835 -38.152979 0.000000 0.000000 0.000000 -0.475781 0.879564
1760597846.638633 35.640948 -38.204979 0.000000 0.000000 0.000000 -0.489735 0.871871
1760597846.838746 35.703038 -38.262173 0.000000 0.000000 0.000000 -0.500188 0.865917
1760597847.071981 35.751368 -38.306686 0.000000 0.000000 0.000000 -0.508132 0.861279
1760597847.338629 35.801386 -38.358744 0.000000 0.000000 0.000000 -0.519715 0.854340
1760597847.538634 35.801741 -38.359136 0.000000 0.000000 0.000000 -0.528601 0.848870
1760597847.771974 35.859688 -38.426143 0.000000 0.000000 0.000000 -0.533925 0.845532
1760597848.005303 35.903030 -38.475408 0.000000 0.000000 0.000000 -0.536939 0.843621
1760597848.242124 35.944909 -38.531630 0.000000 0.000000 0.000000 -0.542576 0.840007
1760597848.471966 35.985455 -38.594076 0.000000 0.000000 0.000000 -0.546747 0.837298
1760597848.671984 36.012988 -38.623676 0.000000 0.000000 0.000000 -0.548210 0.836341
1760597848.905291 36.044129 -38.663403 0.000000 0.000000 0.000000 -0.550123 0.835084
1760597849.105300 36.044342 -38.663704 0.000000 0.000000 0.000000 -0.555206 0.831713
1760597849.338634 36.081758 -38.719652 0.000000 0.000000 0.000000 -0.552509 0.833507
1760597849.538641 36.121658 -38.779176 0.000000 0.000000 0.000000 -0.549660 0.835389
1760597849.741122 36.161598 -38.841296 0.000000 0.000000 0.000000 -0.547672 0.836693
1760597849.971969 36.200846 -38.907057 0.000000 0.000000 0.000000 -0.546492 0.837464
1760597850.171985 36.201068 -38.907404 0.000000 0.000000 0.000000 -0.548373 0.836234
1760597850.407129 36.246098 -38.986704 0.000000 0.000000 0.000000 -0.545019 0.838424
1760597850.638632 36.289056 -39.065371 0.000000 0.000000 0.000000 -0.543095 0.839671
1760597850.838633 36.321969 -39.125648 0.000000 0.000000 0.000000 -0.541610 0.840630
1760597851.071973 36.354557 -39.190014 0.000000 0.000000 0.000000 -0.540876 0.841103
1760597851.305320 36.380620 -39.241498 0.000000 0.000000 0.000000 -0.540242 0.841510
1760597851.571959 36.409670 -39.300598 0.000000 0.000000 0.000000 -0.539737 0.841834
1760597851.805338 36.441972 -39.367121 0.000000 0.000000 0.000000 -0.538997 0.842307
1760597852.071963 36.452570 -39.432287 0.000000 0.000000 0.000000 -0.540594 0.841284
1760597852.271965 36.452746 -39.432747 0.000000 0.000000 0.000000 -0.540765 0.841174
1760597852.471970 36.470701 -39.512890 0.000000 0.000000 0.000000 -0.542255 0.840214
1760597852.705298 36.492234 -39.590261 0.000000 0.000000 0.000000 -0.543117 0.839657
1760597852.905299 36.517328 -39.668241 0.000000 0.000000 0.000000 -0.543772 0.839233
1760597853.138629 36.544532 -39.745888 0.000000 0.000000 0.000000 -0.544061 0.839045
1760597853.371964 36.573584 -39.826185 0.000000 0.000000 0.000000 -0.544484 0.838771
1760597853.605303 36.603335 -39.909035 0.000000 0.000000 0.000000 -0.545339 0.838216
1760597853.871976 36.635055 -39.993538 0.000000 0.000000 0.000000 -0.546035 0.837762
1760597854.138628 36.655086 -40.043965 0.000000 0.000000 0.000000 -0.546452 0.837491
1760597854.338634 36.655267 -40.044467 0.000000 0.000000 0.000000 -0.546888 0.837206
1760597854.571965 36.683655 -40.110028 0.000000 0.000000 0.000000 -0.546477 0.837474
1760597854.805299 36.713452 -40.178057 0.000000 0.000000 0.000000 -0.545630 0.838026
1760597855.038639 36.745411 -40.248139 0.000000 0.000000 0.000000 -0.544968 0.838457
1760597855.272056 36.776709 -40.321612 0.000000 0.000000 0.000000 -0.544564 0.838719
1760597855.505301 36.808202 -40.398075 0.000000 0.000000 0.000000 -0.544939 0.838476
1760597855.738636 36.841018 -40.476835 0.000000 0.000000 0.000000 -0.545686 0.837990
1760597855.941134 36.874841 -40.557660 0.000000 0.000000 0.000000 -0.546450 0.837492
1760597856.171962 36.908740 -40.638733 0.000000 0.000000 0.000000 -0.547377 0.836886
1760597856.371968 36.908955 -40.639254 0.000000 0.000000 0.000000 -0.547690 0.836682
1760597856.571973 36.947382 -40.732975 0.000000 0.000000 0.000000 -0.548238 0.836322
1760597856.774135 36.982944 -40.821612 0.000000 0.000000 0.000000 -0.548574 0.836102
1760597857.005256 37.017905 -40.907493 0.000000 0.000000 0.000000 -0.549042 0.835795
1760597857.205298 37.045748 -40.975889 0.000000 0.000000 0.000000 -0.549276 0.835641
1760597857.438635 37.055225 -41.044127 0.000000 0.000000 0.000000 -0.557678 0.830058
1760597857.638841 37.055367 -41.044598 0.000000 0.000000 0.000000 -0.559078 0.829115
1760597857.875154 37.063432 -41.128827 0.000000 0.000000 0.000000 -0.566176 0.824284
1760597858.105302 37.069615 -41.192578 0.000000 0.000000 0.000000 -0.570332 0.821414
1760597858.305501 37.079087 -41.261197 0.000000 0.000000 0.000000 -0.572509 0.819898
1760597858.538641 37.092963 -41.332310 0.000000 0.000000 0.000000 -0.572627 0.819816
1760597858.739163 37.109388 -41.407930 0.000000 0.000000 0.000000 -0.571974 0.820272
1760597858.971982 37.123883 -41.486376 0.000000 0.000000 0.000000 -0.571320 0.820727
1760597859.171984 37.123965 -41.486851 0.000000 0.000000 0.000000 -0.572584 0.819846
1760597859.405304 37.142326 -41.579913 0.000000 0.000000 0.000000 -0.569993 0.821650
1760597859.638657 37.164358 -41.658588 0.000000 0.000000 0.000000 -0.566173 0.824287
1760597859.871968 37.187991 -41.738366 0.000000 0.000000 0.000000 -0.562657 0.826691
1760597860.071977 37.218845 -41.816563 0.000000 0.000000 0.000000 -0.558867 0.829257
1760597860.305307 37.242725 -41.877103 0.000000 0.000000 0.000000 -0.556094 0.831119
1760597860.507129 37.268437 -41.944175 0.000000 0.000000 0.000000 -0.553289 0.832989
1760597860.738635 37.294470 -42.015286 0.000000 0.000000 0.000000 -0.550930 0.834552
1760597861.005302 37.329598 -42.086469 0.000000 0.000000 0.000000 -0.547284 0.836947
1760597861.205314 37.329821 -42.086982 0.000000 0.000000 0.000000 -0.545639 0.838020
1760597861.438631 37.362523 -42.153171 0.000000 0.000000 0.000000 -0.544226 0.838938
1760597861.638635 37.395191 -42.222191 0.000000 0.000000 0.000000 -0.542313 0.840177
1760597861.838639 37.427157 -42.292555 0.000000 0.000000 0.000000 -0.540933 0.841066
1760597862.071968 37.453733 -42.366186 0.000000 0.000000 0.000000 -0.539936 0.841706
1760597862.305295 37.480990 -42.444001 0.000000 0.000000 0.000000 -0.538611 0.842554
1760597862.538628 37.511414 -42.524152 0.000000 0.000000 0.000000 -0.536277 0.844042
1760597862.738637 37.511608 -42.524624 0.000000 0.000000 0.000000 -0.534754 0.845008
1760597862.938637 37.546268 -42.617883 0.000000 0.000000 0.000000 -0.533870 0.845566
1760597863.138639 37.579867 -42.705471 0.000000 0.000000 0.000000 -0.530540 0.847660
1760597863.341169 37.605412 -42.772069 0.000000 0.000000 0.000000 -0.528410 0.848989
1760597863.571957 37.633029 -42.841749 0.000000 0.000000 0.000000 -0.522518 0.852629
1760597863.771972 37.633212 -42.842177 0.000000 0.000000 0.000000 -0.520243 0.854018
1760597864.005299 37.670875 -42.923412 0.000000 0.000000 0.000000 -0.513774 0.857926
1760597864.238650 37.682198 -42.972481 0.000000 0.000000 0.000000 -0.506625 0.862167
1760597864.474477 37.699297 -43.028847 0.000000 0.000000 0.000000 -0.495330 0.868705
1760597864.705302 37.720855 -43.091379 0.000000 0.000000 0.000000 -0.480073 0.877229
1760597864.905306 37.742095 -43.159868 0.000000 0.000000 0.000000 -0.467059 0.884226
1760597865.141121 37.755069 -43.232128 0.000000 0.000000 0.000000 -0.452348 0.891842
1760597865.371977 37.765579 -43.290724 0.000000 0.000000 0.000000 -0.442537 0.896750
1760597865.638641 37.784086 -43.354600 0.000000 0.000000 0.000000 -0.426703 0.904392
1760597865.871965 37.809475 -43.424193 0.000000 0.000000 0.000000 -0.408236 0.912876
1760597866.075128 37.809671 -43.424618 0.000000 0.000000 0.000000 -0.398248 0.917278
1760597866.305303 37.843397 -43.506172 0.000000 0.000000 0.000000 -0.379564 0.925166
1760597866.538632 37.880562 -43.584206 0.000000 0.000000 0.000000 -0.363279 0.931680
1760597866.771964 37.920564 -43.660747 0.000000 0.000000 0.000000 -0.343507 0.939150
1760597866.974172 37.962714 -43.737204 0.000000 0.000000 0.000000 -0.324112 0.946019
1760597867.241123 38.007567 -43.811278 0.000000 0.000000 0.000000 -0.302924 0.953015
1760597867.471984 38.057937 -43.886687 0.000000 0.000000 0.000000 -0.282362 0.959308
1760597867.738631 38.110375 -43.961824 0.000000 0.000000 0.000000 -0.256863 0.966448
1760597867.938643 38.110811 -43.962286 0.000000 0.000000 0.000000 -0.241385 0.970429
1760597868.171966 38.150828 -44.042352 0.000000 0.000000 0.000000 -0.236874 0.971540
1760597868.371967 38.195061 -44.117295 0.000000 0.000000 0.000000 -0.225922 0.974146
1760597868.605306 38.240613 -44.188981 0.000000 0.000000 0.000000 -0.208347 0.978055
1760597868.841148 38.281328 -44.264446 0.000000 0.000000 0.000000 -0.194932 0.980817
1760597869.071969 38.326733 -44.339225 0.000000 0.000000 0.000000 -0.177638 0.984096
1760597869.305299 38.377656 -44.411593 0.000000 0.000000 0.000000 -0.164562 0.986367
1760597869.541134 38.433616 -44.481861 0.000000 0.000000 0.000000 -0.146968 0.989141
1760597869.771964 38.494129 -44.550173 0.000000 0.000000 0.000000 -0.128632 0.991692
1760597869.971977 38.494551 -44.550576 0.000000 0.000000 0.000000 -0.114610 0.993411
1760597870.205314 38.567454 -44.623998 0.000000 0.000000 0.000000 -0.098885 0.995099
1760597870.438635 38.639222 -44.691530 0.000000 0.000000 0.000000 -0.081329 0.996687
1760597870.673124 38.713554 -44.750215 0.000000 0.000000 0.000000 -0.060344 0.998178
1760597870.905296 38.790580 -44.802787 0.000000 0.000000 0.000000 -0.039224 0.999230
1760597871.105311 38.851230 -44.844195 0.000000 0.000000 0.000000 -0.028683 0.999589
1760597871.338632 38.916889 -44.881984 0.000000 0.000000 0.000000 -0.013050 0.999915
1760597871.538639 38.989002 -44.915721 0.000000 0.000000 0.000000 -0.005477 0.999985
1760597871.771979 39.052417 -44.925514 0.000000 0.000000 0.000000 0.010293 0.999947
1760597872.005325 39.123287 -44.935200 0.000000 0.000000 0.000000 0.026950 0.999637
1760597872.205343 39.123776 -44.935294 0.000000 0.000000 0.000000 0.040573 0.999177
1760597872.438632 39.191479 -44.931514 0.000000 0.000000 0.000000 0.046906 0.998899
1760597872.638637 39.263608 -44.929330 0.000000 0.000000 0.000000 0.052151 0.998639
1760597872.838650 39.337987 -44.927292 0.000000 0.000000 0.000000 0.059151 0.998249
1760597873.071971 39.414817 -44.925604 0.000000 0.000000 0.000000 0.065378 0.997861
1760597873.338637 39.496255 -44.922882 0.000000 0.000000 0.000000 0.070436 0.997516
1760597873.605294 39.563421 -44.920641 0.000000 0.000000 0.000000 0.071492 0.997441
1760597873.805305 39.563924 -44.920601 0.000000 0.000000 0.000000 0.078998 0.996875
1760597874.005309 39.647374 -44.918793 0.000000 0.000000 0.000000 0.066605 0.997779
1760597874.238635 39.719964 -44.934550 0.000000 0.000000 0.000000 0.052856 0.998602
1760597874.438639 39.775629 -44.946637 0.000000 0.000000 0.000000 0.042949 0.999077
1760597874.705293 39.837688 -44.952869 0.000000 0.000000 0.000000 0.029251 0.999572
1760597874.905295 39.838106 -44.952933 0.000000 0.000000 0.000000 0.028190 0.999603
1760597875.105300 39.917132 -44.958258 0.000000 0.000000 0.000000 0.015950 0.999873
1760597875.338632 39.972944 -44.941815 0.000000 0.000000 0.000000 0.010284 0.999947
1760597875.538634 40.036215 -44.927720 0.000000 0.000000 0.000000 0.001961 0.999998
1760597875.771965 40.104276 -44.915549 0.000000 0.000000 0.000000 -0.008958 0.999960
1760597875.971967 40.178257 -44.906040 0.000000 0.000000 0.000000 -0.017603 0.999845
1760597876.205301 40.255318 -44.900619 0.000000 0.000000 0.000000 -0.029176 0.999574
1760597876.405309 40.255765 -44.900607 0.000000 0.000000 0.000000 -0.034978 0.999388
1760597876.605459 40.348073 -44.897111 0.000000 0.000000 0.000000 -0.042595 0.999092
1760597876.841691 40.436790 -44.897264 0.000000 0.000000 0.000000 -0.049465 0.998776
1760597877.071964 40.519902 -44.883531 0.000000 0.000000 0.000000 -0.050505 0.998724
1760597877.271970 40.604747 -44.876273 0.000000 0.000000 0.000000 -0.053257 0.998581
1760597877.472097 40.690008 -44.871409 0.000000 0.000000 0.000000 -0.055145 0.998478
1760597877.705291 40.776397 -44.868460 0.000000 0.000000 0.000000 -0.059216 0.998245
1760597877.905294 40.776937 -44.868450 0.000000 0.000000 0.000000 -0.063553 0.997978
1760597878.105299 40.876549 -44.873731 0.000000 0.000000 0.000000 -0.065374 0.997861
1760597878.338637 40.970728 -44.881303 0.000000 0.000000 0.000000 -0.068097 0.997679
1760597878.571964 41.064164 -44.890524 0.000000 0.000000 0.000000 -0.070659 0.997501
1760597878.771968 41.155653 -44.895524 0.000000 0.000000 0.000000 -0.070833 0.997488
1760597878.971992 41.246007 -44.901531 0.000000 0.000000 0.000000 -0.069948 0.997551
1760597879.238654 41.336269 -44.909449 0.000000 0.000000 0.000000 -0.068523 0.997650
1760597879.505299 41.411852 -44.916080 0.000000 0.000000 0.000000 -0.066543 0.997784
1760597879.738636 41.493645 -44.923570 0.000000 0.000000 0.000000 -0.061842 0.998086
1760597879.938637 41.494198 -44.923611 0.000000 0.000000 0.000000 -0.062322 0.998056
1760597880.171971 41.588846 -44.933987 0.000000 0.000000 0.000000 -0.054358 0.998522
1760597880.408128 41.680310 -44.945495 0.000000 0.000000 0.000000 -0.048074 0.998844
1760597880.638633 41.754194 -44.948694 0.000000 0.000000 0.000000 -0.041279 0.999148
1760597880.838636 41.831605 -44.952519 0.000000 0.000000 0.000000 -0.031086 0.999517
1760597881.038637 41.910611 -44.957801 0.000000 0.000000 0.000000 -0.023787 0.999717
1760597881.272145 41.991469 -44.965659 0.000000 0.000000 0.000000 -0.015534 0.999879
1760597881.505295 42.076586 -44.972730 0.000000 0.000000 0.000000 -0.006865 0.999976
1760597881.771964 42.164922 -44.980701 0.000000 0.000000 0.000000 0.003436 0.999994
1760597882.005362 42.251971 -44.973703 0.000000 0.000000 0.000000 0.016102 0.999870
1760597882.273134 42.301947 -44.970318 0.000000 0.000000 0.000000 0.026017 0.999661
1760597882.505298 42.362782 -44.968585 0.000000 0.000000 0.000000 0.035732 0.999361
1760597882.705309 42.363245 -44.968538 0.000000 0.000000 0.000000 0.042374 0.999102
1760597882.938634 42.439322 -44.966925 0.000000 0.000000 0.000000 0.045477 0.998965
1760597883.138650 42.517175 -44.965165 0.000000 0.000000 0.000000 0.047651 0.998864
1760597883.371969 42.595564 -44.963238 0.000000 0.000000 0.000000 0.050595 0.998719
1760597883.605291 42.677170 -44.960353 0.000000 0.000000 0.000000 0.052879 0.998601
1760597883.805294 42.677628 -44.960318 0.000000 0.000000 0.000000 0.057493 0.998346
1760597884.005298 42.772452 -44.956563 0.000000 0.000000 0.000000 0.056683 0.998392
1760597884.205299 42.861804 -44.957611 0.000000 0.000000 0.000000 0.057400 0.998351
1760597884.439149 42.949321 -44.957281 0.000000 0.000000 0.000000 0.059494 0.998229
1760597884.671969 43.037061 -44.964659 0.000000 0.000000 0.000000 0.058458 0.998290
1760597884.905267 43.126630 -44.968818 0.000000 0.000000 0.000000 0.057526 0.998344
1760597885.105298 43.217866 -44.972742 0.000000 0.000000 0.000000 0.056842 0.998383
1760597885.338640 43.307713 -44.970308 0.000000 0.000000 0.000000 0.056468 0.998404
1760597885.605299 43.399916 -44.965307 0.000000 0.000000 0.000000 0.057420 0.998350
1760597885.838635 43.495444 -44.956340 0.000000 0.000000 0.000000 0.059533 0.998226
1760597886.071973 43.591307 -44.947435 0.000000 0.000000 0.000000 0.061510 0.998106
1760597886.338638 43.686790 -44.934302 0.000000 0.000000 0.000000 0.064222 0.997936
1760597886.571977 43.774188 -44.939630 0.000000 0.000000 0.000000 0.062614 0.998038
1760597886.838640 43.856654 -44.958480 0.000000 0.000000 0.000000 0.058402 0.998293
1760597887.071991 43.943850 -44.973733 0.000000 0.000000 0.000000 0.054902 0.998492
1760597887.340246 44.027474 -44.984324 0.000000 0.000000 0.000000 0.051800 0.998657
1760597887.606549 44.097957 -45.001229 0.000000 0.000000 0.000000 0.047740 0.998860
1760597887.873125 44.173649 -45.017251 0.000000 0.000000 0.000000 0.042501 0.999096
1760597888.142134 44.225903 -45.012874 0.000000 0.000000 0.000000 0.048940 0.998802
1760597888.371969 44.284590 -45.020240 0.000000 0.000000 0.000000 0.045477 0.998965
1760597888.571973 44.285034 -45.020293 0.000000 0.000000 0.000000 0.044683 0.999001
1760597888.805297 44.358411 -45.024172 0.000000 0.000000 0.000000 0.041703 0.999130
1760597889.005322 44.433659 -45.023112 0.000000 0.000000 0.000000 0.040156 0.999193
1760597889.238642 44.509908 -45.021040 0.000000 0.000000 0.000000 0.039098 0.999235
1760597889.471965 44.586557 -45.029427 0.000000 0.000000 0.000000 0.033947 0.999424
1760597889.674132 44.657529 -45.022301 0.000000 0.000000 0.000000 0.032519 0.999471
1760597889.938629 44.732286 -45.016171 0.000000 0.000000 0.000000 0.030849 0.999524
1760597890.172005 44.813416 -45.008012 0.000000 0.000000 0.000000 0.030423 0.999537
1760597890.438860 44.897822 -45.000041 0.000000 0.000000 0.000000 0.030085 0.999547
1760597890.671975 44.986339 -44.992185 0.000000 0.000000 0.000000 0.029995 0.999550
1760597890.938634 45.076088 -44.982812 0.000000 0.000000 0.000000 0.029557 0.999563
1760597891.205273 45.165625 -44.977682 0.000000 0.000000 0.000000 0.029531 0.999564
1760597891.438626 45.247301 -44.956573 0.000000 0.000000 0.000000 0.032161 0.999483
1760597891.638629 45.247881 -44.956491 0.000000 0.000000 0.000000 0.031892 0.999491
1760597891.838633 45.341869 -44.936756 0.000000 0.000000 0.000000 0.033388 0.999442
1760597892.042129 45.415395 -44.940929 0.000000 0.000000 0.000000 0.028428 0.999596
1760597892.271968 45.489761 -44.937822 0.000000 0.000000 0.000000 0.025716 0.999669
1760597892.473163 45.564098 -44.942055 0.000000 0.000000 0.000000 0.019620 0.999808
1760597892.705300 45.634786 -44.959833 0.000000 0.000000 0.000000 0.012457 0.999922
1760597892.971984 45.707628 -44.978923 0.000000 0.000000 0.000000 0.005867 0.999983
1760597893.241145 45.787660 -44.993896 0.000000 0.000000 0.000000 0.002796 0.999996
1760597893.471988 45.872770 -45.009332 0.000000 0.000000 0.000000 0.002331 0.999997
1760597893.738634 45.943446 -45.040790 0.000000 0.000000 0.000000 -0.006892 0.999976
1760597893.971956 46.020965 -45.066823 0.000000 0.000000 0.000000 -0.011461 0.999934
1760597894.171982 46.021480 -45.066993 0.000000 0.000000 0.000000 -0.014713 0.999892
1760597894.372019 46.097342 -45.102249 0.000000 0.000000 0.000000 -0.018831 0.999823
1760597894.605318 46.173555 -45.127431 0.000000 0.000000 0.000000 -0.021021 0.999779
1760597894.838634 46.252652 -45.147145 0.000000 0.000000 0.000000 -0.021855 0.999761
1760597895.038640 46.334340 -45.164183 0.000000 0.000000 0.000000 -0.021505 0.999769
1760597895.271968 46.416856 -45.177246 0.000000 0.000000 0.000000 -0.021684 0.999765
1760597895.505291 46.483384 -45.187774 0.000000 0.000000 0.000000 -0.021361 0.999772
1760597895.705292 46.483861 -45.187882 0.000000 0.000000 0.000000 -0.023023 0.999735
1760597895.905300 46.565969 -45.196489 0.000000 0.000000 0.000000 -0.020478 0.999790
1760597896.105301 46.640841 -45.217476 0.000000 0.000000 0.000000 -0.021844 0.999761
1760597896.305341 46.717552 -45.233288 0.000000 0.000000 0.000000 -0.022741 0.999741
1760597896.538764 46.796637 -45.245570 0.000000 0.000000 0.000000 -0.023375 0.999727
1760597896.771997 46.880043 -45.256450 0.000000 0.000000 0.000000 -0.023090 0.999733
1760597897.007205 46.966874 -45.265673 0.000000 0.000000 0.000000 -0.021712 0.999764
1760597897.238629 47.054009 -45.263939 0.000000 0.000000 0.000000 -0.015641 0.999878
1760597897.438639 47.054546 -45.263979 0.000000 0.000000 0.000000 -0.015256 0.999884
1760597897.671978 47.154523 -45.267818 0.000000 0.000000 0.000000 -0.010709 0.999943
1760597897.905300 47.250746 -45.271844 0.000000 0.000000 0.000000 -0.007463 0.999972
1760597898.138633 47.345009 -45.277098 0.000000 0.000000 0.000000 -0.005897 0.999983
1760597898.371977 47.438674 -45.280422 0.000000 0.000000 0.000000 -0.004095 0.999992
1760597898.605300 47.532493 -45.283975 0.000000 0.000000 0.000000 -0.002981 0.999996
1760597898.838639 47.626612 -45.287679 0.000000 0.000000 0.000000 -0.002042 0.999998
1760597899.038641 47.721242 -45.289032 0.000000 0.000000 0.000000 -0.000133 1.000000
1760597899.271966 47.814538 -45.291149 0.000000 0.000000 0.000000 0.002996 0.999996
1760597899.471986 47.909470 -45.294440 0.000000 0.000000 0.000000 0.006242 0.999981
1760597899.738634 48.003695 -45.296346 0.000000 0.000000 0.000000 0.011762 0.999931
1760597899.971975 48.102099 -45.298292 0.000000 0.000000 0.000000 0.018425 0.999830
1760597900.238643 48.200786 -45.299805 0.000000 0.000000 0.000000 0.026895 0.999638
1760597900.505293 48.301677 -45.303544 0.000000 0.000000 0.000000 0.035679 0.999363
1760597900.738652 48.403562 -45.308672 0.000000 0.000000 0.000000 0.043211 0.999066
1760597901.005295 48.503736 -45.310274 0.000000 0.000000 0.000000 0.054241 0.998528
1760597901.238655 48.605047 -45.310271 0.000000 0.000000 0.000000 0.067145 0.997743
1760597901.505301 48.704811 -45.308440 0.000000 0.000000 0.000000 0.082620 0.996581
1760597901.771981 48.805889 -45.306945 0.000000 0.000000 0.000000 0.099880 0.994999
1760597902.005323 48.907418 -45.307191 0.000000 0.000000 0.000000 0.115973 0.993252
1760597902.271964 49.007093 -45.305862 0.000000 0.000000 0.000000 0.135417 0.990789
1760597902.471968 49.007855 -45.305753 0.000000 0.000000 0.000000 0.145171 0.989407
1760597902.672022 49.120111 -45.304454 0.000000 0.000000 0.000000 0.157170 0.987572
1760597902.905297 49.222313 -45.303385 0.000000 0.000000 0.000000 0.172891 0.984941
1760597903.105300 49.320921 -45.300264 0.000000 0.000000 0.000000 0.190174 0.981750
1760597903.338633 49.415805 -45.295375 0.000000 0.000000 0.000000 0.212418 0.977179
1760597903.571960 49.511076 -45.293901 0.000000 0.000000 0.000000 0.235344 0.971912
1760597903.805296 49.606324 -45.287694 0.000000 0.000000 0.000000 0.260059 0.965593
1760597904.005299 49.606917 -45.287552 0.000000 0.000000 0.000000 0.274667 0.961539
1760597904.238635 49.713816 -45.275698 0.000000 0.000000 0.000000 0.294996 0.955499
1760597904.471965 49.813927 -45.259827 0.000000 0.000000 0.000000 0.317049 0.948409
1760597904.671968 49.910299 -45.242047 0.000000 0.000000 0.000000 0.337472 0.941335
1760597904.905297 49.998157 -45.215286 0.000000 0.000000 0.000000 0.362105 0.932137
1760597905.138634 50.086539 -45.186583 0.000000 0.000000 0.000000 0.386928 0.922110
1760597905.371985 50.175773 -45.156949 0.000000 0.000000 0.000000 0.411678 0.911329
1760597905.571997 50.176297 -45.156662 0.000000 0.000000 0.000000 0.429194 0.903212
1760597905.805295 50.277432 -45.130851 0.000000 0.000000 0.000000 0.445637 0.895214
1760597906.005297 50.369772 -45.098436 0.000000 0.000000 0.000000 0.461688 0.887043
1760597906.205300 50.458557 -45.074692 0.000000 0.000000 0.000000 0.479303 0.877650
1760597906.438631 50.540968 -45.042781 0.000000 0.000000 0.000000 0.501309 0.865268
1760597906.671963 50.620207 -45.002528 0.000000 0.000000 0.000000 0.523374 0.852103
1760597906.905294 50.696442 -44.955098 0.000000 0.000000 0.000000 0.543649 0.839312
1760597907.105295 50.696890 -44.954746 0.000000 0.000000 0.000000 0.560182 0.828369
1760597907.305427 50.776975 -44.892952 0.000000 0.000000 0.000000 0.568441 0.822724
1760597907.506204 50.847115 -44.830044 0.000000 0.000000 0.000000 0.578975 0.815346
1760597907.738635 50.910452 -44.765032 0.000000 0.000000 0.000000 0.593096 0.805132
1760597907.971974 50.972507 -44.697402 0.000000 0.000000 0.000000 0.605613 0.795760
1760597908.205295 51.030277 -44.625449 0.000000 0.000000 0.000000 0.617544 0.786537
1760597908.438629 51.083843 -44.549580 0.000000 0.000000 0.000000 0.627631 0.778511
1760597908.638632 51.084150 -44.549089 0.000000 0.000000 0.000000 0.639512 0.768781
1760597908.841138 51.139897 -44.459974 0.000000 0.000000 0.000000 0.639368 0.768901
1760597909.071969 51.187840 -44.374763 0.000000 0.000000 0.000000 0.643580 0.765379
1760597909.309045 51.230759 -44.289572 0.000000 0.000000 0.000000 0.647211 0.762311
1760597909.538632 51.250771 -44.208059 0.000000 0.000000 0.000000 0.652524 0.757768
1760597909.772007 51.271366 -44.124475 0.000000 0.000000 0.000000 0.655655 0.755060
1760597910.038635 51.293321 -44.038844 0.000000 0.000000 0.000000 0.658443 0.752630
1760597910.272019 51.314562 -43.949139 0.000000 0.000000 0.000000 0.658375 0.752690
1760597910.538633 51.334769 -43.858471 0.000000 0.000000 0.000000 0.658916 0.752216
1760597910.738637 51.334913 -43.857824 0.000000 0.000000 0.000000 0.663169 0.748470
1760597910.971965 51.356720 -43.753220 0.000000 0.000000 0.000000 0.658823 0.752298
1760597911.173979 51.357105 -43.661481 0.000000 0.000000 0.000000 0.658757 0.752356
1760597911.405299 51.359386 -43.573047 0.000000 0.000000 0.000000 0.659549 0.751662
1760597911.638636 51.368827 -43.485352 0.000000 0.000000 0.000000 0.659986 0.751278
1760597911.838648 51.378996 -43.396325 0.000000 0.000000 0.000000 0.660301 0.751001
1760597912.105298 51.393888 -43.308867 0.000000 0.000000 0.000000 0.660649 0.750695
1760597912.371962 51.408694 -43.216824 0.000000 0.000000 0.000000 0.660845 0.750523
1760597912.605300 51.423550 -43.121921 0.000000 0.000000 0.000000 0.661111 0.750288
1760597912.805325 51.423632 -43.121318 0.000000 0.000000 0.000000 0.662252 0.749281
1760597913.038636 51.441497 -43.015492 0.000000 0.000000 0.000000 0.661520 0.749927
1760597913.238637 51.458563 -42.915920 0.000000 0.000000 0.000000 0.661219 0.750193
1760597913.471969 51.474636 -42.821601 0.000000 0.000000 0.000000 0.661162 0.750244
1760597913.705300 51.493300 -42.728370 0.000000 0.000000 0.000000 0.660560 0.750774
1760597913.938631 51.510907 -42.634839 0.000000 0.000000 0.000000 0.660066 0.751207
1760597914.138639 51.511011 -42.634258 0.000000 0.000000 0.000000 0.660372 0.750939
1760597914.371965 51.531460 -42.528981 0.000000 0.000000 0.000000 0.658659 0.752442
1760597914.573129 51.548570 -42.429261 0.000000 0.000000 0.000000 0.656865 0.754008
1760597914.805300 51.573414 -42.338485 0.000000 0.000000 0.000000 0.653897 0.756584
1760597915.005301 51.595251 -42.247271 0.000000 0.000000 0.000000 0.650461 0.759539
1760597915.238639 51.614492 -42.157128 0.000000 0.000000 0.000000 0.646479 0.762932
1760597915.505296 51.642938 -42.072137 0.000000 0.000000 0.000000 0.640885 0.767637
1760597915.705298 51.643120 -42.071521 0.000000 0.000000 0.000000 0.639043 0.769171
1760597915.938631 51.669772 -41.970812 0.000000 0.000000 0.000000 0.635476 0.772121
1760597916.138637 51.693969 -41.875039 0.000000 0.000000 0.000000 0.632556 0.774515
1760597916.338637 51.717301 -41.783999 0.000000 0.000000 0.000000 0.629649 0.776880
1760597916.571964 51.739454 -41.694767 0.000000 0.000000 0.000000 0.626812 0.779171
1760597916.805302 51.759650 -41.603686 0.000000 0.000000 0.000000 0.624681 0.780880
1760597917.071980 51.781531 -41.511675 0.000000 0.000000 0.000000 0.623232 0.782037
1760597917.305306 51.801082 -41.416204 0.000000 0.000000 0.000000 0.624205 0.781261
1760597917.571973 51.822549 -41.321405 0.000000 0.000000 0.000000 0.625503 0.780222
1760597917.838641 51.843750 -41.224336 0.000000 0.000000 0.000000 0.627764 0.778404
1760597918.105298 51.871597 -41.128709 0.000000 0.000000 0.000000 0.629551 0.776959
1760597918.338631 51.897083 -41.031887 0.000000 0.000000 0.000000 0.631829 0.775108
1760597918.538635 51.897244 -41.031235 0.000000 0.000000 0.000000 0.631866 0.775077
1760597918.771967 51.925120 -40.924779 0.000000 0.000000 0.000000 0.634785 0.772689
1760597918.971970 51.948887 -40.824965 0.000000 0.000000 0.000000 0.637386 0.770545
1760597919.171973 51.972117 -40.731201 0.000000 0.000000 0.000000 0.639471 0.768815
1760597919.405305 51.995870 -40.640467 0.000000 0.000000 0.000000 0.641147 0.767418
1760597919.671970 52.019413 -40.548660 0.000000 0.000000 0.000000 0.642388 0.766379
1760597919.905295 52.043787 -40.454043 0.000000 0.000000 0.000000 0.643133 0.765754
1760597920.105303 52.043928 -40.453449 0.000000 0.000000 0.000000 0.644032 0.764999
1760597920.338633 52.069836 -40.347418 0.000000 0.000000 0.000000 0.643804 0.765190
1760597920.571968 52.091823 -40.247354 0.000000 0.000000 0.000000 0.643625 0.765341
1760597920.805302 52.108996 -40.150373 0.000000 0.000000 0.000000 0.643644 0.765325
1760597921.038635 52.124917 -40.054886 0.000000 0.000000 0.000000 0.643409 0.765522
1760597921.271971 52.140908 -39.960049 0.000000 0.000000 0.000000 0.642988 0.765877
1760597921.472723 52.157146 -39.865380 0.000000 0.000000 0.000000 0.642434 0.766341
1760597921.705294 52.177727 -39.773895 0.000000 0.000000 0.000000 0.641060 0.767491
1760597921.938632 52.197267 -39.680675 0.000000 0.000000 0.000000 0.639928 0.768435
1760597922.138634 52.197396 -39.680051 0.000000 0.000000 0.000000 0.639744 0.768588
1760597922.338637 52.221330 -39.574389 0.000000 0.000000 0.000000 0.638333 0.769760
1760597922.571969 52.241185 -39.475806 0.000000 0.000000 0.000000 0.637070 0.770806
1760597922.771972 52.258709 -39.379105 0.000000 0.000000 0.000000 0.636494 0.771281
1760597922.972013 52.274571 -39.285222 0.000000 0.000000 0.000000 0.636160 0.771557
1760597923.238637 52.293684 -39.193423 0.000000 0.000000 0.000000 0.635729 0.771913
1760597923.507127 52.309619 -39.116888 0.000000 0.000000 0.000000 0.635518 0.772086
1760597923.738650 52.304106 -39.046669 0.000000 0.000000 0.000000 0.640650 0.767833
1760597924.005291 52.305551 -38.972524 0.000000 0.000000 0.000000 0.644925 0.764246
1760597924.205295 52.305586 -38.971946 0.000000 0.000000 0.000000 0.645769 0.763533
1760597924.405300 52.319923 -38.886288 0.000000 0.000000 0.000000 0.648049 0.761599
1760597924.605306 52.334750 -38.803605 0.000000 0.000000 0.000000 0.649597 0.760279
1760597924.838638 52.345725 -38.721333 0.000000 0.000000 0.000000 0.651645 0.758524
1760597925.042133 52.358736 -38.636951 0.000000 0.000000 0.000000 0.652821 0.757513
1760597925.271987 52.373769 -38.552465 0.000000 0.000000 0.000000 0.653933 0.756552
1760597925.505276 52.393258 -38.466426 0.000000 0.000000 0.000000 0.654427 0.756125
1760597925.705298 52.393344 -38.465896 0.000000 0.000000 0.000000 0.655463 0.755228
1760597925.938631 52.414210 -38.365990 0.000000 0.000000 0.000000 0.656413 0.754401
1760597926.171964 52.435271 -38.270478 0.000000 0.000000 0.000000 0.657618 0.753351
1760597926.371980 52.455077 -38.177040 0.000000 0.000000 0.000000 0.658341 0.752720
1760597926.573131 52.471931 -38.085977 0.000000 0.000000 0.000000 0.659158 0.752004
1760597926.805305 52.496506 -37.999385 0.000000 0.000000 0.000000 0.658478 0.752600
1760597927.038630 52.521315 -37.911100 0.000000 0.000000 0.000000 0.657848 0.753151
1760597927.271968 52.544003 -37.820414 0.000000 0.000000 0.000000 0.657359 0.753577
1760597927.471994 52.544145 -37.819832 0.000000 0.000000 0.000000 0.657727 0.753256
1760597927.705297 52.568958 -37.715939 0.000000 0.000000 0.000000 0.656485 0.754339
1760597927.905301 52.591862 -37.617155 0.000000 0.000000 0.000000 0.655895 0.754852
1760597928.105306 52.612282 -37.523152 0.000000 0.000000 0.000000 0.655084 0.755556
1760597928.306129 52.631196 -37.431244 0.000000 0.000000 0.000000 0.654652 0.755931
1760597928.538643 52.650068 -37.340119 0.000000 0.000000 0.000000 0.654159 0.756357
1760597928.807152 52.668532 -37.246774 0.000000 0.000000 0.000000 0.653522 0.756908
1760597929.075154 52.685618 -37.149423 0.000000 0.000000 0.000000 0.653356 0.757050
1760597929.305310 52.702278 -37.050036 0.000000 0.000000 0.000000 0.653310 0.757091
1760597929.538633 52.716571 -36.951804 0.000000 0.000000 0.000000 0.653614 0.756828
1760597929.738634 52.716685 -36.951148 0.000000 0.000000 0.000000 0.653506 0.756921
1760597929.971969 52.732330 -36.841453 0.000000 0.000000 0.000000 0.653491 0.756934
1760597930.205298 52.746986 -36.738497 0.000000 0.000000 0.000000 0.653501 0.756926
1760597930.438630 52.761516 -36.639496 0.000000 0.000000 0.000000 0.653849 0.756625
1760597930.638640 52.774132 -36.542334 0.000000 0.000000 0.000000 0.654131 0.756381
1760597930.838643 52.790487 -36.449115 0.000000 0.000000 0.000000 0.654272 0.756259
1760597931.038665 52.804722 -36.356816 0.000000 0.000000 0.000000 0.654291 0.756243
1760597931.305295 52.817903 -36.264524 0.000000 0.000000 0.000000 0.653702 0.756752
1760597931.538627 52.829917 -36.167513 0.000000 0.000000 0.000000 0.652891 0.757452
1760597931.771976 52.843359 -36.070211 0.000000 0.000000 0.000000 0.651139 0.758959
1760597931.971978 52.843454 -36.069564 0.000000 0.000000 0.000000 0.650773 0.759272
1760597932.205322 52.834904 -35.980906 0.000000 0.000000 0.000000 0.654166 0.756351
1760597932.405355 52.825927 -35.893309 0.000000 0.000000 0.000000 0.656337 0.754468
1760597932.638645 52.820369 -35.807396 0.000000 0.000000 0.000000 0.656919 0.753961
1760597932.871974 52.819600 -35.719969 0.000000 0.000000 0.000000 0.656596 0.754243
1760597933.105314 52.820900 -35.630765 0.000000 0.000000 0.000000 0.655235 0.755425
1760597933.372009 52.825303 -35.540097 0.000000 0.000000 0.000000 0.653219 0.757169
1760597933.605294 52.825317 -35.539335 0.000000 0.000000 0.000000 0.652988 0.757369
1760597933.805315 52.831361 -35.432229 0.000000 0.000000 0.000000 0.651313 0.758810
1760597934.038661 52.840048 -35.334375 0.000000 0.000000 0.000000 0.649864 0.760050
1760597934.272374 52.848444 -35.239130 0.000000 0.000000 0.000000 0.648969 0.760815
1760597934.505296 52.853160 -35.144899 0.000000 0.000000 0.000000 0.650361 0.759625
1760597934.705298 52.853195 -35.144357 0.000000 0.000000 0.000000 0.650073 0.759872
1760597934.905300 52.861462 -35.039327 0.000000 0.000000 0.000000 0.651680 0.758494
1760597935.138634 52.864447 -34.942279 0.000000 0.000000 0.000000 0.653890 0.756589
1760597935.338635 52.869594 -34.847374 0.000000 0.000000 0.000000 0.655745 0.754982
1760597935.538637 52.876000 -34.755195 0.000000 0.000000 0.000000 0.657560 0.753402
1760597935.805304 52.884981 -34.664161 0.000000 0.000000 0.000000 0.658994 0.752148
1760597936.038632 52.893994 -34.568946 0.000000 0.000000 0.000000 0.660118 0.751162
1760597936.305297 52.903730 -34.473258 0.000000 0.000000 0.000000 0.661261 0.750156
1760597936.573134 52.915652 -34.375248 0.000000 0.000000 0.000000 0.661855 0.749632
1760597936.805367 52.929684 -34.276120 0.000000 0.000000 0.000000 0.662283 0.749253
1760597937.071902 52.944089 -34.178444 0.000000 0.000000 0.000000 0.662906 0.748702
1760597937.272021 52.944174 -34.177714 0.000000 0.000000 0.000000 0.663534 0.748146
1760597937.505306 52.961463 -34.067299 0.000000 0.000000 0.000000 0.663523 0.748156
1760597937.705311 52.977657 -33.964698 0.000000 0.000000 0.000000 0.663404 0.748261
1760597937.938636 52.993302 -33.868463 0.000000 0.000000 0.000000 0.663631 0.748060
1760597938.140280 53.006805 -33.773098 0.000000 0.000000 0.000000 0.664144 0.747604
1760597938.371959 53.020834 -33.680024 0.000000 0.000000 0.000000 0.664383 0.747392
1760597938.571992 53.020919 -33.679431 0.000000 0.000000 0.000000 0.664774 0.747044
1760597938.805300 53.038121 -33.573728 0.000000 0.000000 0.000000 0.664600 0.747199
1760597939.038636 53.051807 -33.473177 0.000000 0.000000 0.000000 0.665069 0.746782
1760597939.271966 53.064238 -33.375580 0.000000 0.000000 0.000000 0.665407 0.746481
1760597939.475139 53.072265 -33.279492 0.000000 0.000000 0.000000 0.666452 0.745548
1760597939.705298 53.079034 -33.185590 0.000000 0.000000 0.000000 0.667953 0.744204
1760597939.905298 53.086279 -33.090921 0.000000 0.000000 0.000000 0.669125 0.743150
1760597940.171968 53.094734 -32.997383 0.000000 0.000000 0.000000 0.670285 0.742104
1760597940.405305 53.104861 -32.900020 0.000000 0.000000 0.000000 0.670999 0.741459
1760597940.671969 53.113074 -32.802311 0.000000 0.000000 0.000000 0.671413 0.741083
1760597940.871985 53.113133 -32.801597 0.000000 0.000000 0.000000 0.672014 0.740538
1760597941.074145 53.124052 -32.689949 0.000000 0.000000 0.000000 0.671391 0.741103
1760597941.305298 53.134147 -32.587713 0.000000 0.000000 0.000000 0.670989 0.741467
1760597941.505299 53.144455 -32.488979 0.000000 0.000000 0.000000 0.670420 0.741982
1760597941.742148 53.155104 -32.393843 0.000000 0.000000 0.000000 0.669667 0.742661
1760597941.971962 53.163512 -32.297876 0.000000 0.000000 0.000000 0.669280 0.743010
1760597942.205291 53.185025 -32.208405 0.000000 0.000000 0.000000 0.664201 0.747554
1760597942.405299 53.185121 -32.207809 0.000000 0.000000 0.000000 0.663534 0.748146
1760597942.638633 53.202453 -32.105195 0.000000 0.000000 0.000000 0.659780 0.751459
1760597942.838639 53.219848 -32.007577 0.000000 0.000000 0.000000 0.657417 0.753527
1760597943.041144 53.235886 -31.914403 0.000000 0.000000 0.000000 0.655571 0.755134
1760597943.305324 53.252217 -31.823078 0.000000 0.000000 0.000000 0.653736 0.756723
1760597943.571979 53.268894 -31.728443 0.000000 0.000000 0.000000 0.652003 0.758216
1760597943.838633 53.286174 -31.631686 0.000000 0.000000 0.000000 0.650832 0.759222
1760597944.105291 53.304015 -31.533756 0.000000 0.000000 0.000000 0.649594 0.760282
1760597944.305298 53.304149 -31.533075 0.000000 0.000000 0.000000 0.648396 0.761303
1760597944.505300 53.323717 -31.423281 0.000000 0.000000 0.000000 0.648572 0.761153
1760597944.738634 53.340809 -31.323316 0.000000 0.000000 0.000000 0.648126 0.761533
1760597944.971982 53.356798 -31.226612 0.000000 0.000000 0.000000 0.647607 0.761974
1760597945.205307 53.372874 -31.131488 0.000000 0.000000 0.000000 0.646925 0.762554
1760597945.438632 53.388454 -31.036838 0.000000 0.000000 0.000000 0.646197 0.763170
1760597945.672179 53.404831 -30.942336 0.000000 0.000000 0.000000 0.645557 0.763712
1760597945.905293 53.420504 -30.847431 0.000000 0.000000 0.000000 0.645128 0.764074
1760597946.105297 53.420613 -30.846816 0.000000 0.000000 0.000000 0.644437 0.764657
1760597946.305301 53.436831 -30.739663 0.000000 0.000000 0.000000 0.644533 0.764577
1760597946.538635 53.453735 -30.640825 0.000000 0.000000 0.000000 0.644391 0.764697
1760597946.771970 53.466953 -30.543949 0.000000 0.000000 0.000000 0.644439 0.764656
1760597947.005298 53.481636 -30.448329 0.000000 0.000000 0.000000 0.644298 0.764775
1760597947.205301 53.497264 -30.353207 0.000000 0.000000 0.000000 0.644075 0.764962
1760597947.471957 53.512781 -30.259953 0.000000 0.000000 0.000000 0.643635 0.765333
1760597947.671964 53.512892 -30.259282 0.000000 0.000000 0.000000 0.643277 0.765634
1760597947.871969 53.532560 -30.151316 0.000000 0.000000 0.000000 0.643004 0.765862
1760597948.071971 53.551367 -30.051998 0.000000 0.000000 0.000000 0.642755 0.766072
1760597948.272946 53.568961 -29.957258 0.000000 0.000000 0.000000 0.642584 0.766215
1760597948.505302 53.585117 -29.864397 0.000000 0.000000 0.000000 0.642249 0.766496
1760597948.705380 53.585218 -29.863844 0.000000 0.000000 0.000000 0.641940 0.766755
1760597948.938634 53.603863 -29.757925 0.000000 0.000000 0.000000 0.642037 0.766674
1760597949.171968 53.623661 -29.658008 0.000000 0.000000 0.000000 0.641661 0.766988
1760597949.372004 53.639812 -29.560840 0.000000 0.000000 0.000000 0.641865 0.766818
1760597949.607141 53.654858 -29.466977 0.000000 0.000000 0.000000 0.642284 0.766467
1760597949.842156 53.669626 -29.372387 0.000000 0.000000 0.000000 0.643143 0.765746
1760597950.071951 53.685541 -29.277397 0.000000 0.000000 0.000000 0.643933 0.765082
1760597950.271989 53.685637 -29.276806 0.000000 0.000000 0.000000 0.644053 0.764981
1760597950.471995 53.709396 -29.171573 0.000000 0.000000 0.000000 0.644481 0.764620
1760597950.705301 53.729226 -29.073555 0.000000 0.000000 0.000000 0.645487 0.763771
1760597950.905304 53.748285 -28.977625 0.000000 0.000000 0.000000 0.646509 0.762907
1760597951.142128 53.765181 -28.884322 0.000000 0.000000 0.000000 0.647610 0.761972
1760597951.371956 53.781102 -28.789797 0.000000 0.000000 0.000000 0.649081 0.760720
1760597951.571981 53.781201 -28.789222 0.000000 0.000000 0.000000 0.649659 0.760226
1760597951.772040 53.798715 -28.682757 0.000000 0.000000 0.000000 0.650717 0.759321
1760597952.005304 53.811655 -28.583705 0.000000 0.000000 0.000000 0.652227 0.758024
1760597952.238636 53.825878 -28.486992 0.000000 0.000000 0.000000 0.653329 0.757074
1760597952.471964 53.841646 -28.391490 0.000000 0.000000 0.000000 0.654213 0.756310
1760597952.705295 53.857306 -28.296206 0.000000 0.000000 0.000000 0.655129 0.755517
1760597952.905296 53.857392 -28.295622 0.000000 0.000000 0.000000 0.655897 0.754850
1760597953.105325 53.874076 -28.188490 0.000000 0.000000 0.000000 0.656298 0.754501
1760597953.338648 53.890492 -28.089681 0.000000 0.000000 0.000000 0.656545 0.754286
1760597953.571972 53.904121 -27.992924 0.000000 0.000000 0.000000 0.657207 0.753710
1760597953.771981 53.900157 -27.909970 0.000000 0.000000 0.000000 0.661300 0.750122
1760597954.005291 53.898246 -27.826283 0.000000 0.000000 0.000000 0.664865 0.746963
1760597954.205296 53.898261 -27.825735 0.000000 0.000000 0.000000 0.666253 0.745726
1760597954.405302 53.897403 -27.727986 0.000000 0.000000 0.000000 0.668459 0.743749
1760597954.638641 53.896347 -27.635234 0.000000 0.000000 0.000000 0.670655 0.741770
1760597954.871964 53.898189 -27.543090 0.000000 0.000000 0.000000 0.671989 0.740561
1760597955.071978 53.901956 -27.450797 0.000000 0.000000 0.000000 0.672783 0.739840
1760597955.305298 53.906774 -27.359871 0.000000 0.000000 0.000000 0.673430 0.739251
1760597955.571965 53.912839 -27.267070 0.000000 0.000000 0.000000 0.673896 0.738826
1760597955.771969 53.912857 -27.266434 0.000000 0.000000 0.000000 0.674995 0.737822
1760597955.971972 53.920651 -27.158614 0.000000 0.000000 0.000000 0.673825 0.738891
1760597956.205303 53.928156 -27.059097 0.000000 0.000000 0.000000 0.673452 0.739231
1760597956.438636 53.937818 -26.962321 0.000000 0.000000 0.000000 0.672593 0.740013
1760597956.671971 53.954659 -26.868733 0.000000 0.000000 0.000000 0.671119 0.741349
1760597956.905326 53.969790 -26.774944 0.000000 0.000000 0.000000 0.670003 0.742358
1760597957.138631 53.984135 -26.680719 0.000000 0.000000 0.000000 0.669093 0.743179
1760597957.338634 53.984221 -26.680125 0.000000 0.000000 0.000000 0.668972 0.743287
1760597957.538637 53.997496 -26.573591 0.000000 0.000000 0.000000 0.668274 0.743915
1760597957.771966 54.012021 -26.475251 0.000000 0.000000 0.000000 0.667605 0.744516
1760597957.971969 54.025733 -26.379050 0.000000 0.000000 0.000000 0.667048 0.745015
1760597958.173126 54.037649 -26.285606 0.000000 0.000000 0.000000 0.666701 0.745326
1760597958.405257 54.049317 -26.193254 0.000000 0.000000 0.000000 0.666418 0.745578
1760597958.605303 54.049397 -26.192676 0.000000 0.000000 0.000000 0.666126 0.745839
1760597958.805335 54.063773 -26.086708 0.000000 0.000000 0.000000 0.665975 0.745974
1760597959.038635 54.077449 -25.987849 0.000000 0.000000 0.000000 0.665403 0.746485
1760597959.271965 54.090491 -25.890775 0.000000 0.000000 0.000000 0.665154 0.746706
1760597959.505302 54.102278 -25.794344 0.000000 0.000000 0.000000 0.665031 0.746816
1760597959.707127 54.112995 -25.698060 0.000000 0.000000 0.000000 0.665091 0.746763
1760597959.938635 54.124315 -25.603718 0.000000 0.000000 0.000000 0.664984 0.746858
1760597960.138636 54.124391 -25.603111 0.000000 0.000000 0.000000 0.664784 0.747036
1760597960.338637 54.138742 -25.495766 0.000000 0.000000 0.000000 0.664708 0.747103
1760597960.538639 54.151233 -25.395888 0.000000 0.000000 0.000000 0.664625 0.747177
1760597960.771989 54.162189 -25.299984 0.000000 0.000000 0.000000 0.664657 0.747149
1760597961.005239 54.173756 -25.203993 0.000000 0.000000 0.000000 0.664425 0.747355
1760597961.238644 54.184416 -25.107576 0.000000 0.000000 0.000000 0.664238 0.747521
1760597961.471954 54.211154 -25.026612 0.000000 0.000000 0.000000 0.660655 0.750689
1760597961.738626 54.235655 -24.942207 0.000000 0.000000 0.000000 0.657804 0.753189
1760597961.938628 54.235805 -24.941576 0.000000 0.000000 0.000000 0.656929 0.753953
1760597962.138653 54.237098 -24.859185 0.000000 0.000000 0.000000 0.659436 0.751760
1760597962.341002 54.239587 -24.778279 0.000000 0.000000 0.000000 0.660835 0.750531
1760597962.571964 54.243411 -24.697242 0.000000 0.000000 0.000000 0.661748 0.749726
1760597962.805300 54.248706 -24.613799 0.000000 0.000000 0.000000 0.662519 0.749045
1760597963.005301 54.257588 -24.528210 0.000000 0.000000 0.000000 0.662761 0.748831
1760597963.271962 54.283122 -24.459212 0.000000 0.000000 0.000000 0.660321 0.750983
1760597963.471965 54.283217 -24.458662 0.000000 0.000000 0.000000 0.660072 0.751202
1760597963.671965 54.306721 -24.372436 0.000000 0.000000 0.000000 0.658484 0.752594
1760597963.871967 54.328280 -24.288950 0.000000 0.000000 0.000000 0.657784 0.753207
1760597964.072300 54.348179 -24.206165 0.000000 0.000000 0.000000 0.657400 0.753541
1760597964.305312 54.362483 -24.122638 0.000000 0.000000 0.000000 0.657714 0.753268
1760597964.572008 54.373363 -24.036325 0.000000 0.000000 0.000000 0.658634 0.752463
1760597964.839241 54.382345 -23.965039 0.000000 0.000000 0.000000 0.659463 0.751737
1760597965.071927 54.392659 -23.887146 0.000000 0.000000 0.000000 0.660405 0.750910
1760597965.271981 54.392733 -23.886644 0.000000 0.000000 0.000000 0.660508 0.750819
1760597965.505266 54.403972 -23.795614 0.000000 0.000000 0.000000 0.661403 0.750031
1760597965.705322 54.416341 -23.707143 0.000000 0.000000 0.000000 0.661975 0.749526
1760597965.938643 54.427717 -23.620970 0.000000 0.000000 0.000000 0.662522 0.749042
1760597966.138700 54.438893 -23.533413 0.000000 0.000000 0.000000 0.663361 0.748300
1760597966.371971 54.448498 -23.446140 0.000000 0.000000 0.000000 0.664590 0.747208
1760597966.605296 54.456381 -23.356278 0.000000 0.000000 0.000000 0.665931 0.746013
1760597966.838635 54.463251 -23.264333 0.000000 0.000000 0.000000 0.667337 0.744756
1760597967.038635 54.463301 -23.263755 0.000000 0.000000 0.000000 0.668005 0.744157
1760597967.271963 54.452889 -23.170496 0.000000 0.000000 0.000000 0.671516 0.740990
1760597967.472369 54.448102 -23.079520 0.000000 0.000000 0.000000 0.673870 0.738850
1760597967.673128 54.444828 -22.991043 0.000000 0.000000 0.000000 0.675800 0.737085
1760597967.905297 54.440280 -22.903398 0.000000 0.000000 0.000000 0.677979 0.735081
1760597968.105310 54.430227 -22.814536 0.000000 0.000000 0.000000 0.680942 0.732337
1760597968.371958 54.408919 -22.739540 0.000000 0.000000 0.000000 0.686684 0.726956
1760597968.571968 54.408823 -22.738951 0.000000 0.000000 0.000000 0.688729 0.725019
1760597968.807128 54.388403 -22.646759 0.000000 0.000000 0.000000 0.692094 0.721807
1760597969.038636 54.361743 -22.565586 0.000000 0.000000 0.000000 0.697108 0.716967
1760597969.238643 54.330427 -22.486229 0.000000 0.000000 0.000000 0.701365 0.712802
1760597969.471971 54.306778 -22.405907 0.000000 0.000000 0.000000 0.704918 0.709288
1760597969.673142 54.291939 -22.322591 0.000000 0.000000 0.000000 0.706307 0.707906
1760597969.905292 54.273045 -22.239731 0.000000 0.000000 0.000000 0.708573 0.705638
1760597970.105311 54.272897 -22.239214 0.000000 0.000000 0.000000 0.711009 0.703183
1760597970.338637 54.259725 -22.142046 0.000000 0.000000 0.000000 0.710442 0.703755
1760597970.574131 54.248301 -22.047864 0.000000 0.000000 0.000000 0.710581 0.703616
1760597970.805298 54.237335 -21.954899 0.000000 0.000000 0.000000 0.710832 0.703362
1760597971.005311 54.229939 -21.862344 0.000000 0.000000 0.000000 0.710563 0.703634
1760597971.238637 54.220763 -21.771619 0.000000 0.000000 0.000000 0.710890 0.703303
1760597971.472533 54.197635 -21.687228 0.000000 0.000000 0.000000 0.713003 0.701161
1760597971.705291 54.176667 -21.599868 0.000000 0.000000 0.000000 0.714530 0.699605
1760597971.905294 54.176546 -21.599297 0.000000 0.000000 0.000000 0.715751 0.698356
1760597972.105298 54.160884 -21.498644 0.000000 0.000000 0.000000 0.714540 0.699595
1760597972.305298 54.150373 -21.403900 0.000000 0.000000 0.000000 0.713738 0.700413
1760597972.538636 54.128156 -21.321919 0.000000 0.000000 0.000000 0.715153 0.698968
1760597972.773137 54.108738 -21.237011 0.000000 0.000000 0.000000 0.715940 0.698162
1760597973.005293 54.091297 -21.149730 0.000000 0.000000 0.000000 0.716521 0.697565
1760597973.205293 54.091185 -21.149201 0.000000 0.000000 0.000000 0.717226 0.696841
1760597973.405303 54.066144 -21.051477 0.000000 0.000000 0.000000 0.717562 0.696494
1760597973.605444 54.044898 -20.959556 0.000000 0.000000 0.000000 0.717772 0.696279
1760597973.838637 54.028063 -20.869886 0.000000 0.000000 0.000000 0.717194 0.696874
1760597974.039210 54.012810 -20.779076 0.000000 0.000000 0.000000 0.716113 0.697985
1760597974.271955 53.998556 -20.688959 0.000000 0.000000 0.000000 0.715263 0.698855
1760597974.471963 53.998456 -20.688411 0.000000 0.000000 0.000000 0.715342 0.698774
1760597974.705301 54.005111 -20.597333 0.000000 0.000000 0.000000 0.707017 0.707197
1760597974.938631 54.009476 -20.507571 0.000000 0.000000 0.000000 0.701363 0.712804
1760597975.138638 54.005717 -20.421724 0.000000 0.000000 0.000000 0.698637 0.715477
1760597975.338642 54.014100 -20.340279 0.000000 0.000000 0.000000 0.695614 0.718416
1760597975.571960 54.020837 -20.257329 0.000000 0.000000 0.000000 0.692717 0.721209
1760597975.805294 54.022677 -20.171371 0.000000 0.000000 0.000000 0.690992 0.722862
1760597976.005313 54.022711 -20.170836 0.000000 0.000000 0.000000 0.689046 0.724717
1760597976.238636 54.006895 -20.081282 0.000000 0.000000 0.000000 0.693666 0.720296
1760597976.475124 53.994011 -19.993011 0.000000 0.000000 0.000000 0.696124 0.717922
1760597976.705307 54.002188 -19.915416 0.000000 0.000000 0.000000 0.693395 0.720558
1760597976.938631 54.009127 -19.834866 0.000000 0.000000 0.000000 0.690615 0.723223
1760597977.138637 54.013618 -19.751453 0.000000 0.000000 0.000000 0.688751 0.724998
1760597977.375131 54.025064 -19.669118 0.000000 0.000000 0.000000 0.686374 0.727248
1760597977.605296 54.034461 -19.583031 0.000000 0.000000 0.000000 0.684705 0.728820
1760597977.805298 54.034517 -19.582491 0.000000 0.000000 0.000000 0.683364 0.730078
1760597978.005301 54.043771 -19.482692 0.000000 0.000000 0.000000 0.682528 0.730859
1760597978.238634 54.051646 -19.388416 0.000000 0.000000 0.000000 0.681736 0.731599
1760597978.471965 54.058704 -19.294909 0.000000 0.000000 0.000000 0.681210 0.732088
1760597978.705302 54.064932 -19.201333 0.000000 0.000000 0.000000 0.681024 0.732261
1760597978.938632 54.071163 -19.107339 0.000000 0.000000 0.000000 0.680935 0.732344
1760597979.138634 54.076199 -19.012742 0.000000 0.000000 0.000000 0.681735 0.731599
1760597979.338637 54.076237 -19.012209 0.000000 0.000000 0.000000 0.681149 0.732145
1760597979.538642 54.081023 -18.907037 0.000000 0.000000 0.000000 0.683107 0.730319
1760597979.739626 54.081516 -18.808783 0.000000 0.000000 0.000000 0.686076 0.727530
1760597979.971962 54.082389 -18.714029 0.000000 0.000000 0.000000 0.688358 0.725371
1760597980.206124 54.084065 -18.618779 0.000000 0.000000 0.000000 0.690828 0.723019
1760597980.438629 54.084849 -18.522874 0.000000 0.000000 0.000000 0.693132 0.720811
1760597980.638635 54.084848 -18.522289 0.000000 0.000000 0.000000 0.694031 0.719945
1760597980.838639 54.086198 -18.413886 0.000000 0.000000 0.000000 0.695505 0.718522
1760597981.074126 54.092769 -18.314206 0.000000 0.000000 0.000000 0.696060 0.717984
1760597981.309129 54.100356 -18.216719 0.000000 0.000000 0.000000 0.696178 0.717869
1760597981.538635 54.103500 -18.120360 0.000000 0.000000 0.000000 0.696937 0.717133
1760597981.771963 54.106372 -18.024469 0.000000 0.000000 0.000000 0.697458 0.716626
1760597982.005300 54.109038 -17.928397 0.000000 0.000000 0.000000 0.698083 0.716017
1760597982.271955 54.112102 -17.831837 0.000000 0.000000 0.000000 0.698468 0.715641
1760597982.505301 54.114417 -17.732845 0.000000 0.000000 0.000000 0.699036 0.715087
1760597982.771973 54.117967 -17.634589 0.000000 0.000000 0.000000 0.699544 0.714590
1760597983.038630 54.123467 -17.534621 0.000000 0.000000 0.000000 0.699563 0.714571
1760597983.271982 54.129222 -17.433780 0.000000 0.000000 0.000000 0.699987 0.714155
1760597983.538629 54.134795 -17.334517 0.000000 0.000000 0.000000 0.700880 0.713279
1760597983.738633 54.134827 -17.333763 0.000000 0.000000 0.000000 0.701366 0.712802
1760597983.938634 54.140813 -17.221726 0.000000 0.000000 0.000000 0.701986 0.712190
1760597984.171964 54.145264 -17.119578 0.000000 0.000000 0.000000 0.703440 0.710755
1760597984.371964 54.150641 -17.020997 0.000000 0.000000 0.000000 0.704831 0.709375
1760597984.607259 54.153540 -16.926004 0.000000 0.000000 0.000000 0.706553 0.707660
1760597984.838636 54.159641 -16.830738 0.000000 0.000000 0.000000 0.708005 0.706208
1760597985.105294 54.163002 -16.735445 0.000000 0.000000 0.000000 0.709215 0.704992
1760597985.305305 54.163021 -16.734773 0.000000 0.000000 0.000000 0.710107 0.704094
1760597985.538634 54.166107 -16.647478 0.000000 0.000000 0.000000 0.710087 0.704114
1760597985.738635 54.168397 -16.582639 0.000000 0.000000 0.000000 0.709922 0.704280
1760597985.938648 54.171892 -16.554415 0.000000 0.000000 0.000000 0.709432 0.704774
1760597986.171958 54.172628 -16.513237 0.000000 0.000000 0.000000 0.708985 0.705224
1760597986.438626 54.175552 -16.460768 0.000000 0.000000 0.000000 0.708482 0.705729
1760597986.638632 54.175568 -16.460407 0.000000 0.000000 0.000000 0.708710 0.705500
1760597986.838635 54.177235 -16.434524 0.000000 0.000000 0.000000 0.707603 0.706610
1760597987.071979 54.178453 -16.415491 0.000000 0.000000 0.000000 0.706974 0.707240
1760597987.305476 54.180093 -16.380635 0.000000 0.000000 0.000000 0.706878 0.707336
1760597987.508144 54.182474 -16.333328 0.000000 0.000000 0.000000 0.707385 0.706828
1760597987.738640 54.186672 -16.277338 0.000000 0.000000 0.000000 0.708726 0.705483
1760597987.938650 54.186687 -16.277069 0.000000 0.000000 0.000000 0.708931 0.705278
1760597988.171976 54.192639 -16.204572 0.000000 0.000000 0.000000 0.711597 0.702587
1760597988.371981 54.199418 -16.129273 0.000000 0.000000 0.000000 0.714477 0.699659
1760597988.605298 54.205697 -16.052598 0.000000 0.000000 0.000000 0.717535 0.696523
1760597988.805303 54.211252 -15.972166 0.000000 0.000000 0.000000 0.720327 0.693634
1760597989.038628 54.215112 -15.890232 0.000000 0.000000 0.000000 0.723274 0.690561
1760597989.271956 54.218081 -15.804607 0.000000 0.000000 0.000000 0.726209 0.687474
1760597989.471980 54.218092 -15.804111 0.000000 0.000000 0.000000 0.727858 0.685728
1760597989.705296 54.220436 -15.704341 0.000000 0.000000 0.000000 0.729665 0.683805
1760597989.905305 54.213754 -15.648578 0.000000 0.000000 0.000000 0.730623 0.682781
1760597990.139879 54.208474 -15.586552 0.000000 0.000000 0.000000 0.731503 0.681839
1760597990.371971 54.205144 -15.517651 0.000000 0.000000 0.000000 0.731743 0.681581
1760597990.605301 54.201438 -15.443214 0.000000 0.000000 0.000000 0.731842 0.681475
1760597990.838637 54.199535 -15.364106 0.000000 0.000000 0.000000 0.731663 0.681667
1760597991.071963 54.194641 -15.281425 0.000000 0.000000 0.000000 0.731226 0.682135
1760597991.272123 54.192399 -15.195642 0.000000 0.000000 0.000000 0.729802 0.683658
1760597991.505299 54.190608 -15.109100 0.000000 0.000000 0.000000 0.728178 0.685388
1760597991.705302 54.190592 -15.108539 0.000000 0.000000 0.000000 0.728287 0.685272
1760597991.905303 54.184122 -15.008133 0.000000 0.000000 0.000000 0.725871 0.687831
1760597992.108127 54.179737 -14.913237 0.000000 0.000000 0.000000 0.723574 0.690247
1760597992.338639 54.171941 -14.821457 0.000000 0.000000 0.000000 0.721636 0.692273
1760597992.571986 54.165996 -14.728832 0.000000 0.000000 0.000000 0.719374 0.694623
1760597992.774136 54.159207 -14.635187 0.000000 0.000000 0.000000 0.717289 0.696776
1760597993.038634 54.155004 -14.542373 0.000000 0.000000 0.000000 0.714820 0.699309
1760597993.305305 54.149730 -14.445725 0.000000 0.000000 0.000000 0.712492 0.701680
1760597993.571967 54.143383 -14.346821 0.000000 0.000000 0.000000 0.710493 0.703704
1760597993.773138 54.143359 -14.346121 0.000000 0.000000 0.000000 0.709155 0.705053
1760597994.005306 54.139665 -14.234258 0.000000 0.000000 0.000000 0.708737 0.705472
1760597994.206132 54.133408 -14.130873 0.000000 0.000000 0.000000 0.709560 0.704645
1760597994.438635 54.128984 -14.033719 0.000000 0.000000 0.000000 0.710330 0.703869
1760597994.705299 54.125111 -13.937549 0.000000 0.000000 0.000000 0.711288 0.702900
1760597994.938635 54.120627 -13.839653 0.000000 0.000000 0.000000 0.713857 0.700291
1760597995.205303 54.117120 -13.742616 0.000000 0.000000 0.000000 0.717052 0.697020
1760597995.438632 54.116076 -13.643962 0.000000 0.000000 0.000000 0.720354 0.693607
1760597995.671980 54.121195 -13.547251 0.000000 0.000000 0.000000 0.723899 0.689906
1760597995.939787 54.125176 -13.450679 0.000000 0.000000 0.000000 0.728902 0.684618
1760597996.173179 54.144518 -13.363866 0.000000 0.000000 0.000000 0.733776 0.679392
1760597996.405310 54.160126 -13.275403 0.000000 0.000000 0.000000 0.739493 0.673164
1760597996.671962 54.173059 -13.185326 0.000000 0.000000 0.000000 0.745958 0.665993
1760597996.906715 54.181450 -13.091925 0.000000 0.000000 0.000000 0.752866 0.658174
1760597997.173132 54.183382 -12.998581 0.000000 0.000000 0.000000 0.760800 0.648987
1760597997.405300 54.190191 -12.903355 0.000000 0.000000 0.000000 0.767599 0.640930
1760597997.672132 54.190739 -12.808890 0.000000 0.000000 0.000000 0.776749 0.629810
1760597997.909122 54.187504 -12.712413 0.000000 0.000000 0.000000 0.786085 0.618118
1760597998.138633 54.185076 -12.616229 0.000000 0.000000 0.000000 0.795153 0.606409
1760597998.338638 54.185003 -12.615578 0.000000 0.000000 0.000000 0.800344 0.599542
1760597998.538639 54.176714 -12.509052 0.000000 0.000000 0.000000 0.807301 0.590140
1760597998.771964 54.171390 -12.410263 0.000000 0.000000 0.000000 0.815887 0.578211
1760597999.005296 54.167284 -12.333910 0.000000 0.000000 0.000000 0.820981 0.570955
1760597999.205316 54.159838 -12.254503 0.000000 0.000000 0.000000 0.828226 0.560394
1760597999.408128 54.149891 -12.174056 0.000000 0.000000 0.000000 0.837403 0.546586
1760597999.638632 54.138910 -12.091738 0.000000 0.000000 0.000000 0.848840 0.528650
1760597999.871954 54.125388 -12.006094 0.000000 0.000000 0.000000 0.860427 0.509574
1760598000.071962 54.125232 -12.005562 0.000000 0.000000 0.000000 0.866979 0.498344
1760598000.271967 54.106199 -11.906505 0.000000 0.000000 0.000000 0.875137 0.483876
1760598000.505298 54.081722 -11.815568 0.000000 0.000000 0.000000 0.881371 0.472426
1760598000.705299 54.052537 -11.727296 0.000000 0.000000 0.000000 0.888626 0.458632
1760598000.938634 54.026320 -11.640077 0.000000 0.000000 0.000000 0.894577 0.446914
1760598001.138646 53.997409 -11.552110 0.000000 0.000000 0.000000 0.901313 0.433169
1760598001.371959 53.968371 -11.464867 0.000000 0.000000 0.000000 0.910469 0.413578
1760598001.571965 53.968110 -11.464342 0.000000 0.000000 0.000000 0.916258 0.400589
1760598001.771967 53.956707 -11.399773 0.000000 0.000000 0.000000 0.918646 0.395082
1760598002.005296 53.936301 -11.334946 0.000000 0.000000 0.000000 0.924933 0.380129
1760598002.205302 53.910263 -11.267009 0.000000 0.000000 0.000000 0.930325 0.366735
1760598002.438629 53.878540 -11.198885 0.000000 0.000000 0.000000 0.935954 0.352123
1760598002.638661 53.842793 -11.127554 0.000000 0.000000 0.000000 0.941850 0.336035
1760598002.907135 53.814585 -11.071280 0.000000 0.000000 0.000000 0.946965 0.321336
1760598003.138647 53.779910 -11.008158 0.000000 0.000000 0.000000 0.952089 0.305821
1760598003.338672 53.779647 -11.007779 0.000000 0.000000 0.000000 0.956160 0.292844
1760598003.571964 53.733028 -10.935345 0.000000 0.000000 0.000000 0.960226 0.279224
1760598003.771971 53.704035 -10.900847 0.000000 0.000000 0.000000 0.962196 0.272357
1760598004.007134 53.667824 -10.860931 0.000000 0.000000 0.000000 0.966550 0.256478
1760598004.238631 53.623707 -10.816898 0.000000 0.000000 0.000000 0.970282 0.241975
1760598004.438633 53.572633 -10.770627 0.000000 0.000000 0.000000 0.972254 0.233930
1760598004.674135 53.516803 -10.723707 0.000000 0.000000 0.000000 0.975146 0.221565
1760598004.905294 53.455298 -10.674952 0.000000 0.000000 0.000000 0.978169 0.207810
1760598005.171956 53.387584 -10.628517 0.000000 0.000000 0.000000 0.980413 0.196953
1760598005.406186 53.314449 -10.580373 0.000000 0.000000 0.000000 0.982680 0.185310
1760598005.640127 53.238614 -10.532950 0.000000 0.000000 0.000000 0.984240 0.176837
1760598005.871957 53.160557 -10.485961 0.000000 0.000000 0.000000 0.985962 0.166970
1760598006.105292 53.080777 -10.439221 0.000000 0.000000 0.000000 0.987286 0.158952
1760598006.305301 53.080232 -10.438950 0.000000 0.000000 0.000000 0.988791 0.149306
1760598006.505301 52.988436 -10.387405 0.000000 0.000000 0.000000 0.989351 0.145550
1760598006.705305 52.904128 -10.337441 0.000000 0.000000 0.000000 0.989742 0.142865
1760598006.938640 52.821905 -10.291464 0.000000 0.000000 0.000000 0.990861 0.134888
1760598007.171965 52.738158 -10.249774 0.000000 0.000000 0.000000 0.991529 0.129885
1760598007.371967 52.652898 -10.209596 0.000000 0.000000 0.000000 0.992334 0.123587
1760598007.605294 52.567751 -10.172369 0.000000 0.000000 0.000000 0.993376 0.114911
1760598007.838647 52.479757 -10.137888 0.000000 0.000000 0.000000 0.994321 0.106421
1760598008.105299 52.389718 -10.104778 0.000000 0.000000 0.000000 0.995236 0.097498
1760598008.339124 52.295770 -10.074378 0.000000 0.000000 0.000000 0.995704 0.092599
1760598008.571955 52.201919 -10.044669 0.000000 0.000000 0.000000 0.996154 0.087621
1760598008.805299 52.107637 -10.017161 0.000000 0.000000 0.000000 0.996587 0.082548
1760598009.073124 52.013286 -9.989344 0.000000 0.000000 0.000000 0.997013 0.077235
1760598009.305296 51.935888 -9.966518 0.000000 0.000000 0.000000 0.997129 0.075726
1760598009.505309 51.935280 -9.966363 0.000000 0.000000 0.000000 0.997496 0.070725
1760598009.738650 51.844398 -9.945600 0.000000 0.000000 0.000000 0.997569 0.069693
1760598009.974133 51.756399 -9.923465 0.000000 0.000000 0.000000 0.997751 0.067030
1760598010.205301 51.689162 -9.906551 0.000000 0.000000 0.000000 0.997830 0.065844
1760598010.439141 51.617419 -9.888374 0.000000 0.000000 0.000000 0.998093 0.061727
1760598010.671964 51.541345 -9.870085 0.000000 0.000000 0.000000 0.998252 0.059104
1760598010.871964 51.461380 -9.853894 0.000000 0.000000 0.000000 0.998459 0.055488
1760598011.071965 51.381096 -9.842493 0.000000 0.000000 0.000000 0.998665 0.051650
1760598011.305303 51.298887 -9.837008 0.000000 0.000000 0.000000 0.998839 0.048167
1760598011.538633 51.216020 -9.821338 0.000000 0.000000 0.000000 0.998887 0.047175
1760598011.776129 51.148471 -9.808563 0.000000 0.000000 0.000000 0.998892 0.047055
1760598012.005305 51.081590 -9.782918 0.000000 0.000000 0.000000 0.998642 0.052094
1760598012.238631 51.009483 -9.755726 0.000000 0.000000 0.000000 0.998379 0.056921
1760598012.507136 50.951127 -9.733722 0.000000 0.000000 0.000000 0.998150 0.060798
1760598012.738629 50.883543 -9.719263 0.000000 0.000000 0.000000 0.998021 0.062875
1760598012.938633 50.883081 -9.719128 0.000000 0.000000 0.000000 0.998003 0.063170
1760598013.171962 50.822925 -9.706292 0.000000 0.000000 0.000000 0.997901 0.064754
1760598013.371963 50.763066 -9.681689 0.000000 0.000000 0.000000 0.997412 0.071904
1760598013.571971 50.698153 -9.662166 0.000000 0.000000 0.000000 0.997079 0.076372
1760598013.805302 50.628887 -9.643661 0.000000 0.000000 0.000000 0.996822 0.079659
1760598014.005305 50.555798 -9.620212 0.000000 0.000000 0.000000 0.996450 0.084188
1760598014.238645 50.498219 -9.601738 0.000000 0.000000 0.000000 0.996151 0.087657
1760598014.471956 50.432128 -9.585134 0.000000 0.000000 0.000000 0.995936 0.090061
1760598014.705308 50.359548 -9.567821 0.000000 0.000000 0.000000 0.995772 0.091858
1760598014.973605 50.283387 -9.545290 0.000000 0.000000 0.000000 0.995575 0.093968
1760598015.205292 50.216481 -9.546122 0.000000 0.000000 0.000000 0.995853 0.090978
1760598015.405295 50.216019 -9.546033 0.000000 0.000000 0.000000 0.995727 0.092345
1760598015.605299 50.134536 -9.543135 0.000000 0.000000 0.000000 0.996053 0.088761
1760598015.838632 50.055496 -9.533384 0.000000 0.000000 0.000000 0.996161 0.087535
1760598016.071979 49.994346 -9.525840 0.000000 0.000000 0.000000 0.996242 0.086617
1760598016.305306 49.926517 -9.517530 0.000000 0.000000 0.000000 0.996305 0.085880
1760598016.538630 49.854711 -9.518858 0.000000 0.000000 0.000000 0.996765 0.080370
1760598016.738633 49.797547 -9.519917 0.000000 0.000000 0.000000 0.997073 0.076461
1760598016.942127 49.733773 -9.518658 0.000000 0.000000 0.000000 0.997285 0.073637
1760598017.171956 49.664195 -9.515927 0.000000 0.000000 0.000000 0.997432 0.071619
1760598017.372001 49.663751 -9.515920 0.000000 0.000000 0.000000 0.997530 0.070248
1760598017.605299 49.578101 -9.511318 0.000000 0.000000 0.000000 0.997570 0.069666
1760598017.805300 49.492470 -9.504960 0.000000 0.000000 0.000000 0.997574 0.069612
1760598018.005305 49.407929 -9.497578 0.000000 0.000000 0.000000 0.997604 0.069186
1760598018.241131 49.323278 -9.488468 0.000000 0.000000 0.000000 0.997620 0.068959
1760598018.472087 49.235370 -9.479686 0.000000 0.000000 0.000000 0.997613 0.069048
1760598018.705296 49.145393 -9.469621 0.000000 0.000000 0.000000 0.997565 0.069736
1760598018.905304 49.053834 -9.457599 0.000000 0.000000 0.000000 0.997488 0.070837
1760598019.140123 48.962722 -9.445911 0.000000 0.000000 0.000000 0.997422 0.071766
1760598019.371963 48.869641 -9.431717 0.000000 0.000000 0.000000 0.997311 0.073282
1760598019.571975 48.869034 -9.431636 0.000000 0.000000 0.000000 0.997304 0.073380
1760598019.805299 48.764435 -9.427674 0.000000 0.000000 0.000000 0.997422 0.071765
1760598020.038629 48.664616 -9.421902 0.000000 0.000000 0.000000 0.997495 0.070743
1760598020.238633 48.587806 -9.417462 0.000000 0.000000 0.000000 0.997538 0.070129
1760598020.471964 48.509476 -9.411358 0.000000 0.000000 0.000000 0.997594 0.069322
1760598020.672029 48.427570 -9.402922 0.000000 0.000000 0.000000 0.997671 0.068211
1760598020.905306 48.363242 -9.396299 0.000000 0.000000 0.000000 0.997728 0.067367
1760598021.140319 48.291889 -9.387939 0.000000 0.000000 0.000000 0.997828 0.065871
1760598021.408122 48.215401 -9.377044 0.000000 0.000000 0.000000 0.997912 0.064589
1760598021.638629 48.132523 -9.367790 0.000000 0.000000 0.000000 0.998047 0.062462
1760598021.871954 48.047254 -9.356922 0.000000 0.000000 0.000000 0.998187 0.060195
1760598022.071961 48.046702 -9.356864 0.000000 0.000000 0.000000 0.998248 0.059169
1760598022.273311 47.949288 -9.340446 0.000000 0.000000 0.000000 0.998294 0.058395
1760598022.505295 47.857175 -9.325896 0.000000 0.000000 0.000000 0.998359 0.057261
1760598022.705297 47.766357 -9.309640 0.000000 0.000000 0.000000 0.998420 0.056196
1760598022.905301 47.677175 -9.294430 0.000000 0.000000 0.000000 0.998464 0.055403
1760598023.138629 47.588239 -9.279646 0.000000 0.000000 0.000000 0.998517 0.054441
1760598023.372195 47.508532 -9.250139 0.000000 0.000000 0.000000 0.998296 0.058355
1760598023.605299 47.424802 -9.223019 0.000000 0.000000 0.000000 0.998104 0.061547
1760598023.805307 47.424251 -9.222872 0.000000 0.000000 0.000000 0.998092 0.061745
1760598024.005308 47.326461 -9.195323 0.000000 0.000000 0.000000 0.997982 0.063493
1760598024.238632 47.233710 -9.173054 0.000000 0.000000 0.000000 0.997999 0.063233
1760598024.471964 47.141353 -9.155071 0.000000 0.000000 0.000000 0.998059 0.062278
1760598024.671973 47.068646 -9.140916 0.000000 0.000000 0.000000 0.998104 0.061548
1760598024.905300 46.993075 -9.126674 0.000000 0.000000 0.000000 0.998181 0.060283
1760598025.105304 46.912764 -9.113460 0.000000 0.000000 0.000000 0.998301 0.058268
1760598025.371966 46.830778 -9.098808 0.000000 0.000000 0.000000 0.998401 0.056532
1760598025.571989 46.830188 -9.098701 0.000000 0.000000 0.000000 0.998432 0.055970
1760598025.805296 46.731494 -9.082214 0.000000 0.000000 0.000000 0.998545 0.053921
1760598026.005296 46.637083 -9.064636 0.000000 0.000000 0.000000 0.998586 0.053166
1760598026.205302 46.546305 -9.050109 0.000000 0.000000 0.000000 0.998620 0.052510
1760598026.406123 46.456802 -9.037782 0.000000 0.000000 0.000000 0.998645 0.052042
1760598026.638648 46.368049 -9.022463 0.000000 0.000000 0.000000 0.998624 0.052443
1760598026.838661 46.367501 -9.022376 0.000000 0.000000 0.000000 0.998652 0.051909
1760598027.041216 46.281504 -8.987032 0.000000 0.000000 0.000000 0.997983 0.063481
1760598027.271964 46.197093 -8.958880 0.000000 0.000000 0.000000 0.997517 0.070425
1760598027.473720 46.111339 -8.936012 0.000000 0.000000 0.000000 0.997214 0.074599
1760598027.705297 46.064332 -8.917966 0.000000 0.000000 0.000000 0.996981 0.077652
1760598027.905299 46.007195 -8.904657 0.000000 0.000000 0.000000 0.996933 0.078257
1760598028.138631 45.943338 -8.891381 0.000000 0.000000 0.000000 0.996877 0.078968
1760598028.338647 45.942923 -8.891263 0.000000 0.000000 0.000000 0.996735 0.080738
1760598028.571964 45.884229 -8.879098 0.000000 0.000000 0.000000 0.996831 0.079545
1760598028.771970 45.818930 -8.867973 0.000000 0.000000 0.000000 0.996887 0.078843
1760598029.006680 45.749858 -8.856541 0.000000 0.000000 0.000000 0.996902 0.078652
1760598029.238631 45.695029 -8.847468 0.000000 0.000000 0.000000 0.996928 0.078324
1760598029.438637 45.632003 -8.837159 0.000000 0.000000 0.000000 0.996909 0.078561
1760598029.671969 45.563888 -8.825281 0.000000 0.000000 0.000000 0.996874 0.079007
1760598029.938633 45.508478 -8.815619 0.000000 0.000000 0.000000 0.996850 0.079309
1760598030.171961 45.443022 -8.805099 0.000000 0.000000 0.000000 0.996817 0.079724
1760598030.438627 45.371177 -8.795486 0.000000 0.000000 0.000000 0.996788 0.080082
1760598030.671976 45.293224 -8.782057 0.000000 0.000000 0.000000 0.996687 0.081334
1760598030.939807 45.231423 -8.771411 0.000000 0.000000 0.000000 0.996612 0.082251
1760598031.171960 45.161217 -8.760499 0.000000 0.000000 0.000000 0.996626 0.082077
1760598031.371962 45.160751 -8.760421 0.000000 0.000000 0.000000 0.996587 0.082548
1760598031.571963 45.078129 -8.742762 0.000000 0.000000 0.000000 0.996415 0.084605
1760598031.771963 45.015977 -8.709109 0.000000 0.000000 0.000000 0.995315 0.096686
1760598031.971963 44.969059 -8.683708 0.000000 0.000000 0.000000 0.994528 0.104470
1760598032.205292 44.913604 -8.660563 0.000000 0.000000 0.000000 0.993835 0.110870
1760598032.438624 44.849720 -8.638528 0.000000 0.000000 0.000000 0.993364 0.115014
1760598032.638632 44.849352 -8.638374 0.000000 0.000000 0.000000 0.992972 0.118350
1760598032.838640 44.769621 -8.615763 0.000000 0.000000 0.000000 0.992993 0.118173
1760598033.071966 44.690831 -8.594144 0.000000 0.000000 0.000000 0.992850 0.119366
1760598033.305300 44.609741 -8.574220 0.000000 0.000000 0.000000 0.992807 0.119724
1760598033.505310 44.526738 -8.553170 0.000000 0.000000 0.000000 0.992785 0.119910
1760598033.738861 44.443894 -8.531265 0.000000 0.000000 0.000000 0.992750 0.120201
1760598033.971962 44.358654 -8.507123 0.000000 0.000000 0.000000 0.992661 0.120931
1760598034.171975 44.271086 -8.482944 0.000000 0.000000 0.000000 0.992590 0.121513
1760598034.438629 44.183704 -8.458611 0.000000 0.000000 0.000000 0.992436 0.122765
1760598034.705313 44.129629 -8.442753 0.000000 0.000000 0.000000 0.992349 0.123462
1760598034.971959 44.068178 -8.438953 0.000000 0.000000 0.000000 0.992807 0.119729
1760598035.208130 43.998571 -8.432118 0.000000 0.000000 0.000000 0.993171 0.116668
1760598035.438640 43.924164 -8.422402 0.000000 0.000000 0.000000 0.993439 0.114360
1760598035.638666 43.923676 -8.422332 0.000000 0.000000 0.000000 0.993473 0.114071
1760598035.875124 43.879392 -8.419147 0.000000 0.000000 0.000000 0.993683 0.112224
1760598036.105297 43.825440 -8.411908 0.000000 0.000000 0.000000 0.993729 0.111812
1760598036.305300 43.764304 -8.401978 0.000000 0.000000 0.000000 0.993717 0.111921
1760598036.505315 43.698618 -8.389394 0.000000 0.000000 0.000000 0.993675 0.112296
1760598036.708146 43.634009 -8.393394 0.000000 0.000000 0.000000 0.993919 0.110111
1760598036.938627 43.564619 -8.390939 0.000000 0.000000 0.000000 0.994044 0.108976
1760598037.205297 43.494314 -8.375490 0.000000 0.000000 0.000000 0.993869 0.110562
1760598037.438639 43.435750 -8.362610 0.000000 0.000000 0.000000 0.993704 0.112038
1760598037.671962 43.369736 -8.347919 0.000000 0.000000 0.000000 0.993595 0.112997
1760598037.871964 43.369303 -8.347840 0.000000 0.000000 0.000000 0.993585 0.113083
1760598038.071969 43.288321 -8.329930 0.000000 0.000000 0.000000 0.993458 0.114195
1760598038.271978 43.208885 -8.311193 0.000000 0.000000 0.000000 0.993366 0.114994
1760598038.505301 43.128764 -8.295682 0.000000 0.000000 0.000000 0.993404 0.114669
1760598038.705310 43.051673 -8.273217 0.000000 0.000000 0.000000 0.993285 0.115690
1760598038.938614 42.972533 -8.251990 0.000000 0.000000 0.000000 0.993324 0.115361
1760598039.138629 42.972056 -8.251871 0.000000 0.000000 0.000000 0.993297 0.115586
1760598039.338641 42.879034 -8.225905 0.000000 0.000000 0.000000 0.993380 0.114876
1760598039.572077 42.810193 -8.206700 0.000000 0.000000 0.000000 0.993428 0.114456
1760598039.806212 42.739570 -8.180860 0.000000 0.000000 0.000000 0.993416 0.114565
1760598040.038635 42.665019 -8.154012 0.000000 0.000000 0.000000 0.993659 0.112435
1760598040.271963 42.586604 -8.128423 0.000000 0.000000 0.000000 0.994042 0.109000
1760598040.505305 42.505165 -8.102476 0.000000 0.000000 0.000000 0.994532 0.104429
1760598040.738634 42.420963 -8.076959 0.000000 0.000000 0.000000 0.995143 0.098436
1760598040.940156 42.353451 -8.056498 0.000000 0.000000 0.000000 0.995523 0.094519
1760598041.171954 42.282120 -8.034598 0.000000 0.000000 0.000000 0.996276 0.086224
1760598041.371959 42.281609 -8.034463 0.000000 0.000000 0.000000 0.996520 0.083354
1760598041.571964 42.196654 -8.005277 0.000000 0.000000 0.000000 0.997137 0.075610
1760598041.771965 42.114451 -7.976448 0.000000 0.000000 0.000000 0.997710 0.067636
1760598041.971966 42.032076 -7.953592 0.000000 0.000000 0.000000 0.998086 0.061844
1760598042.205302 41.949170 -7.930564 0.000000 0.000000 0.000000 0.998868 0.047572
1760598042.405304 41.881890 -7.911871 0.000000 0.000000 0.000000 0.999261 0.038445
1760598042.605317 41.881462 -7.911782 0.000000 0.000000 0.000000 0.999475 0.032392
1760598042.838617 41.800795 -7.888619 0.000000 0.000000 0.000000 0.999827 0.018622
1760598043.038632 41.719112 -7.866424 0.000000 0.000000 0.000000 1.000000 0.000661
1760598043.238640 41.638249 -7.843518 0.000000 0.000000 0.000000 -0.999931 0.011773
1760598043.474133 41.562807 -7.811004 0.000000 0.000000 0.000000 -0.999512 0.031229
1760598043.705292 41.482670 -7.780772 0.000000 0.000000 0.000000 -0.998553 0.053771
1760598043.938644 41.399379 -7.756738 0.000000 0.000000 0.000000 -0.997489 0.070818
1760598044.138659 41.398854 -7.756653 0.000000 0.000000 0.000000 -0.996564 0.082826
1760598044.371962 41.301743 -7.730564 0.000000 0.000000 0.000000 -0.995070 0.099172
1760598044.574130 41.208122 -7.706807 0.000000 0.000000 0.000000 -0.993071 0.117512
1760598044.805302 41.117836 -7.687798 0.000000 0.000000 0.000000 -0.991242 0.132059
1760598045.038643 41.027070 -7.669360 0.000000 0.000000 0.000000 -0.988553 0.150872
1760598045.271963 40.935198 -7.652577 0.000000 0.000000 0.000000 -0.984990 0.172609
1760598045.471966 40.853953 -7.656214 0.000000 0.000000 0.000000 -0.981023 0.193893
1760598045.705299 40.771418 -7.660210 0.000000 0.000000 0.000000 -0.977395 0.211423
1760598045.905302 40.685139 -7.664360 0.000000 0.000000 0.000000 -0.973399 0.229116
1760598046.105317 40.684629 -7.664440 0.000000 0.000000 0.000000 -0.969671 0.244412
1760598046.341868 40.586409 -7.669994 0.000000 0.000000 0.000000 -0.965384 0.260834
1760598046.572129 40.490582 -7.674756 0.000000 0.000000 0.000000 -0.959980 0.280068
1760598046.805297 40.432659 -7.690517 0.000000 0.000000 0.000000 -0.955549 0.294831
1760598047.008138 40.368261 -7.709304 0.000000 0.000000 0.000000 -0.950493 0.310746
1760598047.238654 40.318174 -7.723912 0.000000 0.000000 0.000000 -0.946606 0.322394
1760598047.473131 40.277846 -7.735670 0.000000 0.000000 0.000000 -0.944428 0.328717
1760598047.742238 40.226409 -7.747110 0.000000 0.000000 0.000000 -0.942392 0.334510
1760598047.971968 40.165588 -7.763994 0.000000 0.000000 0.000000 -0.942670 0.333727
1760598048.238634 40.117306 -7.777399 0.000000 0.000000 0.000000 -0.942979 0.332854
1760598048.505297 40.077874 -7.788343 0.000000 0.000000 0.000000 -0.944099 0.329663
1760598048.705299 40.077516 -7.788459 0.000000 0.000000 0.000000 -0.942022 0.335552
1760598048.905303 40.042148 -7.798249 0.000000 0.000000 0.000000 -0.945939 0.324345
1760598049.138658 40.016482 -7.805373 0.000000 0.000000 0.000000 -0.947848 0.318722
1760598049.371964 39.996833 -7.810829 0.000000 0.000000 0.000000 -0.949239 0.314556
1760598049.571965 39.981531 -7.815080 0.000000 0.000000 0.000000 -0.950369 0.311125
1760598049.771998 39.981399 -7.815115 0.000000 0.000000 0.000000 -0.950078 0.312011
1760598050.005298 39.968163 -7.818793 0.000000 0.000000 0.000000 -0.951280 0.308327
1760598050.205301 39.958194 -7.821564 0.000000 0.000000 0.000000 -0.952034 0.305992
1760598050.438630 39.933661 -7.833733 0.000000 0.000000 0.000000 -0.952534 0.304432
1760598050.671966 39.914268 -7.843355 0.000000 0.000000 0.000000 -0.952894 0.303304
1760598050.905938 39.898835 -7.851012 0.000000 0.000000 0.000000 -0.953145 0.302513
1760598051.172146 39.886484 -7.857140 0.000000 0.000000 0.000000 -0.953332 0.301924
1760598051.405308 39.876392 -7.862148 0.000000 0.000000 0.000000 -0.953419 0.301649
1760598051.671978 39.868382 -7.866123 0.000000 0.000000 0.000000 -0.953479 0.301461
1760598051.905294 39.868278 -7.866171 0.000000 0.000000 0.000000 -0.953607 0.301055
1760598052.105301 39.860931 -7.869820 0.000000 0.000000 0.000000 -0.953488 0.301430
1760598052.305304 39.855624 -7.872454 0.000000 0.000000 0.000000 -0.953428 0.301621
1760598052.538618 39.851658 -7.874422 0.000000 0.000000 0.000000 -0.953394 0.301727
1760598052.772210 39.848538 -7.875970 0.000000 0.000000 0.000000 -0.953360 0.301834
1760598053.005299 39.848499 -7.875989 0.000000 0.000000 0.000000 -0.953403 0.301698
1760598053.205309 39.845696 -7.877381 0.000000 0.000000 0.000000 -0.953324 0.301950
1760598053.438632 39.843653 -7.878394 0.000000 0.000000 0.000000 -0.953282 0.302082
1760598053.671971 39.842088 -7.879171 0.000000 0.000000 0.000000 -0.953251 0.302180
1760598053.871985 39.842073 -7.879178 0.000000 0.000000 0.000000 -0.953258 0.302157
1760598054.072013 39.840716 -7.879852 0.000000 0.000000 0.000000 -0.953223 0.302267
1760598054.272716 39.839729 -7.880342 0.000000 0.000000 0.000000 -0.953204 0.302329
1760598054.538624 39.824144 -7.893259 0.000000 0.000000 0.000000 -0.953190 0.302373
1760598054.738625 39.824107 -7.893288 0.000000 0.000000 0.000000 -0.953187 0.302381
1760598054.971972 39.810008 -7.904976 0.000000 0.000000 0.000000 -0.953177 0.302412
1760598055.205299 39.799673 -7.913542 0.000000 0.000000 0.000000 -0.953172 0.302430
1760598055.405300 39.791856 -7.920022 0.000000 0.000000 0.000000 -0.953169 0.302439
1760598055.609123 39.785933 -7.924931 0.000000 0.000000 0.000000 -0.953167 0.302444
1760598055.874181 39.781308 -7.928765 0.000000 0.000000 0.000000 -0.953166 0.302449
1760598056.140154 39.777495 -7.931925 0.000000 0.000000 0.000000 -0.953165 0.302450
1760598056.371963 39.774395 -7.934494 0.000000 0.000000 0.000000 -0.953166 0.302448
1760598056.571994 39.774366 -7.934519 0.000000 0.000000 0.000000 -0.953164 0.302454
1760598056.805294 39.771637 -7.936780 0.000000 0.000000 0.000000 -0.953167 0.302445
1760598057.005297 39.769600 -7.938468 0.000000 0.000000 0.000000 -0.953169 0.302439
1760598057.205300 39.768079 -7.939729 0.000000 0.000000 0.000000 -0.953170 0.302436
1760598057.442139 39.766906 -7.940702 0.000000 0.000000 0.000000 -0.953171 0.302433
1760598057.705292 39.765961 -7.941485 0.000000 0.000000 0.000000 -0.953171 0.302431
1760598057.905294 39.765950 -7.941494 0.000000 0.000000 0.000000 -0.953171 0.302431
1760598058.105297 39.765091 -7.942206 0.000000 0.000000 0.000000 -0.953172 0.302428
1760598058.305299 39.764461 -7.942729 0.000000 0.000000 0.000000 -0.953173 0.302426
1760598058.538630 39.763984 -7.943123 0.000000 0.000000 0.000000 -0.953173 0.302425
1760598058.773615 39.763607 -7.943436 0.000000 0.000000 0.000000 -0.953174 0.302424
1760598059.005310 39.763306 -7.943686 0.000000 0.000000 0.000000 -0.953174 0.302423
1760598059.271959 39.763065 -7.943886 0.000000 0.000000 0.000000 -0.953174 0.302423
1760598059.471961 39.763062 -7.943888 0.000000 0.000000 0.000000 -0.953174 0.302422
1760598059.671963 39.762843 -7.944069 0.000000 0.000000 0.000000 -0.953174 0.302422
1760598059.871968 39.762683 -7.944202 0.000000 0.000000 0.000000 -0.953174 0.302422
1760598060.071976 39.743348 -7.948025 0.000000 0.000000 0.000000 -0.953175 0.302419
1760598060.340133 39.744487 -7.940349 0.000000 0.000000 0.000000 -0.953100 0.302657
1760598060.605331 39.745436 -7.934000 0.000000 0.000000 0.000000 -0.953039 0.302846
1760598060.838624 39.761458 -7.915867 0.000000 0.000000 0.000000 -0.952972 0.303058
1760598061.105291 39.754850 -7.906380 0.000000 0.000000 0.000000 -0.952877 0.303356
1760598061.305294 39.754855 -7.906315 0.000000 0.000000 0.000000 -0.952847 0.303452
1760598061.505312 39.748813 -7.897735 0.000000 0.000000 0.000000 -0.952803 0.303589
1760598061.738632 39.744475 -7.891511 0.000000 0.000000 0.000000 -0.952773 0.303682
1760598061.971965 39.741146 -7.886737 0.000000 0.000000 0.000000 -0.952758 0.303732
1760598062.205302 39.738548 -7.883011 0.000000 0.000000 0.000000 -0.952751 0.303753
1760598062.438710 39.736497 -7.880071 0.000000 0.000000 0.000000 -0.952751 0.303753
1760598062.705519 39.734865 -7.877730 0.000000 0.000000 0.000000 -0.952752 0.303749
1760598062.938623 39.733535 -7.875825 0.000000 0.000000 0.000000 -0.952761 0.303720
1760598063.138778 39.733523 -7.875805 0.000000 0.000000 0.000000 -0.952748 0.303762
1760598063.371967 39.732350 -7.874126 0.000000 0.000000 0.000000 -0.952770 0.303693
1760598063.605306 39.731474 -7.872871 0.000000 0.000000 0.000000 -0.952784 0.303650
1760598063.807135 39.730807 -7.871914 0.000000 0.000000 0.000000 -0.952794 0.303617
1760598064.071961 39.730298 -7.871184 0.000000 0.000000 0.000000 -0.952801 0.303596
1760598064.305301 39.729885 -7.870592 0.000000 0.000000 0.000000 -0.952807 0.303577
1760598064.571964 39.729558 -7.870123 0.000000 0.000000 0.000000 -0.952812 0.303561
1760598064.771965 39.729554 -7.870117 0.000000 0.000000 0.000000 -0.952812 0.303562
1760598064.971969 39.729260 -7.869697 0.000000 0.000000 0.000000 -0.952817 0.303547
1760598065.205301 39.729046 -7.869389 0.000000 0.000000 0.000000 -0.952819 0.303538
1760598065.406023 39.728881 -7.869153 0.000000 0.000000 0.000000 -0.952821 0.303533
1760598065.671962 39.728755 -7.868973 0.000000 0.000000 0.000000 -0.952822 0.303529
1760598065.871964 39.728753 -7.868970 0.000000 0.000000 0.000000 -0.952823 0.303526
1760598066.105297 39.728639 -7.868807 0.000000 0.000000 0.000000 -0.952823 0.303525
1760598066.305301 39.728555 -7.868685 0.000000 0.000000 0.000000 -0.952823 0.303526
1760598066.505302 39.748167 -7.864825 0.000000 0.000000 0.000000 -0.952235 0.305367
1760598066.707195 39.763241 -7.861858 0.000000 0.000000 0.000000 -0.951826 0.306639
1760598066.938655 39.757565 -7.855679 0.000000 0.000000 0.000000 -0.949941 0.312429
1760598067.205309 39.735065 -7.857291 0.000000 0.000000 0.000000 -0.947428 0.319968
1760598067.473156 39.729782 -7.845209 0.000000 0.000000 0.000000 -0.945280 0.326260
1760598067.738637 39.706053 -7.834079 0.000000 0.000000 0.000000 -0.941374 0.337366
1760598068.005298 39.667510 -7.831079 0.000000 0.000000 0.000000 -0.934981 0.354699
1760598068.238622 39.619267 -7.839493 0.000000 0.000000 0.000000 -0.926966 0.375145
1760598068.438806 39.619052 -7.839510 0.000000 0.000000 0.000000 -0.924156 0.382015
1760598068.671964 39.557394 -7.858487 0.000000 0.000000 0.000000 -0.916434 0.400185
1760598068.905305 39.493932 -7.884057 0.000000 0.000000 0.000000 -0.908819 0.417191
1760598069.105517 39.445775 -7.903457 0.000000 0.000000 0.000000 -0.904774 0.425892
1760598069.306146 39.393415 -7.930195 0.000000 0.000000 0.000000 -0.898597 0.438776
1760598069.538626 39.338107 -7.963732 0.000000 0.000000 0.000000 -0.890367 0.455244
1760598069.805306 39.293316 -7.990892 0.000000 0.000000 0.000000 -0.883891 0.467692
1760598070.038626 39.241888 -8.026734 0.000000 0.000000 0.000000 -0.876528 0.481351
1760598070.238629 39.241592 -8.026965 0.000000 0.000000 0.000000 -0.870949 0.491373
1760598070.438632 39.180220 -8.074948 0.000000 0.000000 0.000000 -0.866647 0.498922
1760598070.671967 39.135297 -8.110064 0.000000 0.000000 0.000000 -0.863343 0.504618
1760598070.905299 39.084596 -8.149655 0.000000 0.000000 0.000000 -0.859649 0.510886
1760598071.138631 39.033052 -8.196751 0.000000 0.000000 0.000000 -0.856929 0.515434
1760598071.373128 38.981311 -8.250595 0.000000 0.000000 0.000000 -0.854528 0.519406
1760598071.605308 38.940057 -8.293524 0.000000 0.000000 0.000000 -0.853612 0.520909
1760598071.871963 38.897102 -8.344741 0.000000 0.000000 0.000000 -0.852992 0.521924
1760598072.071967 38.896791 -8.345095 0.000000 0.000000 0.000000 -0.849828 0.527060
1760598072.305298 38.847175 -8.411454 0.000000 0.000000 0.000000 -0.853320 0.521388
1760598072.509135 38.799995 -8.479273 0.000000 0.000000 0.000000 -0.855754 0.517383
1760598072.738635 38.764747 -8.529940 0.000000 0.000000 0.000000 -0.857213 0.514962
1760598072.971968 38.727336 -8.586972 0.000000 0.000000 0.000000 -0.858767 0.512367
1760598073.205302 38.689053 -8.649856 0.000000 0.000000 0.000000 -0.860477 0.509489
1760598073.438620 38.650178 -8.717821 0.000000 0.000000 0.000000 -0.863372 0.504568
1760598073.638620 38.649923 -8.718206 0.000000 0.000000 0.000000 -0.863386 0.504544
1760598073.838631 38.625799 -8.759868 0.000000 0.000000 0.000000 -0.866248 0.499614
1760598074.072017 38.597971 -8.808730 0.000000 0.000000 0.000000 -0.868886 0.495013
1760598074.305276 38.565991 -8.863989 0.000000 0.000000 0.000000 -0.872353 0.488877
1760598074.505294 38.531795 -8.925043 0.000000 0.000000 0.000000 -0.875122 0.483903
1760598074.738632 38.494743 -8.988654 0.000000 0.000000 0.000000 -0.878337 0.478042
1760598075.005295 38.464797 -9.040064 0.000000 0.000000 0.000000 -0.880781 0.473524
1760598075.271954 38.431167 -9.100191 0.000000 0.000000 0.000000 -0.883324 0.468764
1760598075.505302 38.392179 -9.165480 0.000000 0.000000 0.000000 -0.885052 0.465493
1760598075.771962 38.350308 -9.233589 0.000000 0.000000 0.000000 -0.887550 0.460712
1760598075.971964 38.350009 -9.234044 0.000000 0.000000 0.000000 -0.889126 0.457663
1760598076.171969 38.299050 -9.314145 0.000000 0.000000 0.000000 -0.891022 0.453960
1760598076.405296 38.250312 -9.389533 0.000000 0.000000 0.000000 -0.892724 0.450605
1760598076.638633 38.203196 -9.465299 0.000000 0.000000 0.000000 -0.893883 0.448301
1760598076.838637 38.156817 -9.542059 0.000000 0.000000 0.000000 -0.894412 0.447244
1760598077.075125 38.109965 -9.617432 0.000000 0.000000 0.000000 -0.895057 0.445952
1760598077.340143 38.072132 -9.678296 0.000000 0.000000 0.000000 -0.895427 0.445209
1760598077.571975 38.027862 -9.743085 0.000000 0.000000 0.000000 -0.895681 0.444696
1760598077.838651 37.980501 -9.810136 0.000000 0.000000 0.000000 -0.895935 0.444185
1760598078.071979 37.930878 -9.881582 0.000000 0.000000 0.000000 -0.895913 0.444229
1760598078.338620 37.878611 -9.953162 0.000000 0.000000 0.000000 -0.896045 0.443963
1760598078.538632 37.878241 -9.953682 0.000000 0.000000 0.000000 -0.896615 0.442810
1760598078.771960 37.816828 -10.036296 0.000000 0.000000 0.000000 -0.896471 0.443103
1760598078.971962 37.758036 -10.113978 0.000000 0.000000 0.000000 -0.896571 0.442900
1760598079.171963 37.702162 -10.187928 0.000000 0.000000 0.000000 -0.896744 0.442550
1760598079.375155 37.649174 -10.261475 0.000000 0.000000 0.000000 -0.896853 0.442328
1760598079.638621 37.607457 -10.319375 0.000000 0.000000 0.000000 -0.896982 0.442068
1760598079.871961 37.560388 -10.382495 0.000000 0.000000 0.000000 -0.896790 0.442457
1760598080.071967 37.560079 -10.382913 0.000000 0.000000 0.000000 -0.897022 0.441987
1760598080.273200 37.505577 -10.457945 0.000000 0.000000 0.000000 -0.896152 0.443748
1760598080.506314 37.454473 -10.530660 0.000000 0.000000 0.000000 -0.895009 0.446047
1760598080.738631 37.402085 -10.602718 0.000000 0.000000 0.000000 -0.892911 0.450233
1760598080.938703 37.348318 -10.674668 0.000000 0.000000 0.000000 -0.891184 0.453642
1760598081.171960 37.295016 -10.746040 0.000000 0.000000 0.000000 -0.889158 0.457600
1760598081.371972 37.294704 -10.746487 0.000000 0.000000 0.000000 -0.888440 0.458993
1760598081.605299 37.232896 -10.828623 0.000000 0.000000 0.000000 -0.886402 0.462916
1760598081.805302 37.172832 -10.906394 0.000000 0.000000 0.000000 -0.884058 0.467377
1760598082.005304 37.115017 -10.980328 0.000000 0.000000 0.000000 -0.882245 0.470791
1760598082.238632 37.057938 -11.052594 0.000000 0.000000 0.000000 -0.880055 0.474873
1760598082.471965 37.011898 -11.110879 0.000000 0.000000 0.000000 -0.878604 0.477551
1760598082.671967 37.011592 -11.111305 0.000000 0.000000 0.000000 -0.877300 0.479942
1760598082.905265 36.957006 -11.181816 0.000000 0.000000 0.000000 -0.876489 0.481422
1760598083.105296 36.904579 -11.252518 0.000000 0.000000 0.000000 -0.876064 0.482196
1760598083.305399 36.879768 -11.291926 0.000000 0.000000 0.000000 -0.875775 0.482719
1760598083.538626 36.847051 -11.336371 0.000000 0.000000 0.000000 -0.875448 0.483312
1760598083.771998 36.809637 -11.388121 0.000000 0.000000 0.000000 -0.875128 0.483891
1760598084.038623 36.766434 -11.444244 0.000000 0.000000 0.000000 -0.874866 0.484365
1760598084.305295 36.730848 -11.490469 0.000000 0.000000 0.000000 -0.874893 0.484316
1760598084.538639 36.688133 -11.542675 0.000000 0.000000 0.000000 -0.875310 0.483562
1760598084.805301 36.640241 -11.597892 0.000000 0.000000 0.000000 -0.875901 0.482492
1760598085.073124 36.584077 -11.640599 0.000000 0.000000 0.000000 -0.877779 0.479067
1760598085.305307 36.526414 -11.690879 0.000000 0.000000 0.000000 -0.879163 0.476521
1760598085.505312 36.526062 -11.691211 0.000000 0.000000 0.000000 -0.879354 0.476169
1760598085.738640 36.466356 -11.755732 0.000000 0.000000 0.000000 -0.879896 0.475166
1760598085.971996 36.409132 -11.820423 0.000000 0.000000 0.000000 -0.880537 0.473978
1760598086.172308 36.365684 -11.869543 0.000000 0.000000 0.000000 -0.880883 0.473334
1760598086.373149 36.320997 -11.922887 0.000000 0.000000 0.000000 -0.881377 0.472413
1760598086.605302 36.275034 -11.980207 0.000000 0.000000 0.000000 -0.881651 0.471903
1760598086.805763 36.274732 -11.980550 0.000000 0.000000 0.000000 -0.881952 0.471340
1760598087.038630 36.221253 -12.051205 0.000000 0.000000 0.000000 -0.882224 0.470830
1760598087.238631 36.165380 -12.118271 0.000000 0.000000 0.000000 -0.882910 0.469543
1760598087.438655 36.114426 -12.186691 0.000000 0.000000 0.000000 -0.883497 0.468437
1760598087.671960 36.074930 -12.239724 0.000000 0.000000 0.000000 -0.883938 0.467603
1760598087.905300 36.032358 -12.298703 0.000000 0.000000 0.000000 -0.884488 0.466562
1760598088.171962 35.997987 -12.346319 0.000000 0.000000 0.000000 -0.884895 0.465791
1760598088.371969 35.997695 -12.346700 0.000000 0.000000 0.000000 -0.885268 0.465082
1760598088.571996 35.949837 -12.405784 0.000000 0.000000 0.000000 -0.885401 0.464828
1760598088.805297 35.894920 -12.453984 0.000000 0.000000 0.000000 -0.888305 0.459253
1760598089.005301 35.852601 -12.491120 0.000000 0.000000 0.000000 -0.890070 0.455824
1760598089.205309 35.807860 -12.534870 0.000000 0.000000 0.000000 -0.891484 0.453052
1760598089.471966 35.785362 -12.554988 0.000000 0.000000 0.000000 -0.892790 0.450473
1760598089.738628 35.751913 -12.584709 0.000000 0.000000 0.000000 -0.894122 0.447824
1760598090.005295 35.713693 -12.625855 0.000000 0.000000 0.000000 -0.894981 0.446105
1760598090.205298 35.713427 -12.626110 0.000000 0.000000 0.000000 -0.895833 0.444390
1760598090.405319 35.679035 -12.663177 0.000000 0.000000 0.000000 -0.895400 0.445263
1760598090.638629 35.641629 -12.707004 0.000000 0.000000 0.000000 -0.895284 0.445496
1760598090.838632 35.598721 -12.755292 0.000000 0.000000 0.000000 -0.895308 0.445448
1760598091.071960 35.565551 -12.811633 0.000000 0.000000 0.000000 -0.894456 0.447157
1760598091.305308 35.556345 -12.847526 0.000000 0.000000 0.000000 -0.893792 0.448482
1760598091.571957 35.536625 -12.891519 0.000000 0.000000 0.000000 -0.892889 0.450277
1760598091.771979 35.536458 -12.891819 0.000000 0.000000 0.000000 -0.892918 0.450219
1760598092.005305 35.518437 -12.932117 0.000000 0.000000 0.000000 -0.891987 0.452061
1760598092.238630 35.492716 -12.979459 0.000000 0.000000 0.000000 -0.890620 0.454748
1760598092.438634 35.457375 -13.028748 0.000000 0.000000 0.000000 -0.889775 0.456399
1760598092.672446 35.419846 -13.082916 0.000000 0.000000 0.000000 -0.888827 0.458244
1760598092.905301 35.389941 -13.126076 0.000000 0.000000 0.000000 -0.888180 0.459497
1760598093.138628 35.354375 -13.176341 0.000000 0.000000 0.000000 -0.887310 0.461174
1760598093.371980 35.309942 -13.221263 0.000000 0.000000 0.000000 -0.887620 0.460576
1760598093.638622 35.257495 -13.267248 0.000000 0.000000 0.000000 -0.889206 0.457506
1760598093.871983 35.197022 -13.296786 0.000000 0.000000 0.000000 -0.894137 0.447793
1760598094.138627 35.129656 -13.316746 0.000000 0.000000 0.000000 -0.899647 0.436618
1760598094.338633 35.129234 -13.316976 0.000000 0.000000 0.000000 -0.900811 0.434212
1760598094.541176 35.059940 -13.337750 0.000000 0.000000 0.000000 -0.904901 0.425622
1760598094.771965 34.990294 -13.351909 0.000000 0.000000 0.000000 -0.909397 0.415929
1760598095.005304 34.917506 -13.358766 0.000000 0.000000 0.000000 -0.915400 0.402545
1760598095.238628 34.847187 -13.379076 0.000000 0.000000 0.000000 -0.919401 0.393322
1760598095.471961 34.778352 -13.409902 0.000000 0.000000 0.000000 -0.922369 0.386310
1760598095.671976 34.777926 -13.410007 0.000000 0.000000 0.000000 -0.924724 0.380638
1760598095.905297 34.716590 -13.437573 0.000000 0.000000 0.000000 -0.925048 0.379850
1760598096.138627 34.656495 -13.473824 0.000000 0.000000 0.000000 -0.925441 0.378891
1760598096.338634 34.596887 -13.516836 0.000000 0.000000 0.000000 -0.925558 0.378606
1760598096.538697 34.551469 -13.549605 0.000000 0.000000 0.000000 -0.925519 0.378702
1760598096.771963 34.502288 -13.588667 0.000000 0.000000 0.000000 -0.925684 0.378297
1760598097.038626 34.462361 -13.620380 0.000000 0.000000 0.000000 -0.925697 0.378266
1760598097.238628 34.462018 -13.620607 0.000000 0.000000 0.000000 -0.926646 0.375936
1760598097.438629 34.408685 -13.664926 0.000000 0.000000 0.000000 -0.925295 0.379249
1760598097.638637 34.355794 -13.712807 0.000000 0.000000 0.000000 -0.924210 0.381885
1760598097.840130 34.301028 -13.762365 0.000000 0.000000 0.000000 -0.923524 0.383540
1760598098.071962 34.246942 -13.816456 0.000000 0.000000 0.000000 -0.922782 0.385323
1760598098.271966 34.246640 -13.816729 0.000000 0.000000 0.000000 -0.922922 0.384987
1760598098.505298 34.177680 -13.875192 0.000000 0.000000 0.000000 -0.922633 0.385679
1760598098.707772 34.106103 -13.924505 0.000000 0.000000 0.000000 -0.923390 0.383864
1760598098.938632 34.036923 -13.974811 0.000000 0.000000 0.000000 -0.923986 0.382425
1760598099.138651 33.968041 -14.028186 0.000000 0.000000 0.000000 -0.924461 0.381276
1760598099.371989 33.899252 -14.081760 0.000000 0.000000 0.000000 -0.924897 0.380217
1760598099.638628 33.828887 -14.137900 0.000000 0.000000 0.000000 -0.925223 0.379424
1760598099.838633 33.828416 -14.138263 0.000000 0.000000 0.000000 -0.925489 0.378774
1760598100.071963 33.747621 -14.205911 0.000000 0.000000 0.000000 -0.925396 0.379003
1760598100.274128 33.674244 -14.272892 0.000000 0.000000 0.000000 -0.925050 0.379844
1760598100.505297 33.608108 -14.339833 0.000000 0.000000 0.000000 -0.924640 0.380843
1760598100.705304 33.542463 -14.406790 0.000000 0.000000 0.000000 -0.924336 0.381579
1760598100.938623 33.477408 -14.472135 0.000000 0.000000 0.000000 -0.924366 0.381506
1760598101.138630 33.476998 -14.472531 0.000000 0.000000 0.000000 -0.924386 0.381457
1760598101.371965 33.398526 -14.538139 0.000000 0.000000 0.000000 -0.924949 0.380090
1760598101.573137 33.321710 -14.598756 0.000000 0.000000 0.000000 -0.925612 0.378474
1760598101.805301 33.249368 -14.658122 0.000000 0.000000 0.000000 -0.925999 0.377526
1760598102.005315 33.179168 -14.719888 0.000000 0.000000 0.000000 -0.926232 0.376955
1760598102.238646 33.111787 -14.782473 0.000000 0.000000 0.000000 -0.926388 0.376571
1760598102.505301 33.043040 -14.846259 0.000000 0.000000 0.000000 -0.926477 0.376351
1760598102.771960 32.974262 -14.914694 0.000000 0.000000 0.000000 -0.926631 0.375971
1760598102.971983 32.973771 -14.915148 0.000000 0.000000 0.000000 -0.926787 0.375587
1760598103.205301 32.894211 -14.992056 0.000000 0.000000 0.000000 -0.926737 0.375710
1760598103.405313 32.819153 -15.062706 0.000000 0.000000 0.000000 -0.926936 0.375219
1760598103.638614 32.749404 -15.129919 0.000000 0.000000 0.000000 -0.927039 0.374964
1760598103.838629 32.681118 -15.196766 0.000000 0.000000 0.000000 -0.927118 0.374771
1760598104.071966 32.614680 -15.262091 0.000000 0.000000 0.000000 -0.927176 0.374625
1760598104.275128 32.614245 -15.262510 0.000000 0.000000 0.000000 -0.927289 0.374347
1760598104.507129 32.536661 -15.335491 0.000000 0.000000 0.000000 -0.927249 0.374444
1760598104.707142 32.463757 -15.405324 0.000000 0.000000 0.000000 -0.927021 0.375010
1760598104.938641 32.395726 -15.472960 0.000000 0.000000 0.000000 -0.926607 0.376030
1760598105.140145 32.328070 -15.540416 0.000000 0.000000 0.000000 -0.926132 0.377199
1760598105.371965 32.262094 -15.607143 0.000000 0.000000 0.000000 -0.925625 0.378443
1760598105.571975 32.261682 -15.607556 0.000000 0.000000 0.000000 -0.925493 0.378765
1760598105.805299 32.184882 -15.682272 0.000000 0.000000 0.000000 -0.924889 0.380237
1760598106.038642 32.111478 -15.752759 0.000000 0.000000 0.000000 -0.924528 0.381113
1760598106.271966 32.039428 -15.820211 0.000000 0.000000 0.000000 -0.924287 0.381698
1760598106.471969 31.967378 -15.885363 0.000000 0.000000 0.000000 -0.924070 0.382224
1760598106.705300 31.896654 -15.948090 0.000000 0.000000 0.000000 -0.923770 0.382948
1760598106.938633 31.825705 -16.012141 0.000000 0.000000 0.000000 -0.923568 0.383434
1760598107.171964 31.753296 -16.075822 0.000000 0.000000 0.000000 -0.923392 0.383858
1760598107.371964 31.752835 -16.076244 0.000000 0.000000 0.000000 -0.923190 0.384344
1760598107.605299 31.669904 -16.147286 0.000000 0.000000 0.000000 -0.923162 0.384411
1760598107.805312 31.592453 -16.215259 0.000000 0.000000 0.000000 -0.923169 0.384393
1760598108.038628 31.520094 -16.280636 0.000000 0.000000 0.000000 -0.923137 0.384470
1760598108.271971 31.445321 -16.341510 0.000000 0.000000 0.000000 -0.923727 0.383051
1760598108.505306 31.371745 -16.403760 0.000000 0.000000 0.000000 -0.924193 0.381926
1760598108.706160 31.371287 -16.404150 0.000000 0.000000 0.000000 -0.924225 0.381849
1760598108.938631 31.293799 -16.478920 0.000000 0.000000 0.000000 -0.924171 0.381978
1760598109.138637 31.217338 -16.544909 0.000000 0.000000 0.000000 -0.924851 0.380329
1760598109.372296 31.145063 -16.607912 0.000000 0.000000 0.000000 -0.925625 0.378442
1760598109.605294 31.068381 -16.655508 0.000000 0.000000 0.000000 -0.927538 0.373729
1760598109.838644 30.994057 -16.707810 0.000000 0.000000 0.000000 -0.929007 0.370062
1760598110.105298 30.919485 -16.762119 0.000000 0.000000 0.000000 -0.930476 0.366353
1760598110.305317 30.918959 -16.762490 0.000000 0.000000 0.000000 -0.931101 0.364760
1760598110.538631 30.834718 -16.827838 0.000000 0.000000 0.000000 -0.931914 0.362679
1760598110.771964 30.754717 -16.888434 0.000000 0.000000 0.000000 -0.932911 0.360108
1760598110.972230 30.680369 -16.950072 0.000000 0.000000 0.000000 -0.933460 0.358682
1760598111.205283 30.608490 -17.009171 0.000000 0.000000 0.000000 -0.934118 0.356963
1760598111.438625 30.536259 -17.068891 0.000000 0.000000 0.000000 -0.934595 0.355715
1760598111.638634 30.535803 -17.069245 0.000000 0.000000 0.000000 -0.935186 0.354157
1760598111.871963 30.456536 -17.139575 0.000000 0.000000 0.000000 -0.935086 0.354420
1760598112.071963 30.381264 -17.206003 0.000000 0.000000 0.000000 -0.935025 0.354581
1760598112.271966 30.309912 -17.269287 0.000000 0.000000 0.000000 -0.935119 0.354334
1760598112.506135 30.256524 -17.337295 0.000000 0.000000 0.000000 -0.934061 0.357115
1760598112.772003 30.202395 -17.408147 0.000000 0.000000 0.000000 -0.933175 0.359422
1760598112.972050 30.201983 -17.408593 0.000000 0.000000 0.000000 -0.933209 0.359335
1760598113.205296 30.139876 -17.492433 0.000000 0.000000 0.000000 -0.932107 0.362183
1760598113.405302 30.075165 -17.565157 0.000000 0.000000 0.000000 -0.931817 0.362929
1760598113.638633 30.012635 -17.633860 0.000000 0.000000 0.000000 -0.931636 0.363393
1760598113.871997 30.012223 -17.634336 0.000000 0.000000 0.000000 -0.931474 0.363809
1760598114.072001 29.937882 -17.709516 0.000000 0.000000 0.000000 -0.931844 0.362858
1760598114.305307 29.872672 -17.781198 0.000000 0.000000 0.000000 -0.931448 0.363874
1760598114.538625 29.806239 -17.848130 0.000000 0.000000 0.000000 -0.931316 0.364211
1760598114.771980 29.736708 -17.909743 0.000000 0.000000 0.000000 -0.931395 0.364011
1760598115.038629 29.667400 -17.971566 0.000000 0.000000 0.000000 -0.931168 0.364589
1760598115.238631 29.666962 -17.971987 0.000000 0.000000 0.000000 -0.931068 0.364846
1760598115.471962 29.604263 -18.027877 0.000000 0.000000 0.000000 -0.930983 0.365061
1760598115.705295 29.541742 -18.082503 0.000000 0.000000 0.000000 -0.930031 0.367480
1760598115.905307 29.476152 -18.133675 0.000000 0.000000 0.000000 -0.928993 0.370098
1760598116.138628 29.410178 -18.183990 0.000000 0.000000 0.000000 -0.927458 0.373927
1760598116.371979 29.352902 -18.242800 0.000000 0.000000 0.000000 -0.924557 0.381045
1760598116.641124 29.293296 -18.303798 0.000000 0.000000 0.000000 -0.921482 0.388421
1760598116.871981 29.228279 -18.365508 0.000000 0.000000 0.000000 -0.918865 0.394571
1760598117.138623 29.161163 -18.426455 0.000000 0.000000 0.000000 -0.916790 0.399369
1760598117.338633 29.160718 -18.426909 0.000000 0.000000 0.000000 -0.915450 0.402432
1760598117.571968 29.083846 -18.498297 0.000000 0.000000 0.000000 -0.914695 0.404144
1760598117.805300 29.009936 -18.563975 0.000000 0.000000 0.000000 -0.914337 0.404955
1760598118.038630 28.939553 -18.628834 0.000000 0.000000 0.000000 -0.914018 0.405673
1760598118.238630 28.870014 -18.692685 0.000000 0.000000 0.000000 -0.914304 0.405028
1760598118.471963 28.803196 -18.756145 0.000000 0.000000 0.000000 -0.914593 0.404375
1760598118.705295 28.736487 -18.821589 0.000000 0.000000 0.000000 -0.915197 0.403006
1760598118.938626 28.669156 -18.887904 0.000000 0.000000 0.000000 -0.915777 0.401687
1760598119.171992 28.601613 -18.955393 0.000000 0.000000 0.000000 -0.916828 0.399283
1760598119.438620 28.533945 -19.024038 0.000000 0.000000 0.000000 -0.918150 0.396234
1760598119.638633 28.533441 -19.024526 0.000000 0.000000 0.000000 -0.918220 0.396070
1760598119.838633 28.456459 -19.104283 0.000000 0.000000 0.000000 -0.919635 0.392775
1760598120.071965 28.385799 -19.177437 0.000000 0.000000 0.000000 -0.920771 0.390105
1760598120.305247 28.315715 -19.246817 0.000000 0.000000 0.000000 -0.921757 0.387769
1760598120.505704 28.246149 -19.314685 0.000000 0.000000 0.000000 -0.922468 0.386074
1760598120.738644 28.180179 -19.382418 0.000000 0.000000 0.000000 -0.922951 0.384918
1760598121.005302 28.114187 -19.451650 0.000000 0.000000 0.000000 -0.923595 0.383369
1760598121.205324 28.113709 -19.452123 0.000000 0.000000 0.000000 -0.924050 0.382271
1760598121.438629 28.036031 -19.530472 0.000000 0.000000 0.000000 -0.924430 0.381353
1760598121.638632 27.963299 -19.603837 0.000000 0.000000 0.000000 -0.924832 0.380376
1760598121.838633 27.894828 -19.673001 0.000000 0.000000 0.000000 -0.925256 0.379343
1760598122.038637 27.826947 -19.738441 0.000000 0.000000 0.000000 -0.925842 0.377910
1760598122.305298 27.760191 -19.803548 0.000000 0.000000 0.000000 -0.926581 0.376095
1760598122.538649 27.759621 -19.804094 0.000000 0.000000 0.000000 -0.927121 0.374762
1760598122.771963 27.680609 -19.882280 0.000000 0.000000 0.000000 -0.927513 0.373791
1760598122.972015 27.604550 -19.951909 0.000000 0.000000 0.000000 -0.928130 0.372256
1760598123.173488 27.536408 -20.020379 0.000000 0.000000 0.000000 -0.928605 0.371069
1760598123.438632 27.468022 -20.084525 0.000000 0.000000 0.000000 -0.929330 0.369250
1760598123.705314 27.394988 -20.147400 0.000000 0.000000 0.000000 -0.930197 0.367060
1760598123.971963 27.322015 -20.213159 0.000000 0.000000 0.000000 -0.930924 0.365214
1760598124.171965 27.321518 -20.213598 0.000000 0.000000 0.000000 -0.931430 0.363921
1760598124.405296 27.238631 -20.287069 0.000000 0.000000 0.000000 -0.931735 0.363139
1760598124.605296 27.177857 -20.340940 0.000000 0.000000 0.000000 -0.931817 0.362929
1760598124.805299 27.117810 -20.394596 0.000000 0.000000 0.000000 -0.932146 0.362084
1760598125.038633 27.058056 -20.449740 0.000000 0.000000 0.000000 -0.932508 0.361149
1760598125.238636 27.057679 -20.450073 0.000000 0.000000 0.000000 -0.932898 0.360141
1760598125.471972 26.987820 -20.514671 0.000000 0.000000 0.000000 -0.933051 0.359743
1760598125.671973 26.918834 -20.575953 0.000000 0.000000 0.000000 -0.933063 0.359713
1760598125.905296 26.851739 -20.634965 0.000000 0.000000 0.000000 -0.932902 0.360132
1760598126.108122 26.783182 -20.669583 0.000000 0.000000 0.000000 -0.934591 0.355723
1760598126.338622 26.715619 -20.709731 0.000000 0.000000 0.000000 -0.935568 0.353146
1760598126.538629 26.715211 -20.710005 0.000000 0.000000 0.000000 -0.936057 0.351848
1760598126.738643 26.636219 -20.759138 0.000000 0.000000 0.000000 -0.935877 0.352328
1760598126.971972 26.561632 -20.808092 0.000000 0.000000 0.000000 -0.935311 0.353827
1760598127.175138 26.486265 -20.856481 0.000000 0.000000 0.000000 -0.934460 0.356067
1760598127.405289 26.411909 -20.904953 0.000000 0.000000 0.000000 -0.933700 0.358056
1760598127.605295 26.411488 -20.905230 0.000000 0.000000 0.000000 -0.933701 0.358053
1760598127.805296 26.329748 -20.965015 0.000000 0.000000 0.000000 -0.932320 0.361635
1760598128.005297 26.251628 -21.019126 0.000000 0.000000 0.000000 -0.931371 0.364073
1760598128.240138 26.184917 -21.078713 0.000000 0.000000 0.000000 -0.930009 0.367536
1760598128.471961 26.120462 -21.142396 0.000000 0.000000 0.000000 -0.928645 0.370970
1760598128.671970 26.120076 -21.142732 0.000000 0.000000 0.000000 -0.928103 0.372323
1760598128.905299 26.044790 -21.213336 0.000000 0.000000 0.000000 -0.927227 0.374500
1760598129.105306 26.008666 -21.260809 0.000000 0.000000 0.000000 -0.927273 0.374385
1760598129.338635 25.964524 -21.307161 0.000000 0.000000 0.000000 -0.927250 0.374442
1760598129.540132 25.915484 -21.357591 0.000000 0.000000 0.000000 -0.927294 0.374334
1760598129.771966 25.861862 -21.408515 0.000000 0.000000 0.000000 -0.927313 0.374286
1760598130.038637 25.804225 -21.462333 0.000000 0.000000 0.000000 -0.927314 0.374283
1760598130.271978 25.803776 -21.462773 0.000000 0.000000 0.000000 -0.927023 0.375004
1760598130.505311 25.736375 -21.531782 0.000000 0.000000 0.000000 -0.927142 0.374711
1760598130.738632 25.672758 -21.598896 0.000000 0.000000 0.000000 -0.927075 0.374875
1760598130.938633 25.607871 -21.661950 0.000000 0.000000 0.000000 -0.927192 0.374587
1760598131.171966 25.541944 -21.720295 0.000000 0.000000 0.000000 -0.927416 0.374030
1760598131.371971 25.477949 -21.782527 0.000000 0.000000 0.000000 -0.927611 0.373548
1760598131.638628 25.412692 -21.842983 0.000000 0.000000 0.000000 -0.927838 0.372984
1760598131.838630 25.412246 -21.843406 0.000000 0.000000 0.000000 -0.927826 0.373013
1760598132.038631 25.331956 -21.909779 0.000000 0.000000 0.000000 -0.928528 0.371263
1760598132.271966 25.260678 -21.974946 0.000000 0.000000 0.000000 -0.928602 0.371078
1760598132.505296 25.191349 -22.039808 0.000000 0.000000 0.000000 -0.928658 0.370938
1760598132.738632 25.122070 -22.104055 0.000000 0.000000 0.000000 -0.928671 0.370905
1760598132.938641 25.051258 -22.166577 0.000000 0.000000 0.000000 -0.928795 0.370594
1760598133.205288 24.983335 -22.229853 0.000000 0.000000 0.000000 -0.928896 0.370340
1760598133.438623 24.911330 -22.294065 0.000000 0.000000 0.000000 -0.929092 0.369850
1760598133.638630 24.910877 -22.294473 0.000000 0.000000 0.000000 -0.929179 0.369629
1760598133.840137 24.831917 -22.368622 0.000000 0.000000 0.000000 -0.929236 0.369486
1760598134.071966 24.773968 -22.423025 0.000000 0.000000 0.000000 -0.929280 0.369376
1760598134.305307 24.715656 -22.480103 0.000000 0.000000 0.000000 -0.929300 0.369326
1760598134.506139 24.656559 -22.539785 0.000000 0.000000 0.000000 -0.929257 0.369435
1760598134.738626 24.596831 -22.599658 0.000000 0.000000 0.000000 -0.929196 0.369587
1760598134.938638 24.596452 -22.600028 0.000000 0.000000 0.000000 -0.929233 0.369495
1760598135.171962 24.525245 -22.668092 0.000000 0.000000 0.000000 -0.929312 0.369295
1760598135.371967 24.471710 -22.719269 0.000000 0.000000 0.000000 -0.929351 0.369197
1760598135.605299 24.413605 -22.762077 0.000000 0.000000 0.000000 -0.930171 0.367126
1760598135.838640 24.349369 -22.803615 0.000000 0.000000 0.000000 -0.931015 0.364982
1760598136.071959 24.282671 -22.848776 0.000000 0.000000 0.000000 -0.931807 0.362955
1760598136.305293 24.216440 -22.899641 0.000000 0.000000 0.000000 -0.932407 0.361409
1760598136.505304 24.216033 -22.899941 0.000000 0.000000 0.000000 -0.932736 0.360559
1760598136.738630 24.141573 -22.962043 0.000000 0.000000 0.000000 -0.933058 0.359725
1760598136.971967 24.106008 -23.002497 0.000000 0.000000 0.000000 -0.934012 0.357243
1760598137.171968 24.080628 -23.053911 0.000000 0.000000 0.000000 -0.932287 0.361720
1760598137.372757 24.046877 -23.105955 0.000000 0.000000 0.000000 -0.931389 0.364025
1760598137.605306 24.005824 -23.159067 0.000000 0.000000 0.000000 -0.931290 0.364280
1760598137.873130 23.982223 -23.185845 0.000000 0.000000 0.000000 -0.931440 0.363895
1760598138.105288 23.947998 -23.221219 0.000000 0.000000 0.000000 -0.932355 0.361543
1760598138.305296 23.947776 -23.221475 0.000000 0.000000 0.000000 -0.932474 0.361237
1760598138.505334 23.903431 -23.270205 0.000000 0.000000 0.000000 -0.933897 0.357543
1760598138.738633 23.856860 -23.321154 0.000000 0.000000 0.000000 -0.936032 0.351914
1760598138.939147 23.806979 -23.375384 0.000000 0.000000 0.000000 -0.938572 0.345083
1760598139.171968 23.755438 -23.431568 0.000000 0.000000 0.000000 -0.942013 0.335575
1760598139.405293 23.701145 -23.491221 0.000000 0.000000 0.000000 -0.945748 0.324901
1760598139.638626 23.643870 -23.553102 0.000000 0.000000 0.000000 -0.949853 0.312698
1760598139.838635 23.643516 -23.553436 0.000000 0.000000 0.000000 -0.951490 0.307680
1760598140.071973 23.577115 -23.625777 0.000000 0.000000 0.000000 -0.956005 0.293351
1760598140.305295 23.512840 -23.695419 0.000000 0.000000 0.000000 -0.960412 0.278584
1760598140.538631 23.466227 -23.768865 0.000000 0.000000 0.000000 -0.964213 0.265130
1760598140.771971 23.417732 -23.842257 0.000000 0.000000 0.000000 -0.968662 0.248381
1760598141.005295 23.377965 -23.919855 0.000000 0.000000 0.000000 -0.973132 0.230250
1760598141.205295 23.340422 -24.000054 0.000000 0.000000 0.000000 -0.977455 0.211143
1760598141.471973 23.301300 -24.079353 0.000000 0.000000 0.000000 -0.982787 0.184742
1760598141.671980 23.300902 -24.079842 0.000000 0.000000 0.000000 -0.985105 0.171955
1760598141.905314 23.252590 -24.171571 0.000000 0.000000 0.000000 -0.988679 0.150049
1760598142.105757 23.212013 -24.260185 0.000000 0.000000 0.000000 -0.991597 0.129363
1760598142.338631 23.169818 -24.342886 0.000000 0.000000 0.000000 -0.994568 0.104087
1760598142.571962 23.119511 -24.418181 0.000000 0.000000 0.000000 -0.996970 0.077790
1760598142.806137 23.065149 -24.491266 0.000000 0.000000 0.000000 -0.998703 0.050910
1760598143.038660 23.008026 -24.563457 0.000000 0.000000 0.000000 -0.999716 0.023843
1760598143.239147 23.007600 -24.563845 0.000000 0.000000 0.000000 -0.999987 0.005113
1760598143.471975 22.937459 -24.640180 0.000000 0.000000 0.000000 0.999903 0.013898
1760598143.705295 22.867228 -24.708755 0.000000 0.000000 0.000000 0.999375 0.035363
1760598143.905296 22.813494 -24.761243 0.000000 0.000000 0.000000 0.999003 0.044649
1760598144.138630 22.753436 -24.806032 0.000000 0.000000 0.000000 0.998082 0.061912
1760598144.371965 22.688429 -24.851517 0.000000 0.000000 0.000000 0.996683 0.081387
1760598144.571970 22.616879 -24.886997 0.000000 0.000000 0.000000 0.994965 0.100219
1760598144.838628 22.541613 -24.916640 0.000000 0.000000 0.000000 0.992071 0.125680
1760598145.038633 22.541063 -24.916832 0.000000 0.000000 0.000000 0.989726 0.142975
1760598145.271964 22.465262 -24.964603 0.000000 0.000000 0.000000 0.989467 0.144757
1760598145.471979 22.389089 -24.991904 0.000000 0.000000 0.000000 0.988336 0.152291
1760598145.705296 22.311854 -25.011765 0.000000 0.000000 0.000000 0.986351 0.164656
1760598145.905296 22.231119 -25.026875 0.000000 0.000000 0.000000 0.984457 0.175628
1760598146.105306 22.151506 -25.048027 0.000000 0.000000 0.000000 0.982697 0.185219
1760598146.305327 22.151061 -25.048102 0.000000 0.000000 0.000000 0.980250 0.197762
1760598146.539133 22.058471 -25.068457 0.000000 0.000000 0.000000 0.979070 0.203522
1760598146.771965 21.967487 -25.080418 0.000000 0.000000 0.000000 0.977300 0.211859
1760598147.005300 21.885253 -25.106163 0.000000 0.000000 0.000000 0.976895 0.213720
1760598147.205337 21.801314 -25.121597 0.000000 0.000000 0.000000 0.976446 0.215761
1760598147.406228 21.717291 -25.129594 0.000000 0.000000 0.000000 0.975352 0.220654
1760598147.638632 21.633257 -25.128927 0.000000 0.000000 0.000000 0.973618 0.228183
1760598147.905295 21.547282 -25.120160 0.000000 0.000000 0.000000 0.971508 0.237006
1760598148.138629 21.457972 -25.104603 0.000000 0.000000 0.000000 0.969889 0.243547
1760598148.338630 21.457405 -25.104539 0.000000 0.000000 0.000000 0.968070 0.250680
1760598148.538636 21.357785 -25.080102 0.000000 0.000000 0.000000 0.968147 0.250384
1760598148.771971 21.264070 -25.064728 0.000000 0.000000 0.000000 0.967976 0.251044
1760598149.005296 21.174080 -25.042465 0.000000 0.000000 0.000000 0.967971 0.251061
1760598149.205297 21.086254 -25.014776 0.000000 0.000000 0.000000 0.968156 0.250349
1760598149.438627 21.001092 -24.984042 0.000000 0.000000 0.000000 0.968167 0.250305
1760598149.642126 20.914256 -24.952343 0.000000 0.000000 0.000000 0.968576 0.248719
1760598149.905296 20.864210 -24.930532 0.000000 0.000000 0.000000 0.968826 0.247740
1760598150.140125 20.805577 -24.902802 0.000000 0.000000 0.000000 0.969265 0.246021
1760598150.371965 20.740584 -24.872575 0.000000 0.000000 0.000000 0.969727 0.244193
1760598150.571968 20.740128 -24.872390 0.000000 0.000000 0.000000 0.969481 0.245167
1760598150.805295 20.664697 -24.831210 0.000000 0.000000 0.000000 0.969859 0.243665
1760598151.005297 20.589771 -24.789903 0.000000 0.000000 0.000000 0.970018 0.243035
1760598151.238648 20.514751 -24.751646 0.000000 0.000000 0.000000 0.969952 0.243297
1760598151.438671 20.457282 -24.701816 0.000000 0.000000 0.000000 0.967425 0.253158
1760598151.649167 20.393424 -24.660573 0.000000 0.000000 0.000000 0.964949 0.262437
1760598151.905291 20.324758 -24.620673 0.000000 0.000000 0.000000 0.962021 0.272975
1760598152.138628 20.249911 -24.580250 0.000000 0.000000 0.000000 0.958522 0.285019
1760598152.338642 20.249478 -24.579956 0.000000 0.000000 0.000000 0.957125 0.289674
1760598152.538646 20.181834 -24.543492 0.000000 0.000000 0.000000 0.955360 0.295443
1760598152.740128 20.114037 -24.506444 0.000000 0.000000 0.000000 0.952634 0.304120
1760598152.971968 20.043939 -24.471060 0.000000 0.000000 0.000000 0.949239 0.314555
1760598153.171972 19.971047 -24.433328 0.000000 0.000000 0.000000 0.945710 0.325011
1760598153.408126 19.913966 -24.403777 0.000000 0.000000 0.000000 0.942916 0.333029
1760598153.638627 19.848410 -24.377156 0.000000 0.000000 0.000000 0.940762 0.339066
1760598153.908151 19.779500 -24.344648 0.000000 0.000000 0.000000 0.938323 0.345759
1760598154.138642 19.706175 -24.306458 0.000000 0.000000 0.000000 0.936628 0.350327
1760598154.405322 19.630052 -24.267625 0.000000 0.000000 0.000000 0.934938 0.354812
1760598154.638623 19.551060 -24.225048 0.000000 0.000000 0.000000 0.934817 0.355129
1760598154.838628 19.550571 -24.224764 0.000000 0.000000 0.000000 0.933093 0.359635
1760598155.038634 19.458429 -24.184831 0.000000 0.000000 0.000000 0.936955 0.349450
1760598155.271968 19.391197 -24.155630 0.000000 0.000000 0.000000 0.938985 0.343957
1760598155.471968 19.321801 -24.122906 0.000000 0.000000 0.000000 0.942095 0.335346
1760598155.705301 19.254769 -24.083829 0.000000 0.000000 0.000000 0.945281 0.326258
1760598155.907151 19.185832 -24.040305 0.000000 0.000000 0.000000 0.948707 0.316158
1760598156.138626 19.115808 -23.995605 0.000000 0.000000 0.000000 0.952462 0.304658
1760598156.338629 19.115345 -23.995377 0.000000 0.000000 0.000000 0.953566 0.301184
1760598156.538631 19.032024 -23.946050 0.000000 0.000000 0.000000 0.957267 0.289206
1760598156.773205 18.962460 -23.928288 0.000000 0.000000 0.000000 0.961556 0.274607
1760598157.005296 18.892144 -23.902190 0.000000 0.000000 0.000000 0.964749 0.263170
1760598157.205863 18.820735 -23.869924 0.000000 0.000000 0.000000 0.967142 0.254236
1760598157.406126 18.752244 -23.830575 0.000000 0.000000 0.000000 0.968925 0.247356
1760598157.638631 18.685066 -23.786388 0.000000 0.000000 0.000000 0.970688 0.240342
1760598157.838642 18.684605 -23.786190 0.000000 0.000000 0.000000 0.972328 0.233622
1760598158.071968 18.630294 -23.727271 0.000000 0.000000 0.000000 0.971974 0.235090
1760598158.271968 18.572948 -23.669376 0.000000 0.000000 0.000000 0.971973 0.235092
1760598158.471969 18.510273 -23.620729 0.000000 0.000000 0.000000 0.972637 0.232329
1760598158.705731 18.443615 -23.575897 0.000000 0.000000 0.000000 0.973731 0.227701
1760598158.938625 18.374641 -23.527467 0.000000 0.000000 0.000000 0.974779 0.223170
1760598159.171974 18.301753 -23.479470 0.000000 0.000000 0.000000 0.976032 0.217628
1760598159.438624 18.233496 -23.423895 0.000000 0.000000 0.000000 0.977136 0.212615
1760598159.638638 18.232995 -23.423559 0.000000 0.000000 0.000000 0.978065 0.208300
1760598159.871969 18.150715 -23.361218 0.000000 0.000000 0.000000 0.978658 0.205496
1760598160.105297 18.070970 -23.304392 0.000000 0.000000 0.000000 0.979630 0.200810
1760598160.338634 17.991543 -23.252259 0.000000 0.000000 0.000000 0.980750 0.195265
1760598160.538640 17.911224 -23.203942 0.000000 0.000000 0.000000 0.981810 0.189866
1760598160.772015 17.843270 -23.149143 0.000000 0.000000 0.000000 0.982333 0.187143
1760598161.005290 17.771754 -23.095405 0.000000 0.000000 0.000000 0.982882 0.184237
1760598161.205297 17.771275 -23.095089 0.000000 0.000000 0.000000 0.983583 0.180457
1760598161.405298 17.685474 -23.040916 0.000000 0.000000 0.000000 0.983727 0.179671
1760598161.605305 17.601980 -22.997485 0.000000 0.000000 0.000000 0.984205 0.177033
1760598161.808297 17.522255 -22.953573 0.000000 0.000000 0.000000 0.984519 0.175280
1760598162.038632 17.442031 -22.912243 0.000000 0.000000 0.000000 0.984930 0.172955
1760598162.238632 17.441562 -22.911995 0.000000 0.000000 0.000000 0.985437 0.170038
1760598162.471976 17.349049 -22.868994 0.000000 0.000000 0.000000 0.985531 0.169496
1760598162.674852 17.279340 -22.836570 0.000000 0.000000 0.000000 0.985490 0.169732
1760598162.905298 17.226690 -22.812081 0.000000 0.000000 0.000000 0.985484 0.169770
1760598163.105331 17.165459 -22.790857 0.000000 0.000000 0.000000 0.985642 0.168851
1760598163.338623 17.099860 -22.767056 0.000000 0.000000 0.000000 0.985779 0.168050
1760598163.538635 17.099458 -22.766895 0.000000 0.000000 0.000000 0.986043 0.166488
1760598163.771970 17.018976 -22.738178 0.000000 0.000000 0.000000 0.985927 0.167179
1760598163.974214 16.958354 -22.716535 0.000000 0.000000 0.000000 0.985808 0.167879
1760598164.205298 16.893865 -22.693066 0.000000 0.000000 0.000000 0.985722 0.168384
1760598164.405302 16.825840 -22.664691 0.000000 0.000000 0.000000 0.985492 0.169723
1760598164.642126 16.754543 -22.636379 0.000000 0.000000 0.000000 0.985275 0.170978
1760598164.909127 16.677838 -22.608538 0.000000 0.000000 0.000000 0.985088 0.172050
1760598165.138658 16.595274 -22.581746 0.000000 0.000000 0.000000 0.984978 0.172681
1760598165.405290 16.513842 -22.549457 0.000000 0.000000 0.000000 0.984722 0.174136
1760598165.605297 16.513279 -22.549243 0.000000 0.000000 0.000000 0.984683 0.174355
1760598165.838632 16.417882 -22.512180 0.000000 0.000000 0.000000 0.984280 0.176617
1760598166.038634 16.326196 -22.481144 0.000000 0.000000 0.000000 0.983934 0.178530
1760598166.238641 16.239613 -22.449347 0.000000 0.000000 0.000000 0.983344 0.181756
1760598166.474131 16.160940 -22.410505 0.000000 0.000000 0.000000 0.982202 0.187830
1760598166.705297 16.081956 -22.367792 0.000000 0.000000 0.000000 0.980708 0.195477
1760598166.973131 16.036915 -22.326993 0.000000 0.000000 0.000000 0.979005 0.203837
1760598167.238635 15.992353 -22.275178 0.000000 0.000000 0.000000 0.976905 0.213673
1760598167.471983 15.937930 -22.224771 0.000000 0.000000 0.000000 0.975341 0.220702
1760598167.738628 15.876428 -22.177702 0.000000 0.000000 0.000000 0.973717 0.227762
1760598167.938664 15.876011 -22.177331 0.000000 0.000000 0.000000 0.972693 0.232094
1760598168.171964 15.797702 -22.134844 0.000000 0.000000 0.000000 0.972335 0.233593
1760598168.371994 15.742659 -22.082189 0.000000 0.000000 0.000000 0.971238 0.238113
1760598168.605299 15.701757 -22.043070 0.000000 0.000000 0.000000 0.970424 0.241408
1760598168.838637 15.653440 -22.000781 0.000000 0.000000 0.000000 0.969711 0.244256
1760598169.071968 15.596724 -21.960080 0.000000 0.000000 0.000000 0.969219 0.246202
1760598169.271977 15.596407 -21.959807 0.000000 0.000000 0.000000 0.968379 0.249482
1760598169.505305 15.524989 -21.915733 0.000000 0.000000 0.000000 0.968376 0.249495
1760598169.738628 15.454704 -21.870150 0.000000 0.000000 0.000000 0.967922 0.251252
1760598169.938635 15.382153 -21.827381 0.000000 0.000000 0.000000 0.967392 0.253282
1760598170.171962 15.309986 -21.784421 0.000000 0.000000 0.000000 0.966603 0.256279
1760598170.371963 15.244467 -21.732700 0.000000 0.000000 0.000000 0.964727 0.263253
1760598170.639488 15.182347 -21.676410 0.000000 0.000000 0.000000 0.962414 0.271587
1760598170.871996 15.114903 -21.617916 0.000000 0.000000 0.000000 0.960544 0.278128
1760598171.138631 15.043853 -21.561492 0.000000 0.000000 0.000000 0.959193 0.282751
1760598171.338639 15.043379 -21.561075 0.000000 0.000000 0.000000 0.958045 0.286618
1760598171.575155 14.960503 -21.495829 0.000000 0.000000 0.000000 0.958266 0.285878
1760598171.805295 14.879565 -21.438276 0.000000 0.000000 0.000000 0.958653 0.284578
1760598172.005315 14.800470 -21.384117 0.000000 0.000000 0.000000 0.959417 0.281991
1760598172.238634 14.725086 -21.330268 0.000000 0.000000 0.000000 0.959751 0.280852
1760598172.471953 14.648249 -21.277109 0.000000 0.000000 0.000000 0.960155 0.279467
1760598172.671973 14.647783 -21.276773 0.000000 0.000000 0.000000 0.959849 0.280517
1760598172.871993 14.560389 -21.216961 0.000000 0.000000 0.000000 0.960651 0.277758
1760598173.075133 14.478145 -21.163031 0.000000 0.000000 0.000000 0.961243 0.275703
1760598173.338629 14.399113 -21.110775 0.000000 0.000000 0.000000 0.961697 0.274116
1760598173.538630 14.398634 -21.110456 0.000000 0.000000 0.000000 0.961706 0.274084
1760598173.738631 14.306680 -21.053719 0.000000 0.000000 0.000000 0.962274 0.272082
1760598173.971994 14.221783 -21.002287 0.000000 0.000000 0.000000 0.962369 0.271747
1760598174.205306 14.138471 -20.953272 0.000000 0.000000 0.000000 0.962048 0.272879
1760598174.471998 14.055519 -20.905650 0.000000 0.000000 0.000000 0.961263 0.275633
1760598174.705300 14.054903 -20.905277 0.000000 0.000000 0.000000 0.961173 0.275948
1760598174.938628 13.958940 -20.850310 0.000000 0.000000 0.000000 0.959737 0.280899
1760598175.138631 13.871969 -20.797082 0.000000 0.000000 0.000000 0.958168 0.286206
1760598175.341075 13.792291 -20.744653 0.000000 0.000000 0.000000 0.956751 0.290909
1760598175.575146 13.713749 -20.695643 0.000000 0.000000 0.000000 0.955490 0.295025
1760598175.805298 13.633853 -20.647049 0.000000 0.000000 0.000000 0.954353 0.298682
1760598176.071964 13.553007 -20.598471 0.000000 0.000000 0.000000 0.953410 0.301677
1760598176.271975 13.552472 -20.598119 0.000000 0.000000 0.000000 0.952694 0.303930
1760598176.505295 13.455897 -20.552854 0.000000 0.000000 0.000000 0.953899 0.300129
1760598176.705300 13.365044 -20.510090 0.000000 0.000000 0.000000 0.954517 0.298157
1760598176.938634 13.282227 -20.464664 0.000000 0.000000 0.000000 0.954331 0.298751
1760598177.138644 13.199694 -20.419377 0.000000 0.000000 0.000000 0.954199 0.299173
1760598177.405296 13.118719 -20.374628 0.000000 0.000000 0.000000 0.953949 0.299968
1760598177.638620 13.034610 -20.328071 0.000000 0.000000 0.000000 0.953645 0.300934
1760598177.838633 13.034092 -20.327783 0.000000 0.000000 0.000000 0.953389 0.301743
1760598178.071966 12.942115 -20.271745 0.000000 0.000000 0.000000 0.953229 0.302248
1760598178.305297 12.853899 -20.237300 0.000000 0.000000 0.000000 0.953706 0.300742
1760598178.538638 12.768722 -20.200625 0.000000 0.000000 0.000000 0.954076 0.299566
1760598178.738646 12.683856 -20.179839 0.000000 0.000000 0.000000 0.954466 0.298318
1760598178.972221 12.601670 -20.153743 0.000000 0.000000 0.000000 0.954696 0.297582
1760598179.205290 12.518606 -20.123155 0.000000 0.000000 0.000000 0.954899 0.296930
1760598179.405300 12.518074 -20.122962 0.000000 0.000000 0.000000 0.954944 0.296788
1760598179.638637 12.423128 -20.085952 0.000000 0.000000 0.000000 0.955084 0.296335
1760598179.871967 12.335116 -20.045301 0.000000 0.000000 0.000000 0.955249 0.295801
1760598180.105301 12.249805 -20.003926 0.000000 0.000000 0.000000 0.955496 0.295003
1760598180.338633 12.183384 -19.953288 0.000000 0.000000 0.000000 0.954967 0.296712
1760598180.540150 12.122459 -19.895544 0.000000 0.000000 0.000000 0.953815 0.300393
1760598180.806124 12.058450 -19.860388 0.000000 0.000000 0.000000 0.953607 0.301055
1760598181.038634 11.989497 -19.819916 0.000000 0.000000 0.000000 0.954158 0.299304
1760598181.240418 11.989045 -19.819637 0.000000 0.000000 0.000000 0.954104 0.299474
1760598181.471965 11.908167 -19.772333 0.000000 0.000000 0.000000 0.955290 0.295672
1760598181.671967 11.830780 -19.724541 0.000000 0.000000 0.000000 0.956617 0.291348
1760598181.905312 11.756171 -19.677306 0.000000 0.000000 0.000000 0.957711 0.287731
1760598182.107146 11.681041 -19.628700 0.000000 0.000000 0.000000 0.958888 0.283785
1760598182.338631 11.605145 -19.582384 0.000000 0.000000 0.000000 0.960116 0.279604
1760598182.538632 11.604676 -19.582110 0.000000 0.000000 0.000000 0.960663 0.277716
1760598182.771970 11.518144 -19.527066 0.000000 0.000000 0.000000 0.961741 0.273960
1760598183.005297 11.434471 -19.475638 0.000000 0.000000 0.000000 0.963033 0.269384
1760598183.205307 11.352162 -19.426463 0.000000 0.000000 0.000000 0.964075 0.265631
1760598183.439121 11.272156 -19.379038 0.000000 0.000000 0.000000 0.964993 0.262274
1760598183.671920 11.190378 -19.332805 0.000000 0.000000 0.000000 0.965812 0.259243
1760598183.871965 11.189876 -19.332531 0.000000 0.000000 0.000000 0.966508 0.256635
1760598184.071967 11.097063 -19.280159 0.000000 0.000000 0.000000 0.966734 0.255783
1760598184.305392 11.009188 -19.248118 0.000000 0.000000 0.000000 0.967860 0.251489
1760598184.540132 10.924869 -19.211045 0.000000 0.000000 0.000000 0.968650 0.248428
1760598184.771962 10.840480 -19.173290 0.000000 0.000000 0.000000 0.969372 0.245598
1760598185.005299 10.757487 -19.132010 0.000000 0.000000 0.000000 0.970008 0.243073
1760598185.238628 10.671950 -19.102624 0.000000 0.000000 0.000000 0.970978 0.239169
1760598185.471966 10.585382 -19.071642 0.000000 0.000000 0.000000 0.971779 0.235894
1760598185.671983 10.584823 -19.071437 0.000000 0.000000 0.000000 0.972422 0.233230
1760598185.905298 10.487715 -19.032655 0.000000 0.000000 0.000000 0.972882 0.231302
1760598186.138630 10.414921 -19.003594 0.000000 0.000000 0.000000 0.973113 0.230327
1760598186.338647 10.341991 -18.970161 0.000000 0.000000 0.000000 0.973320 0.229450
1760598186.571966 10.268478 -18.936134 0.000000 0.000000 0.000000 0.973674 0.227944
1760598186.805309 10.192706 -18.899228 0.000000 0.000000 0.000000 0.974021 0.226457
1760598187.075141 10.114621 -18.860480 0.000000 0.000000 0.000000 0.974394 0.224847
1760598187.338626 10.034968 -18.816008 0.000000 0.000000 0.000000 0.974493 0.224416
1760598187.538641 10.034415 -18.815741 0.000000 0.000000 0.000000 0.974838 0.222915
1760598187.771970 9.943475 -18.763600 0.000000 0.000000 0.000000 0.974452 0.224597
1760598188.005297 9.855989 -18.718703 0.000000 0.000000 0.000000 0.974576 0.224059
1760598188.238635 9.771063 -18.675524 0.000000 0.000000 0.000000 0.974590 0.223997
1760598188.471954 9.686828 -18.633670 0.000000 0.000000 0.000000 0.974537 0.224225
1760598188.671965 9.686335 -18.633422 0.000000 0.000000 0.000000 0.974694 0.223542
1760598188.871980 9.591583 -18.588288 0.000000 0.000000 0.000000 0.974424 0.224716
1760598189.105297 9.504992 -18.544466 0.000000 0.000000 0.000000 0.974131 0.225984
1760598189.305301 9.420167 -18.501590 0.000000 0.000000 0.000000 0.973699 0.227839
1760598189.538633 9.358194 -18.450526 0.000000 0.000000 0.000000 0.972147 0.234371
1760598189.738643 9.357754 -18.450256 0.000000 0.000000 0.000000 0.971928 0.235279
1760598189.971976 9.281742 -18.395850 0.000000 0.000000 0.000000 0.970662 0.240446
1760598190.205300 9.205890 -18.345691 0.000000 0.000000 0.000000 0.969875 0.243603
1760598190.438628 9.129503 -18.297969 0.000000 0.000000 0.000000 0.969311 0.245838
1760598190.638628 9.051729 -18.252276 0.000000 0.000000 0.000000 0.968995 0.247081
1760598190.838634 8.972284 -18.216469 0.000000 0.000000 0.000000 0.969193 0.246301
1760598191.105290 8.892516 -18.180034 0.000000 0.000000 0.000000 0.969344 0.245708
1760598191.305296 8.891975 -18.179741 0.000000 0.000000 0.000000 0.969094 0.246692
1760598191.505300 8.799010 -18.133627 0.000000 0.000000 0.000000 0.969605 0.244674
1760598191.705302 8.712718 -18.089694 0.000000 0.000000 0.000000 0.969993 0.243134
1760598191.905310 8.630817 -18.045423 0.000000 0.000000 0.000000 0.970151 0.242500
1760598192.138624 8.547853 -18.010722 0.000000 0.000000 0.000000 0.970510 0.241061
1760598192.338647 8.547372 -18.010491 0.000000 0.000000 0.000000 0.970519 0.241025
1760598192.571965 8.452937 -17.967841 0.000000 0.000000 0.000000 0.971045 0.238895
1760598192.771966 8.362578 -17.927423 0.000000 0.000000 0.000000 0.971419 0.237372
1760598192.971995 8.289392 -17.878022 0.000000 0.000000 0.000000 0.970101 0.242701
1760598193.173127 8.229046 -17.823083 0.000000 0.000000 0.000000 0.968381 0.249476
1760598193.438628 8.166246 -17.768092 0.000000 0.000000 0.000000 0.966976 0.254866
1760598193.671956 8.096152 -17.721802 0.000000 0.000000 0.000000 0.966400 0.257042
1760598193.871959 8.095724 -17.721491 0.000000 0.000000 0.000000 0.965946 0.258743
1760598194.071960 8.024117 -17.664968 0.000000 0.000000 0.000000 0.964648 0.263544
1760598194.271964 7.953915 -17.612486 0.000000 0.000000 0.000000 0.963897 0.266274
1760598194.505296 7.881852 -17.566059 0.000000 0.000000 0.000000 0.963430 0.267962
1760598194.738638 7.807640 -17.518872 0.000000 0.000000 0.000000 0.963024 0.269417
1760598194.940126 7.731132 -17.471827 0.000000 0.000000 0.000000 0.962586 0.270977
1760598195.213143 7.653547 -17.426929 0.000000 0.000000 0.000000 0.961779 0.273826
1760598195.471952 7.572850 -17.377792 0.000000 0.000000 0.000000 0.960763 0.277370
1760598195.671957 7.572326 -17.377447 0.000000 0.000000 0.000000 0.960166 0.279430
1760598195.871974 7.476893 -17.330920 0.000000 0.000000 0.000000 0.959245 0.282574
1760598196.073126 7.388993 -17.287317 0.000000 0.000000 0.000000 0.957815 0.287385
1760598196.305297 7.304034 -17.247103 0.000000 0.000000 0.000000 0.955898 0.293697
1760598196.538632 7.220345 -17.204305 0.000000 0.000000 0.000000 0.953613 0.301035
1760598196.738644 7.138023 -17.158603 0.000000 0.000000 0.000000 0.950825 0.309728
1760598196.971955 7.064522 -17.109918 0.000000 0.000000 0.000000 0.946819 0.321768
1760598197.238633 6.985536 -17.068931 0.000000 0.000000 0.000000 0.942905 0.333062
1760598197.438640 6.984996 -17.068571 0.000000 0.000000 0.000000 0.940882 0.338734
1760598197.671962 6.890246 -17.025843 0.000000 0.000000 0.000000 0.938394 0.345567
1760598197.871969 6.803339 -16.980320 0.000000 0.000000 0.000000 0.935893 0.352284
1760598198.071971 6.719511 -16.939267 0.000000 0.000000 0.000000 0.933502 0.358573
1760598198.305298 6.639572 -16.895540 0.000000 0.000000 0.000000 0.930588 0.366069
1760598198.506125 6.555854 -16.860718 0.000000 0.000000 0.000000 0.929051 0.369952
1760598198.738633 6.475383 -16.820931 0.000000 0.000000 0.000000 0.926471 0.376366
1760598198.938641 6.474882 -16.820641 0.000000 0.000000 0.000000 0.924178 0.381961
1760598199.138652 6.382917 -16.772296 0.000000 0.000000 0.000000 0.923161 0.384413
1760598199.371962 6.297075 -16.726728 0.000000 0.000000 0.000000 0.921670 0.387974
1760598199.571984 6.216496 -16.676525 0.000000 0.000000 0.000000 0.918470 0.395491
1760598199.772147 6.136040 -16.630976 0.000000 0.000000 0.000000 0.916245 0.400619
1760598200.005334 6.057587 -16.583463 0.000000 0.000000 0.000000 0.913476 0.406892
1760598200.273145 5.981343 -16.530167 0.000000 0.000000 0.000000 0.911154 0.412066
1760598200.507149 5.918019 -16.485904 0.000000 0.000000 0.000000 0.910343 0.413856
1760598200.738666 5.849945 -16.441682 0.000000 0.000000 0.000000 0.910116 0.414353
1760598201.007150 5.795422 -16.406262 0.000000 0.000000 0.000000 0.910025 0.414553
1760598201.273143 5.750642 -16.377175 0.000000 0.000000 0.000000 0.910456 0.413605
1760598201.505318 5.714428 -16.353654 0.000000 0.000000 0.000000 0.911275 0.411799
1760598201.705327 5.714093 -16.353428 0.000000 0.000000 0.000000 0.910427 0.413670
1760598201.905467 5.665752 -16.317748 0.000000 0.000000 0.000000 0.911878 0.410460
1760598202.138636 5.614768 -16.278058 0.000000 0.000000 0.000000 0.912440 0.409210
1760598202.338670 5.578714 -16.267599 0.000000 0.000000 0.000000 0.912520 0.409033
1760598202.572041 5.578433 -16.267431 0.000000 0.000000 0.000000 0.912135 0.409890
1760598202.805301 5.577945 -16.267139 0.000000 0.000000 0.000000 0.911750 0.410746
1760598203.005348 5.577363 -16.266788 0.000000 0.000000 0.000000 0.911419 0.411480
1760598203.238660 5.576494 -16.266262 0.000000 0.000000 0.000000 0.911032 0.412336
1760598203.471970 5.575419 -16.265609 0.000000 0.000000 0.000000 0.910644 0.413191
1760598203.671988 5.574334 -16.264947 0.000000 0.000000 0.000000 0.910311 0.413924
