# timestamp tx ty tz qx qy qz qw
1759519053.660687 0.000000 0.000000 0.000000 0.000000 0.000000 0.000000 1.000000
1760658002.818000 0.000000 0.000000 0.000000 0.000000 0.000000 0.000000 1.000000
1760658003.018016 0.000000 0.000000 0.000000 0.000000 0.000000 0.000000 1.000000
1760658003.251333 0.000000 0.000000 0.000000 0.000000 0.000000 0.000000 1.000000
1760658003.451339 0.000000 0.000000 0.000000 0.000000 0.000000 0.000000 1.000000
1760658003.684693 0.000000 0.000000 0.000000 0.000000 0.000000 0.000000 1.000000
1760658003.917988 0.000000 0.000000 0.000000 0.000000 0.000000 0.000000 1.000000
1760658004.151345 0.000000 0.000000 0.000000 0.000000 0.000000 0.000000 1.000000
1760658004.351351 0.000000 0.000000 0.000000 0.000000 0.000000 0.000000 1.000000
1760658004.584668 0.000000 0.000000 0.000000 0.000000 0.000000 0.000000 1.000000
1760658004.817998 0.000000 0.000000 0.000000 0.000000 0.000000 0.000000 1.000000
1760658005.084842 0.000000 0.000000 0.000000 0.000000 0.000000 0.000000 1.000000
1760658005.285724 0.000000 0.000000 0.000000 0.000000 0.000000 0.000000 1.000000
1760658005.520506 0.082673 -0.007083 0.000000 0.000000 0.000000 -0.000001 1.000000
1760658005.751324 0.203705 0.016997 0.000000 0.000000 0.000000 -0.000088 1.000000
1760658005.951339 0.291561 0.034476 0.000000 0.000000 0.000000 -0.000122 1.000000
1760658006.217988 0.408048 0.057651 0.000000 0.000000 0.000000 -0.000143 1.000000
1760658006.418000 0.449765 0.065951 0.000000 0.000000 0.000000 -0.000150 1.000000
1760658006.618001 0.439619 0.067240 0.000000 0.000000 0.000000 -0.000106 1.000000
1760658006.851324 0.431030 0.068333 0.000000 0.000000 0.000000 -0.000073 1.000000
1760658007.051327 0.381644 0.072724 0.000000 0.000000 0.000000 -0.000046 1.000000
1760658007.318493 0.304049 0.079627 0.000000 0.000000 0.000000 -0.000014 1.000000
1760658007.551724 0.272036 0.082473 0.000000 0.000000 0.000000 -0.000002 1.000000
1760658007.784661 0.278035 0.096700 0.000000 0.000000 0.000000 -0.000052 1.000000
1760658008.017992 0.283463 0.109576 0.000000 0.000000 0.000000 -0.000094 1.000000
1760658008.217992 0.288380 0.121232 0.000000 0.000000 0.000000 -0.000126 1.000000
1760658008.417996 0.261712 0.150735 0.000000 0.000000 0.000000 0.000177 1.000000
1760658008.684686 0.217768 0.199354 0.000000 0.000000 0.000000 0.000556 1.000000
1760658008.917993 0.198873 0.220257 0.000000 0.000000 0.000000 0.000718 1.000000
1760658009.117994 0.147064 0.234519 0.000000 0.000000 0.000000 0.000835 1.000000
1760658009.351353 0.099853 0.247524 0.000000 0.000000 0.000000 0.000934 1.000000
1760658009.617988 0.019687 0.269608 0.000000 0.000000 0.000000 0.000996 1.000000
1760658009.817995 -0.015167 0.279204 0.000000 0.000000 0.000000 0.001027 0.999999
1760658010.051333 -0.047269 0.288046 0.000000 0.000000 0.000000 0.001053 0.999999
1760658010.252509 -0.043014 0.295122 0.000000 0.000000 0.000000 0.001164 0.999999
1760658010.518039 -0.004343 0.307107 0.000000 0.000000 0.000000 0.001761 0.999998
1760658010.751326 0.029082 0.312376 0.000000 0.000000 0.000000 0.002304 0.999997
1760658010.951355 0.093307 0.323213 0.000000 0.000000 0.000000 0.003110 0.999995
1760658011.184678 0.185558 0.331584 0.000000 0.000000 0.000000 0.003802 0.999993
1760658011.451332 0.376017 0.347428 0.000000 0.000000 0.000000 0.005357 0.999986
1760658011.651636 0.476034 0.354599 0.000000 0.000000 0.000000 0.006209 0.999981
1760658011.884672 0.535613 0.362535 0.000000 0.000000 0.000000 0.007151 0.999974
1760658012.118005 0.669404 0.378316 0.000000 0.000000 0.000000 0.008754 0.999962
1760658012.352685 0.743276 0.390820 0.000000 0.000000 0.000000 0.010129 0.999949
1760658012.584670 0.780111 0.400467 0.000000 0.000000 0.000000 0.011322 0.999936
1760658012.784673 0.848142 0.409767 0.000000 0.000000 0.000000 0.012458 0.999922
1760658013.017992 0.994308 0.425906 0.000000 0.000000 0.000000 0.013059 0.999915
1760658013.218003 1.105666 0.435811 0.000000 0.000000 0.000000 0.013213 0.999913
1760658013.451325 1.181037 0.430093 0.000000 0.000000 0.000000 0.013253 0.999912
1760658013.685150 1.373176 0.418501 0.000000 0.000000 0.000000 0.011259 0.999937
1760658013.885644 1.487904 0.421163 0.000000 0.000000 0.000000 0.010567 0.999944
1760658014.118008 1.564271 0.421889 0.000000 0.000000 0.000000 0.009745 0.999953
1760658014.386525 1.763407 0.432280 0.000000 0.000000 0.000000 0.008362 0.999965
1760658014.619809 1.876531 0.413122 0.000000 0.000000 0.000000 0.005889 0.999983
1760658014.851358 1.983357 0.395039 0.000000 0.000000 0.000000 0.003694 0.999993
1760658015.084789 2.260147 0.365928 0.000000 0.000000 0.000000 0.001314 0.999999
1760658015.317999 2.427644 0.347745 0.000000 0.000000 0.000000 -0.000492 1.000000
1760658015.518007 2.585777 0.330580 0.000000 0.000000 0.000000 -0.001764 0.999998
1760658015.751330 2.761621 0.301250 0.000000 0.000000 0.000000 -0.003979 0.999992
1760658015.984785 3.157517 0.251862 0.000000 0.000000 0.000000 -0.005389 0.999985
1760658016.217990 3.377598 0.230155 0.000000 0.000000 0.000000 -0.005979 0.999982
1760658016.484656 3.850528 0.197142 0.000000 0.000000 0.000000 -0.005481 0.999985
1760658016.684891 4.108057 0.184016 0.000000 0.000000 0.000000 -0.005239 0.999986
1760658016.951514 4.612096 0.160519 0.000000 0.000000 0.000000 -0.005005 0.999987
1760658017.187761 4.869099 0.146970 0.000000 0.000000 0.000000 -0.005274 0.999986
1760658017.417989 5.408892 0.112360 0.000000 0.000000 0.000000 -0.005594 0.999984
1760658017.617999 5.692521 0.100507 0.000000 0.000000 0.000000 -0.006059 0.999982
1760658017.885751 6.162271 0.053973 0.000000 0.000000 0.000000 -0.006697 0.999978
1760658018.118691 6.389597 0.032236 0.000000 0.000000 0.000000 -0.007181 0.999974
1760658018.384691 6.848339 0.007543 0.000000 0.000000 0.000000 -0.007110 0.999975
1760658018.619494 7.084884 -0.005192 0.000000 0.000000 0.000000 -0.007574 0.999971
1760658018.851320 7.544799 -0.056333 0.000000 0.000000 0.000000 -0.011288 0.999936
1760658019.051394 7.792760 -0.077944 0.000000 0.000000 0.000000 -0.013117 0.999914
1760658019.319908 8.268698 -0.116975 0.000000 0.000000 0.000000 -0.015751 0.999876
1760658019.551325 8.499006 -0.133414 0.000000 0.000000 0.000000 -0.017236 0.999851
1760658019.818067 8.991781 -0.163039 0.000000 0.000000 0.000000 -0.018566 0.999828
1760658020.051338 9.230551 -0.169001 0.000000 0.000000 0.000000 -0.019040 0.999819
1760658020.251338 9.488965 -0.180590 0.000000 0.000000 0.000000 -0.020664 0.999786
1760658020.484834 9.953616 -0.211714 0.000000 0.000000 0.000000 -0.026459 0.999650
1760658020.685109 10.168506 -0.231208 0.000000 0.000000 0.000000 -0.031409 0.999507
1760658020.918026 10.401616 -0.247104 0.000000 0.000000 0.000000 -0.035646 0.999364
1760658021.151328 10.654495 -0.264982 0.000000 0.000000 0.000000 -0.039909 0.999203
1760658021.351354 10.891923 -0.281760 0.000000 0.000000 0.000000 -0.042657 0.999090
1760658021.617989 11.357773 -0.307358 0.000000 0.000000 0.000000 -0.044849 0.998994
1760658021.818005 11.595875 -0.320549 0.000000 0.000000 0.000000 -0.046768 0.998906
1760658022.051339 11.830409 -0.330207 0.000000 0.000000 0.000000 -0.048431 0.998827
1760658022.284686 12.072215 -0.364145 0.000000 0.000000 0.000000 -0.054237 0.998528
1760658022.517990 12.537499 -0.425771 0.000000 0.000000 0.000000 -0.059006 0.998258
1760658022.717994 12.754052 -0.446002 0.000000 0.000000 0.000000 -0.060219 0.998185
1760658022.917996 12.987652 -0.461207 0.000000 0.000000 0.000000 -0.061496 0.998107
1760658023.151346 13.204184 -0.475306 0.000000 0.000000 0.000000 -0.062561 0.998041
1760658023.384731 13.439951 -0.493659 0.000000 0.000000 0.000000 -0.067100 0.997746
1760658023.617996 13.659659 -0.510759 0.000000 0.000000 0.000000 -0.070480 0.997513
1760658023.851323 13.897985 -0.528960 0.000000 0.000000 0.000000 -0.078290 0.996931
1760658024.051327 14.153121 -0.545906 0.000000 0.000000 0.000000 -0.088013 0.996119
1760658024.284662 14.385328 -0.561334 0.000000 0.000000 0.000000 -0.095900 0.995391
1760658024.484696 14.634496 -0.575597 0.000000 0.000000 0.000000 -0.105279 0.994443
1760658024.686507 14.895857 -0.588704 0.000000 0.000000 0.000000 -0.116528 0.993187
1760658024.917981 15.167882 -0.605952 0.000000 0.000000 0.000000 -0.126358 0.991985
1760658025.151353 15.453570 -0.620993 0.000000 0.000000 0.000000 -0.141708 0.989908
1760658025.417992 15.750902 -0.626955 0.000000 0.000000 0.000000 -0.157381 0.987538
1760658025.651327 15.752371 -0.627198 0.000000 0.000000 0.000000 -0.166407 0.986057
1760658025.884661 16.086588 -0.640774 0.000000 0.000000 0.000000 -0.174032 0.984740
1760658026.084689 16.424761 -0.654171 0.000000 0.000000 0.000000 -0.186968 0.982366
1760658026.285566 16.761388 -0.661892 0.000000 0.000000 0.000000 -0.202064 0.979372
1760658026.551394 17.060524 -0.695174 0.000000 0.000000 0.000000 -0.223939 0.974603
1760658026.817984 17.371264 -0.727473 0.000000 0.000000 0.000000 -0.245522 0.969391
1760658027.020554 17.372432 -0.727760 0.000000 0.000000 0.000000 -0.256528 0.966537
1760658027.251330 17.715162 -0.760598 0.000000 0.000000 0.000000 -0.275294 0.961360
1760658027.451344 18.058183 -0.794829 0.000000 0.000000 0.000000 -0.293413 0.955986
1760658027.685206 18.366532 -0.861885 0.000000 0.000000 0.000000 -0.315902 0.948792
1760658027.918768 18.679939 -0.929429 0.000000 0.000000 0.000000 -0.339542 0.940591
1760658028.184665 18.997173 -1.002049 0.000000 0.000000 0.000000 -0.366345 0.930479
1760658028.417991 18.998494 -1.002624 0.000000 0.000000 0.000000 -0.383403 0.923581
1760658028.651333 19.347173 -1.087389 0.000000 0.000000 0.000000 -0.401682 0.915779
1760658028.851347 19.677689 -1.139311 0.000000 0.000000 0.000000 -0.408127 0.912925
1760658029.084693 20.003663 -1.197307 0.000000 0.000000 0.000000 -0.422422 0.906399
1760658029.317974 20.004790 -1.197748 0.000000 0.000000 0.000000 -0.437953 0.898998
1760658029.517992 20.354875 -1.270034 0.000000 0.000000 0.000000 -0.446322 0.894873
1760658029.718657 20.694414 -1.352368 0.000000 0.000000 0.000000 -0.460002 0.887918
1760658029.984659 21.022630 -1.401897 0.000000 0.000000 0.000000 -0.476241 0.879315
1760658030.184670 21.023613 -1.402278 0.000000 0.000000 0.000000 -0.488693 0.872456
1760658030.417992 21.369627 -1.476170 0.000000 0.000000 0.000000 -0.499632 0.866238
1760658030.618063 21.702992 -1.569158 0.000000 0.000000 0.000000 -0.510899 0.859641
1760658030.851326 21.966393 -1.679712 0.000000 0.000000 0.000000 -0.526848 0.849959
1760658031.084681 22.222728 -1.810047 0.000000 0.000000 0.000000 -0.544355 0.838855
1760658031.317984 22.223695 -1.810615 0.000000 0.000000 0.000000 -0.558461 0.829531
1760658031.518149 22.496027 -1.967521 0.000000 0.000000 0.000000 -0.567881 0.823111
1760658031.751324 22.753371 -2.138794 0.000000 0.000000 0.000000 -0.580522 0.814244
1760658031.984653 23.018158 -2.302442 0.000000 0.000000 0.000000 -0.587073 0.809534
1760658032.184678 23.018845 -2.302986 0.000000 0.000000 0.000000 -0.597612 0.801786
1760658032.384698 23.282600 -2.496931 0.000000 0.000000 0.000000 -0.595615 0.803270
1760658032.585468 23.525674 -2.703405 0.000000 0.000000 0.000000 -0.596151 0.802872
1760658032.817989 23.753994 -2.920106 0.000000 0.000000 0.000000 -0.598539 0.801094
1760658033.017996 23.754635 -2.920712 0.000000 0.000000 0.000000 -0.605795 0.795621
1760658033.219499 23.985394 -3.164868 0.000000 0.000000 0.000000 -0.602444 0.798161
1760658033.451327 24.195129 -3.416710 0.000000 0.000000 0.000000 -0.601469 0.798896
1760658033.651339 24.195674 -3.417317 0.000000 0.000000 0.000000 -0.606590 0.795015
1760658033.856297 24.413007 -3.690958 0.000000 0.000000 0.000000 -0.600702 0.799473
1760658034.084673 24.615134 -3.966921 0.000000 0.000000 0.000000 -0.597269 0.802041
1760658034.284682 24.805028 -4.247931 0.000000 0.000000 0.000000 -0.594091 0.804398
1760658034.517980 24.805627 -4.248720 0.000000 0.000000 0.000000 -0.596773 0.802410
1760658034.717990 24.984102 -4.521212 0.000000 0.000000 0.000000 -0.592337 0.805691
1760658034.918001 25.151894 -4.796120 0.000000 0.000000 0.000000 -0.589936 0.807450
1760658035.151336 25.315401 -5.071951 0.000000 0.000000 0.000000 -0.588142 0.808757
1760658035.417987 25.474779 -5.353901 0.000000 0.000000 0.000000 -0.586909 0.809653
1760658035.617995 25.475339 -5.354788 0.000000 0.000000 0.000000 -0.587395 0.809300
1760658035.851341 25.643934 -5.664132 0.000000 0.000000 0.000000 -0.585716 0.810516
1760658036.084671 25.803842 -5.975242 0.000000 0.000000 0.000000 -0.585006 0.811029
1760658036.285033 25.956674 -6.287822 0.000000 0.000000 0.000000 -0.585280 0.810832
1760658036.551330 26.103179 -6.599202 0.000000 0.000000 0.000000 -0.585831 0.810433
1760658036.784656 26.103821 -6.600459 0.000000 0.000000 0.000000 -0.586031 0.810289
1760658036.984661 26.249626 -6.944124 0.000000 0.000000 0.000000 -0.586496 0.809952
1760658037.185515 26.389491 -7.280936 0.000000 0.000000 0.000000 -0.587150 0.809478
1760658037.418053 26.521861 -7.613324 0.000000 0.000000 0.000000 -0.587649 0.809116
1760658037.686502 26.649623 -7.946829 0.000000 0.000000 0.000000 -0.588345 0.808610
1760658037.951349 26.783728 -8.282430 0.000000 0.000000 0.000000 -0.588305 0.808639
1760658038.151489 26.784190 -8.283575 0.000000 0.000000 0.000000 -0.588556 0.808457
1760658038.384666 26.918891 -8.646572 0.000000 0.000000 0.000000 -0.588796 0.808282
1760658038.584710 27.072879 -8.984585 0.000000 0.000000 0.000000 -0.585259 0.810847
1760658038.817989 27.217673 -9.317780 0.000000 0.000000 0.000000 -0.582929 0.812523
1760658039.051323 27.360111 -9.650648 0.000000 0.000000 0.000000 -0.581201 0.813760
1760658039.284662 27.360672 -9.651921 0.000000 0.000000 0.000000 -0.580541 0.814231
1760658039.484670 27.497199 -9.971023 0.000000 0.000000 0.000000 -0.579511 0.814964
1760658039.684697 27.628988 -10.286992 0.000000 0.000000 0.000000 -0.579195 0.815189
1760658039.951331 27.744277 -10.563397 0.000000 0.000000 0.000000 -0.578820 0.815455
1760658040.151361 27.744700 -10.564373 0.000000 0.000000 0.000000 -0.578279 0.815839
1760658040.384659 27.866797 -10.869085 0.000000 0.000000 0.000000 -0.578953 0.815361
1760658040.584690 28.005795 -11.145249 0.000000 0.000000 0.000000 -0.575141 0.818054
1760658040.785568 28.006105 -11.145916 0.000000 0.000000 0.000000 -0.574355 0.818606
1760658041.017999 28.150436 -11.441219 0.000000 0.000000 0.000000 -0.570573 0.821247
1760658041.218002 28.292949 -11.737107 0.000000 0.000000 0.000000 -0.567273 0.823530
1760658041.418004 28.431343 -12.031648 0.000000 0.000000 0.000000 -0.564258 0.825599
1760658041.684662 28.560765 -12.328297 0.000000 0.000000 0.000000 -0.561344 0.827583
1760658041.917992 28.561337 -12.329446 0.000000 0.000000 0.000000 -0.559426 0.828880
1760658042.151328 28.695508 -12.658224 0.000000 0.000000 0.000000 -0.558144 0.829744
1760658042.351333 28.828216 -12.984784 0.000000 0.000000 0.000000 -0.557030 0.830493
1760658042.552531 28.958902 -13.305912 0.000000 0.000000 0.000000 -0.555934 0.831227
1760658042.817991 29.088400 -13.624117 0.000000 0.000000 0.000000 -0.554469 0.832204
1760658043.018044 29.088857 -13.625160 0.000000 0.000000 0.000000 -0.553043 0.833153
1760658043.222512 29.232083 -13.967676 0.000000 0.000000 0.000000 -0.553097 0.833117
1760658043.451328 29.368469 -14.305045 0.000000 0.000000 0.000000 -0.553391 0.832922
1760658043.651337 29.499604 -14.641157 0.000000 0.000000 0.000000 -0.554354 0.832281
1760658043.917983 29.630642 -14.972342 0.000000 0.000000 0.000000 -0.554880 0.831930
1760658044.117998 29.631092 -14.973450 0.000000 0.000000 0.000000 -0.554235 0.832360
1760658044.318003 29.774273 -15.329916 0.000000 0.000000 0.000000 -0.555691 0.831389
1760658044.551329 29.918073 -15.676037 0.000000 0.000000 0.000000 -0.556550 0.830814
1760658044.784653 30.055341 -16.020950 0.000000 0.000000 0.000000 -0.557630 0.830090
1760658045.017996 30.186432 -16.365925 0.000000 0.000000 0.000000 -0.559037 0.829142
1760658045.251343 30.186926 -16.367203 0.000000 0.000000 0.000000 -0.559123 0.829084
1760658045.484656 30.321106 -16.739387 0.000000 0.000000 0.000000 -0.560912 0.827875
1760658045.684657 30.453317 -17.104587 0.000000 0.000000 0.000000 -0.561347 0.827581
1760658045.884668 30.584740 -17.459414 0.000000 0.000000 0.000000 -0.561352 0.827577
1760658046.151323 30.711874 -17.808612 0.000000 0.000000 0.000000 -0.561371 0.827564
1760658046.351342 30.712314 -17.809825 0.000000 0.000000 0.000000 -0.561584 0.827420
1760658046.584662 30.874247 -18.153271 0.000000 0.000000 0.000000 -0.555442 0.831556
1760658046.787465 31.033624 -18.492906 0.000000 0.000000 0.000000 -0.551423 0.834226
1760658047.017991 31.188105 -18.826401 0.000000 0.000000 0.000000 -0.549020 0.835810
1760658047.218020 31.188559 -18.827365 0.000000 0.000000 0.000000 -0.547960 0.836504
1760658047.451339 31.353815 -19.179818 0.000000 0.000000 0.000000 -0.546451 0.837491
1760658047.684654 31.518550 -19.525610 0.000000 0.000000 0.000000 -0.545800 0.837916
1760658047.884681 31.518978 -19.526489 0.000000 0.000000 0.000000 -0.544780 0.838579
1760658048.117998 31.686086 -19.891263 0.000000 0.000000 0.000000 -0.545287 0.838250
1760658048.351359 31.853373 -20.245355 0.000000 0.000000 0.000000 -0.545911 0.837843
1760658048.584662 32.017934 -20.592623 0.000000 0.000000 0.000000 -0.546352 0.837556
1760658048.817990 32.181941 -20.934448 0.000000 0.000000 0.000000 -0.547098 0.837069
1760658049.017991 32.182424 -20.935464 0.000000 0.000000 0.000000 -0.546729 0.837309
1760658049.217999 32.354274 -21.296002 0.000000 0.000000 0.000000 -0.547743 0.836647
1760658049.451332 32.520613 -21.645808 0.000000 0.000000 0.000000 -0.548383 0.836227
1760658049.684679 32.684122 -21.990923 0.000000 0.000000 0.000000 -0.549320 0.835612
1760658049.884683 32.684586 -21.991910 0.000000 0.000000 0.000000 -0.549330 0.835605
1760658050.118130 32.855250 -22.355772 0.000000 0.000000 0.000000 -0.550622 0.834755
1760658050.351347 33.018015 -22.713805 0.000000 0.000000 0.000000 -0.551932 0.833889
1760658050.584656 33.177227 -23.066053 0.000000 0.000000 0.000000 -0.553305 0.832979
1760658050.851323 33.332451 -23.415064 0.000000 0.000000 0.000000 -0.554360 0.832277
1760658051.051347 33.332968 -23.416233 0.000000 0.000000 0.000000 -0.554813 0.831975
1760658051.284675 33.502297 -23.785935 0.000000 0.000000 0.000000 -0.555148 0.831752
1760658051.518003 33.669665 -24.146616 0.000000 0.000000 0.000000 -0.555741 0.831355
1760658051.751324 33.834679 -24.500114 0.000000 0.000000 0.000000 -0.555791 0.831322
1760658051.951346 33.996867 -24.848958 0.000000 0.000000 0.000000 -0.555596 0.831452
1760658052.151349 33.997312 -24.849930 0.000000 0.000000 0.000000 -0.555919 0.831237
1760658052.351351 34.166873 -25.213619 0.000000 0.000000 0.000000 -0.555108 0.831778
1760658052.552374 34.327064 -25.568624 0.000000 0.000000 0.000000 -0.554628 0.832098
1760658052.784657 34.327557 -25.569698 0.000000 0.000000 0.000000 -0.554762 0.832009
1760658052.984657 34.498260 -25.941280 0.000000 0.000000 0.000000 -0.553823 0.832634
1760658053.184742 34.661869 -26.301031 0.000000 0.000000 0.000000 -0.552131 0.833758
1760658053.387751 34.662257 -26.301865 0.000000 0.000000 0.000000 -0.551931 0.833890
1760658053.589132 34.825004 -26.676792 0.000000 0.000000 0.000000 -0.549882 0.835242
1760658053.818000 34.951885 -27.039357 0.000000 0.000000 0.000000 -0.553907 0.832579
1760658054.018016 34.952242 -27.040229 0.000000 0.000000 0.000000 -0.553998 0.832518
1760658054.251444 35.055828 -27.410736 0.000000 0.000000 0.000000 -0.559630 0.828743
1760658054.454525 35.163380 -27.771978 0.000000 0.000000 0.000000 -0.562647 0.826697
1760658054.684679 35.163671 -27.772921 0.000000 0.000000 0.000000 -0.563737 0.825955
1760658054.885993 35.282243 -28.148397 0.000000 0.000000 0.000000 -0.565003 0.825089
1760658055.117999 35.401802 -28.509363 0.000000 0.000000 0.000000 -0.565884 0.824485
1760658055.318001 35.516205 -28.865135 0.000000 0.000000 0.000000 -0.567063 0.823674
1760658055.551352 35.516527 -28.866188 0.000000 0.000000 0.000000 -0.568195 0.822894
1760658055.784667 35.644793 -29.236685 0.000000 0.000000 0.000000 -0.568743 0.822515
1760658056.018034 35.764933 -29.600849 0.000000 0.000000 0.000000 -0.569568 0.821944
1760658056.220612 35.885324 -29.957978 0.000000 0.000000 0.000000 -0.570229 0.821486
1760658056.484719 36.006361 -30.306630 0.000000 0.000000 0.000000 -0.570640 0.821200
1760658056.718014 36.006826 -30.308055 0.000000 0.000000 0.000000 -0.571540 0.820574
1760658056.918210 36.141111 -30.682706 0.000000 0.000000 0.000000 -0.570696 0.821162
1760658057.151351 36.273730 -31.044842 0.000000 0.000000 0.000000 -0.569960 0.821672
1760658057.384924 36.406618 -31.400504 0.000000 0.000000 0.000000 -0.569190 0.822206
1760658057.618015 36.407060 -31.401730 0.000000 0.000000 0.000000 -0.569527 0.821972
1760658057.854830 36.547700 -31.779830 0.000000 0.000000 0.000000 -0.568230 0.822870
1760658058.084690 36.690366 -32.146913 0.000000 0.000000 0.000000 -0.567321 0.823497
1760658058.318018 36.831841 -32.505609 0.000000 0.000000 0.000000 -0.566485 0.824072
1760658058.551318 36.832320 -32.506841 0.000000 0.000000 0.000000 -0.566374 0.824148
1760658058.755746 36.948883 -32.883729 0.000000 0.000000 0.000000 -0.568735 0.822521
1760658058.984666 37.064932 -33.247683 0.000000 0.000000 0.000000 -0.569724 0.821836
1760658059.218502 37.181272 -33.604466 0.000000 0.000000 0.000000 -0.570554 0.821260
1760658059.484688 37.301297 -33.955796 0.000000 0.000000 0.000000 -0.570646 0.821196
1760658059.718013 37.301766 -33.957214 0.000000 0.000000 0.000000 -0.570976 0.820967
1760658059.951324 37.457292 -34.280082 0.000000 0.000000 0.000000 -0.563993 0.825779
1760658060.151325 37.609665 -34.589761 0.000000 0.000000 0.000000 -0.559446 0.828867
1760658060.351349 37.610008 -34.590505 0.000000 0.000000 0.000000 -0.558468 0.829526
1760658060.584633 37.756821 -34.918047 0.000000 0.000000 0.000000 -0.555313 0.831642
1760658060.785260 37.890471 -35.244513 0.000000 0.000000 0.000000 -0.554180 0.832397
1760658061.017996 38.023659 -35.564096 0.000000 0.000000 0.000000 -0.553144 0.833085
1760658061.251322 38.024140 -35.565167 0.000000 0.000000 0.000000 -0.551798 0.833978
1760658061.453525 38.168129 -35.907097 0.000000 0.000000 0.000000 -0.551951 0.833876
1760658061.655213 38.309362 -36.240177 0.000000 0.000000 0.000000 -0.552146 0.833747
1760658061.884665 38.441824 -36.568876 0.000000 0.000000 0.000000 -0.552281 0.833658
1760658062.118000 38.442289 -36.569963 0.000000 0.000000 0.000000 -0.551417 0.834230
1760658062.318036 38.580942 -36.922874 0.000000 0.000000 0.000000 -0.552607 0.833442
1760658062.551330 38.739400 -37.239782 0.000000 0.000000 0.000000 -0.549409 0.835554
1760658062.752766 38.739774 -37.240605 0.000000 0.000000 0.000000 -0.548592 0.836090
1760658062.986513 38.905796 -37.575730 0.000000 0.000000 0.000000 -0.545752 0.837947
1760658063.218009 39.067259 -37.906085 0.000000 0.000000 0.000000 -0.543440 0.839448
1760658063.418044 39.226638 -38.231890 0.000000 0.000000 0.000000 -0.540996 0.841025
1760658063.652620 39.227125 -38.232851 0.000000 0.000000 0.000000 -0.539477 0.842000
1760658063.884668 39.392068 -38.577992 0.000000 0.000000 0.000000 -0.537998 0.842946
1760658064.118001 39.556749 -38.915085 0.000000 0.000000 0.000000 -0.535476 0.844550
1760658064.351320 39.722686 -39.245060 0.000000 0.000000 0.000000 -0.531680 0.846946
1760658064.551331 39.723163 -39.245967 0.000000 0.000000 0.000000 -0.530027 0.847981
1760658064.751344 39.894502 -39.594603 0.000000 0.000000 0.000000 -0.525295 0.850920
1760658064.984659 40.057416 -39.933695 0.000000 0.000000 0.000000 -0.519532 0.854451
1760658065.217994 40.172879 -40.259753 0.000000 0.000000 0.000000 -0.515083 0.857140
1760658065.417998 40.173321 -40.260652 0.000000 0.000000 0.000000 -0.512486 0.858695
1760658065.618009 40.281292 -40.609319 0.000000 0.000000 0.000000 -0.509874 0.860249
1760658065.851337 40.388168 -40.949863 0.000000 0.000000 0.000000 -0.503536 0.863974
1760658066.084663 40.492744 -41.288516 0.000000 0.000000 0.000000 -0.495872 0.868396
1760658066.284985 40.493112 -41.289427 0.000000 0.000000 0.000000 -0.492378 0.870382
1760658066.517991 40.608724 -41.646903 0.000000 0.000000 0.000000 -0.481800 0.876281
1760658066.718022 40.721928 -41.999200 0.000000 0.000000 0.000000 -0.470581 0.882357
1760658066.951316 40.829532 -42.344841 0.000000 0.000000 0.000000 -0.457365 0.889279
1760658067.152627 40.829940 -42.345780 0.000000 0.000000 0.000000 -0.451377 0.892333
1760658067.386774 40.946298 -42.711279 0.000000 0.000000 0.000000 -0.434424 0.900709
1760658067.618006 41.064582 -43.069614 0.000000 0.000000 0.000000 -0.415894 0.909413
1760658067.851318 41.156002 -43.422740 0.000000 0.000000 0.000000 -0.400715 0.916203
1760658068.051329 41.156431 -43.423667 0.000000 0.000000 0.000000 -0.391665 0.920108
1760658068.251343 41.263416 -43.792450 0.000000 0.000000 0.000000 -0.377904 0.925845
1760658068.486627 41.385183 -44.140694 0.000000 0.000000 0.000000 -0.359322 0.933214
1760658068.717995 41.385703 -44.141720 0.000000 0.000000 0.000000 -0.347098 0.937829
1760658068.918370 41.489896 -44.512500 0.000000 0.000000 0.000000 -0.344159 0.938912
1760658069.120532 41.604591 -44.865282 0.000000 0.000000 0.000000 -0.333687 0.942684
1760658069.384655 41.731114 -45.201941 0.000000 0.000000 0.000000 -0.317605 0.948223
1760658069.585231 41.731592 -45.202898 0.000000 0.000000 0.000000 -0.307303 0.951612
1760658069.818004 41.882420 -45.551842 0.000000 0.000000 0.000000 -0.294917 0.955523
1760658070.020110 42.021578 -45.896705 0.000000 0.000000 0.000000 -0.285459 0.958391
1760658070.251328 42.159535 -46.232838 0.000000 0.000000 0.000000 -0.274450 0.961601
1760658070.484749 42.285204 -46.566432 0.000000 0.000000 0.000000 -0.268082 0.963396
1760658070.717998 42.285811 -46.567573 0.000000 0.000000 0.000000 -0.256853 0.966450
1760658070.918017 42.438052 -46.913318 0.000000 0.000000 0.000000 -0.256280 0.966603
1760658071.151785 42.602473 -47.238234 0.000000 0.000000 0.000000 -0.250190 0.968197
1760658071.418015 42.949743 -47.827394 0.000000 0.000000 0.000000 -0.242964 0.970035
1760658071.651334 43.105857 -48.121506 0.000000 0.000000 0.000000 -0.240460 0.970659
1760658071.888639 43.433345 -48.675845 0.000000 0.000000 0.000000 -0.243745 0.969839
1760658072.117989 43.589301 -48.957652 0.000000 0.000000 0.000000 -0.245372 0.969429
1760658072.318683 43.937618 -49.483354 0.000000 0.000000 0.000000 -0.252909 0.967490
1760658072.585157 44.258808 -49.994853 0.000000 0.000000 0.000000 -0.263543 0.964648
1760658072.851341 44.640928 -50.694938 0.000000 0.000000 0.000000 -0.281677 0.959509
1760658073.117997 44.897154 -51.121650 0.000000 0.000000 0.000000 -0.292727 0.956196
1760658073.351325 45.197875 -51.554889 0.000000 0.000000 0.000000 -0.303776 0.952744
1760658073.551335 45.371711 -51.774341 0.000000 0.000000 0.000000 -0.310406 0.950604
1760658073.784682 45.751877 -52.206605 0.000000 0.000000 0.000000 -0.319669 0.947529
1760658074.020551 46.159108 -52.636521 0.000000 0.000000 0.000000 -0.329099 0.944296
1760658074.284646 46.597937 -53.058786 0.000000 0.000000 0.000000 -0.339675 0.940543
1760658074.484735 46.840419 -53.273611 0.000000 0.000000 0.000000 -0.346407 0.938084
1760658074.718009 47.341672 -53.701692 0.000000 0.000000 0.000000 -0.356116 0.934442
1760658074.918047 47.607273 -53.916415 0.000000 0.000000 0.000000 -0.364038 0.931384
1760658075.154545 48.140383 -54.350824 0.000000 0.000000 0.000000 -0.378593 0.925563
1760658075.384688 48.387901 -54.575497 0.000000 0.000000 0.000000 -0.394014 0.919104
1760658075.618015 48.893131 -55.033389 0.000000 0.000000 0.000000 -0.417475 0.908688
1760658075.819725 49.408162 -55.477533 0.000000 0.000000 0.000000 -0.437552 0.899193
1760658076.051327 49.877843 -55.883024 0.000000 0.000000 0.000000 -0.454841 0.890573
1760658076.251328 50.122454 -56.099203 0.000000 0.000000 0.000000 -0.467361 0.884067
1760658076.451337 50.384387 -56.316406 0.000000 0.000000 0.000000 -0.479413 0.877589
1760658076.717999 50.910704 -56.755376 0.000000 0.000000 0.000000 -0.499279 0.866441
1760658076.918008 51.397635 -57.209540 0.000000 0.000000 0.000000 -0.520448 0.853894
1760658077.119017 51.617404 -57.448446 0.000000 0.000000 0.000000 -0.538269 0.842773
1760658077.351334 51.846915 -57.699473 0.000000 0.000000 0.000000 -0.556905 0.830576
1760658077.584664 52.082883 -57.967845 0.000000 0.000000 0.000000 -0.575826 0.817572
1760658077.784688 52.292868 -58.246760 0.000000 0.000000 0.000000 -0.593261 0.805010
1760658078.018008 52.293835 -58.248555 0.000000 0.000000 0.000000 -0.609622 0.792692
1760658078.251324 52.522992 -58.564696 0.000000 0.000000 0.000000 -0.622727 0.782439
1760658078.451333 52.749712 -58.888652 0.000000 0.000000 0.000000 -0.634338 0.773056
1760658078.684668 52.966986 -59.215409 0.000000 0.000000 0.000000 -0.648066 0.761584
1760658078.886495 53.178466 -59.548786 0.000000 0.000000 0.000000 -0.659226 0.751945
1760658079.151393 53.380674 -59.884900 0.000000 0.000000 0.000000 -0.672737 0.739882
1760658079.384667 53.381427 -59.886778 0.000000 0.000000 0.000000 -0.686426 0.727200
1760658079.617996 53.598595 -60.260201 0.000000 0.000000 0.000000 -0.688480 0.725255
1760658079.817998 53.801083 -60.633020 0.000000 0.000000 0.000000 -0.690933 0.722919
1760658080.051329 53.985179 -61.000711 0.000000 0.000000 0.000000 -0.695661 0.718370
1760658080.251349 53.985663 -61.001934 0.000000 0.000000 0.000000 -0.704257 0.709945
1760658080.484675 54.168150 -61.394694 0.000000 0.000000 0.000000 -0.703374 0.710820
1760658080.684685 54.332747 -61.782648 0.000000 0.000000 0.000000 -0.702357 0.711825
1760658080.917995 54.482418 -62.162147 0.000000 0.000000 0.000000 -0.702805 0.711382
1760658081.118013 54.482846 -62.163310 0.000000 0.000000 0.000000 -0.708396 0.705815
1760658081.351480 54.628195 -62.565809 0.000000 0.000000 0.000000 -0.704552 0.709653
1760658081.587526 54.763317 -62.960949 0.000000 0.000000 0.000000 -0.701694 0.712478
1760658081.818442 54.885930 -63.350594 0.000000 0.000000 0.000000 -0.699695 0.714442
1760658082.051329 54.997929 -63.735743 0.000000 0.000000 0.000000 -0.698405 0.715702
1760658082.251424 54.998310 -63.736937 0.000000 0.000000 0.000000 -0.700746 0.713411
1760658082.484693 55.106479 -64.143979 0.000000 0.000000 0.000000 -0.697734 0.716357
1760658082.717999 55.203796 -64.543200 0.000000 0.000000 0.000000 -0.696222 0.717827
1760658082.951333 55.293229 -64.935695 0.000000 0.000000 0.000000 -0.695815 0.718221
1760658083.217978 55.376544 -65.323495 0.000000 0.000000 0.000000 -0.696270 0.717780
1760658083.417990 55.376867 -65.324831 0.000000 0.000000 0.000000 -0.697239 0.716839
1760658083.617995 55.463524 -65.737361 0.000000 0.000000 0.000000 -0.697263 0.716816
1760658083.817996 55.546725 -66.135138 0.000000 0.000000 0.000000 -0.697616 0.716472
1760658084.018005 55.546932 -66.136096 0.000000 0.000000 0.000000 -0.698414 0.715694
1760658084.251330 55.623111 -66.547895 0.000000 0.000000 0.000000 -0.698908 0.715211
1760658084.451333 55.690076 -66.949673 0.000000 0.000000 0.000000 -0.699305 0.714824
1760658084.684699 55.750101 -67.339500 0.000000 0.000000 0.000000 -0.699698 0.714439
1760658084.954525 55.802070 -67.725030 0.000000 0.000000 0.000000 -0.700098 0.714046
1760658085.217981 55.852185 -68.112079 0.000000 0.000000 0.000000 -0.700494 0.713659
1760658085.417990 55.852372 -68.113401 0.000000 0.000000 0.000000 -0.701043 0.713119
1760658085.651326 55.902367 -68.525406 0.000000 0.000000 0.000000 -0.700886 0.713273
1760658085.852094 55.945698 -68.928164 0.000000 0.000000 0.000000 -0.700920 0.713240
1760658086.084687 55.984325 -69.319148 0.000000 0.000000 0.000000 -0.701410 0.712758
1760658086.317992 55.984482 -69.320573 0.000000 0.000000 0.000000 -0.701885 0.712291
1760658086.552502 56.025540 -69.735516 0.000000 0.000000 0.000000 -0.702032 0.712145
1760658086.784730 56.040746 -70.132147 0.000000 0.000000 0.000000 -0.703307 0.710887
1760658087.017999 56.024945 -70.508271 0.000000 0.000000 0.000000 -0.705192 0.709016
1760658087.254644 55.979539 -70.860877 0.000000 0.000000 0.000000 -0.709487 0.704719
1760658087.517996 55.940605 -71.213840 0.000000 0.000000 0.000000 -0.712469 0.701703
1760658087.718000 55.940502 -71.215115 0.000000 0.000000 0.000000 -0.713643 0.700510
1760658087.920512 55.907012 -71.594239 0.000000 0.000000 0.000000 -0.714567 0.699567
1760658088.151346 55.877888 -71.924130 0.000000 0.000000 0.000000 -0.715284 0.698834
1760658088.384689 55.876863 -72.246654 0.000000 0.000000 0.000000 -0.713913 0.700234
1760658088.618012 55.876784 -72.247871 0.000000 0.000000 0.000000 -0.714814 0.699315
1760658088.851346 55.846537 -72.572775 0.000000 0.000000 0.000000 -0.715991 0.698110
1760658089.084706 55.815396 -72.898418 0.000000 0.000000 0.000000 -0.716670 0.697413
1760658089.351392 55.776619 -73.223530 0.000000 0.000000 0.000000 -0.717739 0.696312
1760658089.584621 55.776485 -73.224766 0.000000 0.000000 0.000000 -0.718639 0.695384
1760658089.785326 55.712683 -73.546299 0.000000 0.000000 0.000000 -0.722287 0.691593
1760658090.018008 55.656204 -73.865091 0.000000 0.000000 0.000000 -0.725043 0.688704
1760658090.251345 55.588854 -74.181124 0.000000 0.000000 0.000000 -0.728063 0.685510
1760658090.484719 55.588632 -74.182187 0.000000 0.000000 0.000000 -0.729702 0.683765
1760658090.684803 55.520613 -74.523879 0.000000 0.000000 0.000000 -0.730665 0.682736
1760658090.917990 55.460731 -74.859928 0.000000 0.000000 0.000000 -0.731054 0.682319
1760658091.151321 55.404077 -75.195240 0.000000 0.000000 0.000000 -0.731264 0.682094
1760658091.351326 55.403899 -75.196143 0.000000 0.000000 0.000000 -0.732344 0.680934
1760658091.551356 55.344953 -75.552676 0.000000 0.000000 0.000000 -0.731024 0.682351
1760658091.784658 55.296239 -75.901963 0.000000 0.000000 0.000000 -0.730263 0.683166
1760658092.051329 55.245019 -76.248967 0.000000 0.000000 0.000000 -0.730115 0.683324
1760658092.251333 55.244854 -76.250002 0.000000 0.000000 0.000000 -0.730627 0.682777
1760658092.453129 55.193102 -76.621874 0.000000 0.000000 0.000000 -0.730285 0.683143
1760658092.684675 55.144288 -76.984267 0.000000 0.000000 0.000000 -0.730180 0.683255
1760658092.951326 55.085170 -77.330460 0.000000 0.000000 0.000000 -0.732068 0.681232
1760658093.151333 55.085000 -77.331514 0.000000 0.000000 0.000000 -0.732574 0.680687
1760658093.351336 55.069925 -77.663803 0.000000 0.000000 0.000000 -0.727869 0.685716
1760658093.587507 55.061826 -77.991659 0.000000 0.000000 0.000000 -0.724519 0.689254
1760658093.817985 55.052611 -78.320585 0.000000 0.000000 0.000000 -0.722277 0.691604
1760658094.018028 55.052577 -78.321482 0.000000 0.000000 0.000000 -0.721645 0.692263
1760658094.218035 55.043772 -78.672453 0.000000 0.000000 0.000000 -0.720558 0.693395
1760658094.451644 55.036708 -79.017245 0.000000 0.000000 0.000000 -0.719684 0.694302
1760658094.684621 55.036691 -79.018295 0.000000 0.000000 0.000000 -0.718880 0.695134
1760658094.884684 55.023133 -79.386405 0.000000 0.000000 0.000000 -0.719108 0.694899
1760658095.084696 55.009119 -79.744841 0.000000 0.000000 0.000000 -0.718817 0.695199
1760658095.317993 54.997052 -80.096248 0.000000 0.000000 0.000000 -0.717727 0.696325
1760658095.518303 54.997029 -80.097184 0.000000 0.000000 0.000000 -0.717123 0.696946
1760658095.751322 54.984423 -80.470034 0.000000 0.000000 0.000000 -0.715930 0.698172
1760658095.951326 54.969469 -80.837336 0.000000 0.000000 0.000000 -0.715018 0.699106
1760658096.151365 54.969450 -80.838134 0.000000 0.000000 0.000000 -0.714329 0.699810
1760658096.351550 54.942049 -81.217971 0.000000 0.000000 0.000000 -0.714942 0.699183
1760658096.584654 54.916252 -81.587188 0.000000 0.000000 0.000000 -0.715246 0.698873
1760658096.851355 54.889779 -81.952362 0.000000 0.000000 0.000000 -0.715549 0.698562
1760658097.084650 54.889700 -81.953668 0.000000 0.000000 0.000000 -0.715151 0.698970
1760658097.284993 54.861854 -82.346803 0.000000 0.000000 0.000000 -0.716017 0.698083
1760658097.517991 54.831118 -82.726736 0.000000 0.000000 0.000000 -0.716521 0.697566
1760658097.717998 54.801875 -83.100498 0.000000 0.000000 0.000000 -0.716881 0.697195
1760658097.951324 54.801790 -83.101613 0.000000 0.000000 0.000000 -0.716798 0.697280
1760658098.151369 54.770786 -83.494552 0.000000 0.000000 0.000000 -0.717194 0.696873
1760658098.385565 54.741157 -83.875241 0.000000 0.000000 0.000000 -0.717282 0.696783
1760658098.617992 54.712031 -84.250562 0.000000 0.000000 0.000000 -0.717213 0.696854
1760658098.851331 54.688620 -84.622258 0.000000 0.000000 0.000000 -0.716572 0.697513
1760658099.051347 54.688541 -84.623369 0.000000 0.000000 0.000000 -0.716487 0.697601
1760658099.284664 54.663640 -85.016476 0.000000 0.000000 0.000000 -0.716069 0.698029
1760658099.484668 54.638263 -85.402473 0.000000 0.000000 0.000000 -0.716245 0.697849
1760658099.684861 54.618489 -85.778739 0.000000 0.000000 0.000000 -0.716247 0.697846
1760658099.887517 54.618428 -85.779743 0.000000 0.000000 0.000000 -0.716170 0.697926
1760658100.118000 54.602954 -86.173542 0.000000 0.000000 0.000000 -0.716316 0.697776
1760658100.351343 54.590451 -86.560418 0.000000 0.000000 0.000000 -0.716616 0.697468
1760658100.584657 54.559351 -86.936246 0.000000 0.000000 0.000000 -0.718298 0.695735
1760658100.784666 54.559282 -86.937327 0.000000 0.000000 0.000000 -0.718481 0.695547
1760658100.984685 54.533700 -87.333688 0.000000 0.000000 0.000000 -0.719646 0.694341
1760658101.218002 54.510619 -87.718160 0.000000 0.000000 0.000000 -0.720501 0.693454
1760658101.451581 54.492033 -88.097608 0.000000 0.000000 0.000000 -0.721095 0.692836
1760658101.717971 54.473985 -88.473977 0.000000 0.000000 0.000000 -0.721653 0.692255
1760658101.917996 54.473907 -88.475226 0.000000 0.000000 0.000000 -0.722031 0.691861
1760658102.117997 54.455577 -88.877091 0.000000 0.000000 0.000000 -0.722251 0.691631
1760658102.351335 54.436846 -89.266774 0.000000 0.000000 0.000000 -0.722578 0.691289
1760658102.584652 54.415921 -89.650644 0.000000 0.000000 0.000000 -0.722883 0.690971
1760658102.784655 54.415858 -89.651737 0.000000 0.000000 0.000000 -0.723221 0.690616
1760658102.984656 54.393112 -90.055781 0.000000 0.000000 0.000000 -0.723328 0.690505
1760658103.184659 54.368496 -90.446878 0.000000 0.000000 0.000000 -0.723695 0.690119
1760658103.384667 54.368439 -90.447784 0.000000 0.000000 0.000000 -0.724014 0.689786
1760658103.617998 54.380188 -90.826977 0.000000 0.000000 0.000000 -0.721023 0.692911
1760658103.851637 54.389421 -91.200336 0.000000 0.000000 0.000000 -0.719210 0.694793
1760658104.084676 54.398238 -91.569315 0.000000 0.000000 0.000000 -0.717888 0.696159
1760658104.317991 54.400911 -91.934897 0.000000 0.000000 0.000000 -0.717398 0.696663
1760658104.517995 54.400930 -91.935986 0.000000 0.000000 0.000000 -0.717032 0.697041
1760658104.717996 54.399829 -92.323120 0.000000 0.000000 0.000000 -0.716949 0.697126
1760658104.918005 54.397424 -92.700087 0.000000 0.000000 0.000000 -0.717033 0.697039
1760658105.151322 54.391128 -93.068964 0.000000 0.000000 0.000000 -0.717410 0.696652
1760658105.351336 54.391126 -93.070032 0.000000 0.000000 0.000000 -0.717205 0.696862
1760658105.551343 54.387873 -93.461064 0.000000 0.000000 0.000000 -0.717670 0.696383
1760658105.784674 54.376083 -93.840886 0.000000 0.000000 0.000000 -0.718619 0.695404
1760658106.018074 54.366489 -94.216841 0.000000 0.000000 0.000000 -0.719372 0.694625
1760658106.218541 54.366465 -94.217892 0.000000 0.000000 0.000000 -0.719453 0.694541
1760658106.451361 54.353427 -94.615172 0.000000 0.000000 0.000000 -0.720460 0.693497
1760658106.685520 54.336106 -95.004535 0.000000 0.000000 0.000000 -0.721567 0.692345
1760658106.952508 54.316398 -95.387992 0.000000 0.000000 0.000000 -0.722479 0.691392
1760658107.184673 54.316327 -95.389423 0.000000 0.000000 0.000000 -0.722872 0.690982
1760658107.385745 54.295033 -95.800385 0.000000 0.000000 0.000000 -0.723719 0.690095
1760658107.618144 54.277537 -96.196661 0.000000 0.000000 0.000000 -0.724284 0.689502
1760658107.851377 54.277471 -96.197867 0.000000 0.000000 0.000000 -0.724755 0.689006
1760658108.052580 54.256362 -96.613772 0.000000 0.000000 0.000000 -0.724827 0.688931
1760658108.284667 54.257973 -97.005193 0.000000 0.000000 0.000000 -0.723958 0.689844
1760658108.551373 54.256911 -97.388581 0.000000 0.000000 0.000000 -0.723356 0.690475
1760658108.754515 54.256889 -97.389738 0.000000 0.000000 0.000000 -0.723488 0.690337
1760658108.984667 54.252889 -97.795098 0.000000 0.000000 0.000000 -0.722695 0.691167
1760658109.220512 54.247460 -98.189293 0.000000 0.000000 0.000000 -0.722295 0.691585
1760658109.451364 54.247447 -98.190455 0.000000 0.000000 0.000000 -0.722272 0.691609
1760658109.684673 54.243538 -98.603328 0.000000 0.000000 0.000000 -0.722019 0.691873
1760658109.885536 54.238763 -99.002862 0.000000 0.000000 0.000000 -0.721834 0.692067
1760658110.118027 54.232892 -99.388321 0.000000 0.000000 0.000000 -0.721934 0.691962
1760658110.351353 54.232877 -99.389594 0.000000 0.000000 0.000000 -0.721887 0.692011
1760658110.551357 54.225704 -99.796021 0.000000 0.000000 0.000000 -0.721948 0.691947
1760658110.784684 54.219165 -100.187359 0.000000 0.000000 0.000000 -0.722021 0.691871
1760658111.019529 54.219147 -100.188549 0.000000 0.000000 0.000000 -0.722001 0.691892
1760658111.251283 54.217495 -100.599268 0.000000 0.000000 0.000000 -0.722038 0.691853
1760658111.452041 54.210057 -100.996682 0.000000 0.000000 0.000000 -0.722799 0.691058
1760658111.684839 54.210041 -100.997712 0.000000 0.000000 0.000000 -0.722887 0.690966
1760658111.918018 54.201638 -101.408780 0.000000 0.000000 0.000000 -0.723495 0.690329
1760658112.118529 54.195747 -101.806588 0.000000 0.000000 0.000000 -0.724053 0.689745
1760658112.318624 54.195730 -101.807433 0.000000 0.000000 0.000000 -0.724231 0.689557
1760658112.551325 54.188880 -102.214616 0.000000 0.000000 0.000000 -0.724943 0.688809
1760658112.751328 54.179279 -102.609250 0.000000 0.000000 0.000000 -0.725877 0.687824
1760658112.951400 54.179256 -102.610091 0.000000 0.000000 0.000000 -0.726188 0.687496
1760658113.184666 54.169758 -103.014844 0.000000 0.000000 0.000000 -0.727847 0.685740
1760658113.384668 54.159804 -103.407890 0.000000 0.000000 0.000000 -0.729796 0.683665
1760658113.584675 54.159773 -103.408724 0.000000 0.000000 0.000000 -0.730414 0.683004
1760658113.784905 54.167414 -103.808964 0.000000 0.000000 0.000000 -0.731656 0.681674
1760658113.986227 54.167399 -103.809697 0.000000 0.000000 0.000000 -0.732347 0.680931
1760658114.218766 54.171938 -104.218480 0.000000 0.000000 0.000000 -0.734680 0.678414
1760658114.419577 54.181923 -104.613157 0.000000 0.000000 0.000000 -0.737330 0.675533
1760658114.651324 54.181912 -104.614105 0.000000 0.000000 0.000000 -0.738542 0.674207
1760658114.851338 54.187374 -105.021524 0.000000 0.000000 0.000000 -0.741405 0.671058
1760658115.084723 54.194719 -105.411888 0.000000 0.000000 0.000000 -0.744502 0.667620
1760658115.353514 54.193515 -105.792922 0.000000 0.000000 0.000000 -0.747828 0.663893
1760658115.618006 54.196116 -106.172118 0.000000 0.000000 0.000000 -0.749992 0.661447
1760658115.851328 54.196078 -106.173533 0.000000 0.000000 0.000000 -0.751819 0.659370
1760658116.051794 54.189396 -106.577039 0.000000 0.000000 0.000000 -0.752011 0.659151
1760658116.284660 54.179580 -106.965520 0.000000 0.000000 0.000000 -0.752621 0.658453
1760658116.518003 54.169053 -107.346149 0.000000 0.000000 0.000000 -0.753166 0.657831
1760658116.718036 54.169012 -107.347203 0.000000 0.000000 0.000000 -0.754349 0.656473
1760658116.918230 54.153296 -107.745206 0.000000 0.000000 0.000000 -0.754128 0.656728
1760658117.151329 54.132288 -108.129349 0.000000 0.000000 0.000000 -0.754158 0.656693
1760658117.384665 54.105986 -108.506588 0.000000 0.000000 0.000000 -0.753909 0.656979
1760658117.618008 54.105910 -108.507866 0.000000 0.000000 0.000000 -0.754779 0.655979
1760658117.818009 54.075631 -108.908049 0.000000 0.000000 0.000000 -0.752979 0.658045
1760658118.018021 54.040529 -109.293808 0.000000 0.000000 0.000000 -0.751812 0.659377
1760658118.284658 54.001434 -109.668528 0.000000 0.000000 0.000000 -0.750591 0.660767
1760658118.484666 54.001343 -109.669683 0.000000 0.000000 0.000000 -0.750689 0.660656
1760658118.684668 53.953348 -110.067177 0.000000 0.000000 0.000000 -0.749381 0.662139
1760658118.918012 53.905814 -110.451791 0.000000 0.000000 0.000000 -0.748294 0.663368
1760658119.118022 53.905719 -110.452745 0.000000 0.000000 0.000000 -0.748116 0.663568
1760658119.318023 53.857423 -110.854879 0.000000 0.000000 0.000000 -0.746565 0.665312
1760658119.551332 53.811586 -111.242870 0.000000 0.000000 0.000000 -0.745400 0.666617
1760658119.784659 53.764249 -111.623682 0.000000 0.000000 0.000000 -0.744062 0.668111
1760658119.984660 53.764143 -111.624692 0.000000 0.000000 0.000000 -0.743543 0.668688
1760658120.218000 53.708550 -112.023260 0.000000 0.000000 0.000000 -0.741777 0.670646
1760658120.418011 53.656733 -112.412827 0.000000 0.000000 0.000000 -0.739841 0.672782
1760658120.651317 53.640599 -112.767166 0.000000 0.000000 0.000000 -0.736207 0.676757
1760658120.851327 53.640523 -112.768199 0.000000 0.000000 0.000000 -0.735098 0.677961
1760658121.086685 53.618001 -113.143397 0.000000 0.000000 0.000000 -0.732097 0.681200
1760658121.318030 53.613006 -113.510820 0.000000 0.000000 0.000000 -0.727277 0.686344
1760658121.551349 53.605510 -113.873922 0.000000 0.000000 0.000000 -0.723240 0.690597
1760658121.753906 53.605511 -113.874954 0.000000 0.000000 0.000000 -0.721288 0.692635
1760658121.984660 53.629171 -114.243492 0.000000 0.000000 0.000000 -0.713910 0.700237
1760658122.184666 53.658460 -114.605948 0.000000 0.000000 0.000000 -0.708200 0.706012
1760658122.420505 53.682011 -114.961248 0.000000 0.000000 0.000000 -0.703026 0.711164
1760658122.651331 53.682148 -114.962470 0.000000 0.000000 0.000000 -0.699419 0.714711
1760658122.851345 53.701155 -115.342975 0.000000 0.000000 0.000000 -0.696818 0.717248
1760658123.084671 53.715287 -115.712757 0.000000 0.000000 0.000000 -0.693772 0.720195
1760658123.317990 53.756907 -116.065422 0.000000 0.000000 0.000000 -0.686974 0.726682
1760658123.518010 53.757042 -116.066408 0.000000 0.000000 0.000000 -0.683543 0.729910
1760658123.718013 53.798786 -116.440237 0.000000 0.000000 0.000000 -0.677974 0.735086
1760658123.951335 53.831831 -116.774898 0.000000 0.000000 0.000000 -0.671482 0.741021
1760658124.217982 53.862795 -117.110191 0.000000 0.000000 0.000000 -0.663104 0.748527
1760658124.417987 53.862977 -117.111225 0.000000 0.000000 0.000000 -0.658739 0.752372
1760658124.618014 53.933226 -117.442024 0.000000 0.000000 0.000000 -0.648145 0.761517
1760658124.851398 53.985401 -117.768158 0.000000 0.000000 0.000000 -0.636826 0.771007
1760658125.118034 54.036360 -118.095363 0.000000 0.000000 0.000000 -0.624704 0.780862
1760658125.318034 54.036627 -118.096328 0.000000 0.000000 0.000000 -0.618340 0.785910
1760658125.518035 54.085661 -118.449660 0.000000 0.000000 0.000000 -0.610084 0.792337
1760658125.751317 54.125826 -118.796180 0.000000 0.000000 0.000000 -0.599899 0.800076
1760658125.951333 54.126042 -118.797007 0.000000 0.000000 0.000000 -0.592896 0.805279
1760658126.184660 54.151510 -119.161890 0.000000 0.000000 0.000000 -0.586000 0.810311
1760658126.384660 54.173792 -119.479450 0.000000 0.000000 0.000000 -0.582915 0.812533
1760658126.584672 54.173929 -119.480155 0.000000 0.000000 0.000000 -0.576378 0.817184
1760658126.784688 54.191718 -119.815033 0.000000 0.000000 0.000000 -0.572175 0.820131
1760658126.984702 54.217339 -120.143584 0.000000 0.000000 0.000000 -0.563639 0.826021
1760658127.184706 54.217461 -120.144282 0.000000 0.000000 0.000000 -0.557006 0.830508
1760658127.418004 54.241834 -120.490241 0.000000 0.000000 0.000000 -0.544813 0.838558
1760658127.618013 54.274986 -120.831623 0.000000 0.000000 0.000000 -0.530221 0.847860
1760658127.851337 54.275166 -120.832484 0.000000 0.000000 0.000000 -0.520712 0.853732
1760658128.051338 54.323619 -121.189659 0.000000 0.000000 0.000000 -0.507419 0.861699
1760658128.253063 54.407070 -121.498510 0.000000 0.000000 0.000000 -0.490828 0.871257
1760658128.517983 54.494251 -121.804174 0.000000 0.000000 0.000000 -0.470042 0.882644
1760658128.717993 54.494598 -121.805052 0.000000 0.000000 0.000000 -0.459240 0.888312
1760658128.918035 54.593081 -122.134283 0.000000 0.000000 0.000000 -0.446989 0.894539
1760658129.151341 54.697710 -122.454983 0.000000 0.000000 0.000000 -0.432102 0.901825
1760658129.351356 54.698056 -122.455712 0.000000 0.000000 0.000000 -0.420696 0.907202
1760658129.584693 54.818030 -122.791665 0.000000 0.000000 0.000000 -0.412548 0.910936
1760658129.817984 54.939814 -123.122078 0.000000 0.000000 0.000000 -0.402262 0.915524
1760658130.018000 54.940180 -123.122798 0.000000 0.000000 0.000000 -0.391545 0.920159
1760658130.218596 55.076704 -123.466018 0.000000 0.000000 0.000000 -0.387398 0.921913
1760658130.451324 55.194000 -123.760728 0.000000 0.000000 0.000000 -0.383241 0.923648
1760658130.684662 55.306695 -124.044015 0.000000 0.000000 0.000000 -0.378323 0.925674
1760658130.884703 55.307074 -124.044764 0.000000 0.000000 0.000000 -0.369718 0.929144
1760658131.085688 55.425092 -124.350620 0.000000 0.000000 0.000000 -0.370782 0.928720
1760658131.318047 55.425429 -124.351306 0.000000 0.000000 0.000000 -0.362033 0.932165
1760658131.518879 55.521335 -124.674373 0.000000 0.000000 0.000000 -0.366987 0.930226
1760658131.751318 55.626377 -124.985149 0.000000 0.000000 0.000000 -0.366532 0.930406
1760658131.951329 55.626648 -124.985828 0.000000 0.000000 0.000000 -0.361095 0.932529
1760658132.151718 55.754259 -125.304337 0.000000 0.000000 0.000000 -0.363154 0.931729
1760658132.384691 55.904357 -125.587280 0.000000 0.000000 0.000000 -0.359926 0.932981
1760658132.651371 56.076243 -125.830881 0.000000 0.000000 0.000000 -0.349265 0.937024
1760658132.884666 56.076785 -125.831789 0.000000 0.000000 0.000000 -0.343518 0.939146
1760658133.084683 56.282105 -126.049927 0.000000 0.000000 0.000000 -0.335603 0.942004
1760658133.284692 56.489602 -126.265192 0.000000 0.000000 0.000000 -0.330391 0.943844
1760658133.518041 56.490130 -126.265773 0.000000 0.000000 0.000000 -0.324236 0.945976
1760658133.751335 56.716499 -126.492741 0.000000 0.000000 0.000000 -0.322454 0.946585
1760658133.951344 56.950349 -126.708477 0.000000 0.000000 0.000000 -0.321309 0.946974
1760658134.151350 56.950828 -126.708926 0.000000 0.000000 0.000000 -0.316918 0.948453
1760658134.351357 57.200158 -126.931988 0.000000 0.000000 0.000000 -0.318039 0.948078
1760658134.584690 57.449411 -127.146105 0.000000 0.000000 0.000000 -0.317926 0.948116
1760658134.817993 57.450115 -127.146714 0.000000 0.000000 0.000000 -0.314081 0.949396
1760658135.018003 57.716250 -127.376974 0.000000 0.000000 0.000000 -0.317399 0.948292
1760658135.221524 57.974137 -127.603898 0.000000 0.000000 0.000000 -0.319496 0.947588
1760658135.451394 57.974779 -127.604455 0.000000 0.000000 0.000000 -0.317165 0.948370
1760658135.684675 58.248901 -127.840645 0.000000 0.000000 0.000000 -0.319588 0.947556
1760658135.884698 58.518737 -128.072364 0.000000 0.000000 0.000000 -0.320697 0.947182
1760658136.117978 58.782838 -128.298837 0.000000 0.000000 0.000000 -0.320210 0.947347
1760658136.318000 58.783527 -128.299428 0.000000 0.000000 0.000000 -0.319104 0.947720
1760658136.518007 59.065292 -128.535896 0.000000 0.000000 0.000000 -0.317704 0.948190
1760658136.751326 59.340339 -128.766272 0.000000 0.000000 0.000000 -0.314851 0.949141
1760658136.951335 59.341008 -128.766824 0.000000 0.000000 0.000000 -0.313541 0.949575
1760658137.184662 59.629871 -129.010230 0.000000 0.000000 0.000000 -0.310355 0.950621
1760658137.384695 59.912560 -129.249771 0.000000 0.000000 0.000000 -0.307167 0.951656
1760658137.584704 59.913160 -129.250256 0.000000 0.000000 0.000000 -0.305480 0.952199
1760658137.818007 60.206585 -129.497757 0.000000 0.000000 0.000000 -0.302510 0.953146
1760658138.051376 60.495703 -129.737579 0.000000 0.000000 0.000000 -0.298785 0.954321
1760658138.251407 60.496391 -129.738124 0.000000 0.000000 0.000000 -0.296803 0.954939
1760658138.484681 60.802801 -129.981301 0.000000 0.000000 0.000000 -0.293065 0.956093
1760658138.718058 61.103672 -130.215681 0.000000 0.000000 0.000000 -0.287825 0.957683
1760658138.951320 61.398320 -130.446209 0.000000 0.000000 0.000000 -0.281805 0.959472
1760658139.151333 61.399114 -130.446787 0.000000 0.000000 0.000000 -0.279006 0.960289
1760658139.384662 61.707279 -130.688682 0.000000 0.000000 0.000000 -0.273098 0.961986
1760658139.585696 62.009646 -130.923339 0.000000 0.000000 0.000000 -0.266097 0.963946
1760658139.817984 62.010491 -130.923934 0.000000 0.000000 0.000000 -0.261982 0.965073
1760658140.018866 62.326916 -131.166568 0.000000 0.000000 0.000000 -0.253154 0.967426
1760658140.220512 62.634834 -131.396009 0.000000 0.000000 0.000000 -0.242128 0.970244
1760658140.451332 62.635688 -131.396567 0.000000 0.000000 0.000000 -0.236444 0.971645
1760658140.651343 62.953894 -131.636617 0.000000 0.000000 0.000000 -0.224857 0.974392
1760658140.884658 63.264209 -131.862296 0.000000 0.000000 0.000000 -0.210551 0.977583
1760658141.084666 63.264992 -131.862767 0.000000 0.000000 0.000000 -0.203996 0.978972
1760658141.284681 63.592463 -132.090508 0.000000 0.000000 0.000000 -0.187333 0.982297
1760658141.517997 63.911209 -132.304783 0.000000 0.000000 0.000000 -0.166750 0.985999
1760658141.784732 64.228887 -132.506317 0.000000 0.000000 0.000000 -0.142535 0.989790
1760658142.018003 64.230077 -132.506872 0.000000 0.000000 0.000000 -0.130408 0.991460
1760658142.251328 64.574360 -132.713042 0.000000 0.000000 0.000000 -0.110030 0.993928
1760658142.453508 64.911724 -132.909217 0.000000 0.000000 0.000000 -0.090315 0.995913
1760658142.717988 65.243119 -133.088462 0.000000 0.000000 0.000000 -0.065870 0.997828
1760658142.918047 65.244175 -133.088837 0.000000 0.000000 0.000000 -0.052662 0.998612
1760658143.151322 65.599135 -133.266328 0.000000 0.000000 0.000000 -0.036449 0.999336
1760658143.353558 65.949414 -133.427467 0.000000 0.000000 0.000000 -0.023224 0.999730
1760658143.617986 66.284379 -133.592834 0.000000 0.000000 0.000000 -0.007390 0.999973
1760658143.818000 66.285460 -133.593161 0.000000 0.000000 0.000000 0.005711 0.999984
1760658144.018005 66.645000 -133.752126 0.000000 0.000000 0.000000 0.008945 0.999960
1760658144.251328 66.988160 -133.913988 0.000000 0.000000 0.000000 0.014762 0.999891
1760658144.451343 66.989054 -133.914273 0.000000 0.000000 0.000000 0.025842 0.999666
1760658144.684673 67.351690 -134.070294 0.000000 0.000000 0.000000 0.025520 0.999674
1760658144.884680 67.709017 -134.206954 0.000000 0.000000 0.000000 0.027004 0.999635
1760658145.084726 67.709791 -134.207203 0.000000 0.000000 0.000000 0.035714 0.999362
1760658145.318036 68.081376 -134.333762 0.000000 0.000000 0.000000 0.035569 0.999367
1760658145.551328 68.446097 -134.439357 0.000000 0.000000 0.000000 0.037551 0.999295
1760658145.784661 68.447162 -134.439651 0.000000 0.000000 0.000000 0.045507 0.998964
1760658145.984673 68.832645 -134.538491 0.000000 0.000000 0.000000 0.042630 0.999091
1760658146.188513 69.204896 -134.624272 0.000000 0.000000 0.000000 0.042858 0.999081
1760658146.451347 69.567871 -134.700170 0.000000 0.000000 0.000000 0.045972 0.998943
1760658146.684699 69.569150 -134.700437 0.000000 0.000000 0.000000 0.051479 0.998674
1760658146.885095 69.958476 -134.773241 0.000000 0.000000 0.000000 0.049805 0.998759
1760658147.118040 70.335034 -134.833608 0.000000 0.000000 0.000000 0.051491 0.998673
1760658147.320504 70.335946 -134.833758 0.000000 0.000000 0.000000 0.055202 0.998475
1760658147.551362 70.729212 -134.891257 0.000000 0.000000 0.000000 0.055231 0.998474
1760658147.785538 71.112044 -134.936210 0.000000 0.000000 0.000000 0.056934 0.998378
1760658147.986925 71.112942 -134.936320 0.000000 0.000000 0.000000 0.059926 0.998203
1760658148.218020 71.511247 -134.976436 0.000000 0.000000 0.000000 0.060278 0.998182
1760658148.451381 71.898163 -135.008494 0.000000 0.000000 0.000000 0.061989 0.998077
1760658148.684689 71.899255 -135.008587 0.000000 0.000000 0.000000 0.064881 0.997893
1760658148.917993 72.302762 -135.050501 0.000000 0.000000 0.000000 0.063415 0.997987
1760658149.117997 72.693278 -135.081452 0.000000 0.000000 0.000000 0.064643 0.997908
1760658149.318865 72.694089 -135.081515 0.000000 0.000000 0.000000 0.066569 0.997782
1760658149.551357 73.093395 -135.102241 0.000000 0.000000 0.000000 0.068107 0.997678
1760658149.784678 73.480452 -135.113820 0.000000 0.000000 0.000000 0.069540 0.997579
1760658149.984858 73.481358 -135.113856 0.000000 0.000000 0.000000 0.071300 0.997455
1760658150.217996 73.874427 -135.100241 0.000000 0.000000 0.000000 0.073487 0.997296
1760658150.417996 73.875196 -135.100238 0.000000 0.000000 0.000000 0.075255 0.997164
1760658150.618541 74.278640 -135.079639 0.000000 0.000000 0.000000 0.075017 0.997182
1760658150.851326 74.663795 -135.055934 0.000000 0.000000 0.000000 0.074740 0.997203
1760658151.052683 74.664623 -135.055894 0.000000 0.000000 0.000000 0.076066 0.997103
1760658151.284676 75.062018 -135.025969 0.000000 0.000000 0.000000 0.074597 0.997214
1760658151.518017 75.446427 -134.992970 0.000000 0.000000 0.000000 0.073329 0.997308
1760658151.751331 75.821791 -134.961082 0.000000 0.000000 0.000000 0.071669 0.997428
1760658151.951334 75.822736 -134.961012 0.000000 0.000000 0.000000 0.072112 0.997397
1760658152.184801 76.214211 -134.926811 0.000000 0.000000 0.000000 0.069615 0.997574
1760658152.420706 76.590956 -134.877027 0.000000 0.000000 0.000000 0.069254 0.997599
1760658152.651379 76.592057 -134.876920 0.000000 0.000000 0.000000 0.069312 0.997595
1760658152.851381 76.986651 -134.819669 0.000000 0.000000 0.000000 0.069037 0.997614
1760658153.054569 77.366322 -134.770066 0.000000 0.000000 0.000000 0.067810 0.997698
1760658153.284677 77.367300 -134.769949 0.000000 0.000000 0.000000 0.067662 0.997708
1760658153.485203 77.761602 -134.718279 0.000000 0.000000 0.000000 0.066686 0.997774
1760658153.717990 78.141455 -134.674225 0.000000 0.000000 0.000000 0.066190 0.997807
1760658153.951323 78.513619 -134.628764 0.000000 0.000000 0.000000 0.066915 0.997759
1760658154.151331 78.514592 -134.628648 0.000000 0.000000 0.000000 0.066776 0.997768
1760658154.351334 78.904482 -134.580940 0.000000 0.000000 0.000000 0.068848 0.997627
1760658154.584657 79.281779 -134.535390 0.000000 0.000000 0.000000 0.071577 0.997435
1760658154.784664 79.282699 -134.535271 0.000000 0.000000 0.000000 0.071978 0.997406
1760658154.985013 79.677063 -134.497316 0.000000 0.000000 0.000000 0.074067 0.997253
1760658155.217981 80.057926 -134.459907 0.000000 0.000000 0.000000 0.076358 0.997080
1760658155.418006 80.058819 -134.459801 0.000000 0.000000 0.000000 0.077128 0.997021
1760658155.651325 80.455538 -134.415910 0.000000 0.000000 0.000000 0.078903 0.996882
1760658155.851331 80.840660 -134.366410 0.000000 0.000000 0.000000 0.080386 0.996764
1760658156.051342 80.841456 -134.366306 0.000000 0.000000 0.000000 0.081321 0.996688
1760658156.284684 81.194994 -134.320870 0.000000 0.000000 0.000000 0.082057 0.996628
1760658156.484685 81.542540 -134.270016 0.000000 0.000000 0.000000 0.083046 0.996546
1760658156.684697 81.543294 -134.269908 0.000000 0.000000 0.000000 0.083951 0.996470
1760658156.918494 81.904809 -134.214387 0.000000 0.000000 0.000000 0.084024 0.996464
1760658157.118672 82.260726 -134.162309 0.000000 0.000000 0.000000 0.083925 0.996472
1760658157.384657 82.608897 -134.110073 0.000000 0.000000 0.000000 0.084268 0.996443
1760658157.585606 82.609926 -134.109916 0.000000 0.000000 0.000000 0.084902 0.996389
1760658157.818000 82.981897 -134.053638 0.000000 0.000000 0.000000 0.084529 0.996421
1760658158.051338 83.347297 -133.998552 0.000000 0.000000 0.000000 0.083559 0.996503
1760658158.284684 83.706447 -133.938689 0.000000 0.000000 0.000000 0.083320 0.996523
1760658158.484720 83.707414 -133.938537 0.000000 0.000000 0.000000 0.083584 0.996501
1760658158.718016 84.085533 -133.874893 0.000000 0.000000 0.000000 0.083084 0.996543
1760658158.954499 84.456999 -133.817175 0.000000 0.000000 0.000000 0.081760 0.996652
1760658159.218001 84.823425 -133.769884 0.000000 0.000000 0.000000 0.079920 0.996801
1760658159.419000 84.824531 -133.769728 0.000000 0.000000 0.000000 0.079721 0.996817
1760658159.651335 85.213720 -133.726160 0.000000 0.000000 0.000000 0.077279 0.997009
1760658159.884655 85.592996 -133.677278 0.000000 0.000000 0.000000 0.076128 0.997098
1760658160.084669 85.593933 -133.677165 0.000000 0.000000 0.000000 0.075617 0.997137
1760658160.287576 85.984375 -133.611577 0.000000 0.000000 0.000000 0.075354 0.997157
1760658160.521515 86.361628 -133.550290 0.000000 0.000000 0.000000 0.074713 0.997205
1760658160.751344 86.362720 -133.550132 0.000000 0.000000 0.000000 0.074147 0.997247
1760658160.955877 86.758162 -133.481208 0.000000 0.000000 0.000000 0.074066 0.997253
1760658161.184668 87.138212 -133.411073 0.000000 0.000000 0.000000 0.074641 0.997210
1760658161.384692 87.139086 -133.410926 0.000000 0.000000 0.000000 0.074311 0.997235
1760658161.618422 87.496632 -133.302820 0.000000 0.000000 0.000000 0.082546 0.996587
1760658161.851326 87.846913 -133.196754 0.000000 0.000000 0.000000 0.087913 0.996128
1760658162.054504 88.193236 -133.099072 0.000000 0.000000 0.000000 0.091506 0.995805
1760658162.318011 88.533737 -133.005314 0.000000 0.000000 0.000000 0.094540 0.995521
1760658162.551315 88.535044 -133.004922 0.000000 0.000000 0.000000 0.096306 0.995352
1760658162.751321 88.903965 -132.916049 0.000000 0.000000 0.000000 0.097166 0.995268
1760658162.952744 89.255352 -132.858463 0.000000 0.000000 0.000000 0.096726 0.995311
1760658163.217991 89.593738 -132.800164 0.000000 0.000000 0.000000 0.097110 0.995274
1760658163.418001 89.594782 -132.799935 0.000000 0.000000 0.000000 0.098201 0.995167
1760658163.618024 89.957689 -132.754015 0.000000 0.000000 0.000000 0.096030 0.995378
1760658163.851346 89.958534 -132.753865 0.000000 0.000000 0.000000 0.096874 0.995297
1760658164.084694 90.317275 -132.673527 0.000000 0.000000 0.000000 0.098669 0.995120
1760658164.318015 90.667122 -132.589184 0.000000 0.000000 0.000000 0.100597 0.994927
1760658164.551324 91.012235 -132.507034 0.000000 0.000000 0.000000 0.101929 0.994792
1760658164.751325 91.013123 -132.506824 0.000000 0.000000 0.000000 0.102886 0.994693
1760658164.953672 91.376796 -132.423609 0.000000 0.000000 0.000000 0.102957 0.994686
1760658165.184672 91.731547 -132.353241 0.000000 0.000000 0.000000 0.102518 0.994731
1760658165.384706 91.732399 -132.353051 0.000000 0.000000 0.000000 0.103217 0.994659
1760658165.587133 92.105013 -132.284160 0.000000 0.000000 0.000000 0.101168 0.994869
1760658165.817989 92.467283 -132.222491 0.000000 0.000000 0.000000 0.098079 0.995179
1760658166.018528 92.468125 -132.222336 0.000000 0.000000 0.000000 0.098081 0.995178
1760658166.251326 92.847360 -132.158737 0.000000 0.000000 0.000000 0.094992 0.995478
1760658166.451330 93.179264 -132.107346 0.000000 0.000000 0.000000 0.092686 0.995695
1760658166.653644 93.180004 -132.107230 0.000000 0.000000 0.000000 0.092124 0.995748
1760658166.884670 93.526226 -132.047635 0.000000 0.000000 0.000000 0.089666 0.995972
1760658167.118014 93.868510 -131.991686 0.000000 0.000000 0.000000 0.086832 0.996223
1760658167.351319 94.127057 -131.950019 0.000000 0.000000 0.000000 0.084669 0.996409
1760658167.551807 94.127869 -131.949900 0.000000 0.000000 0.000000 0.083583 0.996501
1760658167.784665 94.411044 -131.901034 0.000000 0.000000 0.000000 0.082342 0.996604
1760658167.984682 94.698191 -131.847944 0.000000 0.000000 0.000000 0.081451 0.996677
1760658168.251364 94.984698 -131.786688 0.000000 0.000000 0.000000 0.080622 0.996745
1760658168.484672 94.985764 -131.786502 0.000000 0.000000 0.000000 0.079459 0.996838
1760658168.684673 95.301636 -131.716071 0.000000 0.000000 0.000000 0.079892 0.996804
1760658168.917990 95.613653 -131.643500 0.000000 0.000000 0.000000 0.080193 0.996779
1760658169.151341 95.893926 -131.539923 0.000000 0.000000 0.000000 0.086098 0.996287
1760658169.384672 95.894893 -131.539653 0.000000 0.000000 0.000000 0.086155 0.996282
1760658169.618422 96.159952 -131.441606 0.000000 0.000000 0.000000 0.091601 0.995796
1760658169.851324 96.432116 -131.348239 0.000000 0.000000 0.000000 0.094325 0.995541
1760658170.051336 96.709573 -131.255219 0.000000 0.000000 0.000000 0.095916 0.995389
1760658170.251348 96.710250 -131.254983 0.000000 0.000000 0.000000 0.096852 0.995299
1760658170.451361 97.008300 -131.158562 0.000000 0.000000 0.000000 0.097476 0.995238
1760658170.718004 97.303027 -131.056907 0.000000 0.000000 0.000000 0.098219 0.995165
1760658170.984660 97.605198 -130.957602 0.000000 0.000000 0.000000 0.098630 0.995124
1760658171.184994 97.606090 -130.957295 0.000000 0.000000 0.000000 0.099398 0.995048
1760658171.418001 97.928227 -130.886883 0.000000 0.000000 0.000000 0.096515 0.995332
1760658171.618008 98.226594 -130.841609 0.000000 0.000000 0.000000 0.091814 0.995776
1760658171.851331 98.227434 -130.841425 0.000000 0.000000 0.000000 0.091567 0.995799
1760658172.051515 98.519447 -130.839967 0.000000 0.000000 0.000000 0.081607 0.996665
1760658172.284699 98.811456 -130.830286 0.000000 0.000000 0.000000 0.075377 0.997155
1760658172.521843 98.812359 -130.830234 0.000000 0.000000 0.000000 0.073241 0.997314
1760658172.751332 99.130337 -130.819512 0.000000 0.000000 0.000000 0.069426 0.997587
1760658172.984657 99.447632 -130.807659 0.000000 0.000000 0.000000 0.066226 0.997805
1760658173.184682 99.448355 -130.807646 0.000000 0.000000 0.000000 0.064147 0.997940
1760658173.417993 99.784826 -130.790304 0.000000 0.000000 0.000000 0.062783 0.998027
1760658173.618008 100.117349 -130.767026 0.000000 0.000000 0.000000 0.061921 0.998081
1760658173.851329 100.118181 -130.766997 0.000000 0.000000 0.000000 0.059777 0.998212
1760658174.051358 100.462413 -130.767756 0.000000 0.000000 0.000000 0.055095 0.998481
1760658174.284679 100.798692 -130.762298 0.000000 0.000000 0.000000 0.051758 0.998660
1760658174.484692 100.799470 -130.762302 0.000000 0.000000 0.000000 0.049518 0.998773
1760658174.718010 101.154137 -130.754430 0.000000 0.000000 0.000000 0.047321 0.998880
1760658174.918031 101.503402 -130.746087 0.000000 0.000000 0.000000 0.045076 0.998984
1760658175.151332 101.504274 -130.746091 0.000000 0.000000 0.000000 0.042510 0.999096
1760658175.351353 101.870502 -130.733638 0.000000 0.000000 0.000000 0.042149 0.999111
1760658175.584682 102.225627 -130.718385 0.000000 0.000000 0.000000 0.041004 0.999159
1760658175.784692 102.226447 -130.718375 0.000000 0.000000 0.000000 0.039137 0.999234
1760658175.985157 102.547759 -130.661104 0.000000 0.000000 0.000000 0.042038 0.999116
1760658176.221492 102.864934 -130.606010 0.000000 0.000000 0.000000 0.043991 0.999032
1760658176.451326 102.865844 -130.605902 0.000000 0.000000 0.000000 0.042895 0.999080
1760658176.651340 103.206439 -130.551824 0.000000 0.000000 0.000000 0.047292 0.998881
1760658176.852519 103.540001 -130.502243 0.000000 0.000000 0.000000 0.052074 0.998643
1760658177.118086 103.869150 -130.460879 0.000000 0.000000 0.000000 0.057151 0.998366
1760658177.352093 103.870273 -130.460701 0.000000 0.000000 0.000000 0.058007 0.998316
1760658177.584668 104.227706 -130.421339 0.000000 0.000000 0.000000 0.064456 0.997921
1760658177.784681 104.579973 -130.389427 0.000000 0.000000 0.000000 0.069378 0.997590
1760658178.051332 104.924881 -130.357513 0.000000 0.000000 0.000000 0.074537 0.997218
1760658178.251334 104.925881 -130.357373 0.000000 0.000000 0.000000 0.076595 0.997062
1760658178.488496 105.294695 -130.323735 0.000000 0.000000 0.000000 0.081356 0.996685
1760658178.717997 105.657722 -130.289376 0.000000 0.000000 0.000000 0.085650 0.996325
1760658178.951333 106.015493 -130.256257 0.000000 0.000000 0.000000 0.088957 0.996035
1760658179.185184 106.016669 -130.256101 0.000000 0.000000 0.000000 0.091927 0.995766
1760658179.420305 106.396805 -130.216056 0.000000 0.000000 0.000000 0.093020 0.995664
1760658179.651334 106.769440 -130.177528 0.000000 0.000000 0.000000 0.094537 0.995521
1760658179.884663 107.127439 -130.119714 0.000000 0.000000 0.000000 0.097220 0.995263
1760658180.084684 107.128432 -130.119563 0.000000 0.000000 0.000000 0.099435 0.995044
1760658180.284697 107.504959 -130.058140 0.000000 0.000000 0.000000 0.099736 0.995014
1760658180.517992 107.870425 -129.997669 0.000000 0.000000 0.000000 0.100158 0.994972
1760658180.717997 107.871346 -129.997511 0.000000 0.000000 0.000000 0.101942 0.994790
1760658180.918144 108.253443 -129.929613 0.000000 0.000000 0.000000 0.100371 0.994950
1760658181.151326 108.622223 -129.859265 0.000000 0.000000 0.000000 0.098820 0.995105
1760658181.384674 108.986174 -129.793188 0.000000 0.000000 0.000000 0.096334 0.995349
1760658181.584681 108.987137 -129.793018 0.000000 0.000000 0.000000 0.096969 0.995287
1760658181.784691 109.370151 -129.723725 0.000000 0.000000 0.000000 0.093389 0.995630
1760658181.984694 109.370874 -129.723600 0.000000 0.000000 0.000000 0.093545 0.995615
1760658182.217997 109.765201 -129.652489 0.000000 0.000000 0.000000 0.088938 0.996037
1760658182.418011 110.148461 -129.584219 0.000000 0.000000 0.000000 0.085255 0.996359
1760658182.684671 110.519743 -129.521843 0.000000 0.000000 0.000000 0.082423 0.996597
1760658182.884687 110.520804 -129.521680 0.000000 0.000000 0.000000 0.081486 0.996674
1760658183.118014 110.909035 -129.448261 0.000000 0.000000 0.000000 0.079927 0.996801
1760658183.351343 111.264638 -129.387178 0.000000 0.000000 0.000000 0.078683 0.996900
1760658183.584673 111.265716 -129.387006 0.000000 0.000000 0.000000 0.077517 0.996991
1760658183.785236 111.642067 -129.322998 0.000000 0.000000 0.000000 0.077510 0.996992
1760658184.018000 111.998940 -129.284697 0.000000 0.000000 0.000000 0.074490 0.997222
1760658184.218032 111.999793 -129.284586 0.000000 0.000000 0.000000 0.073385 0.997304
1760658184.451353 112.373181 -129.242464 0.000000 0.000000 0.000000 0.071114 0.997468
1760658184.651366 112.736449 -129.192330 0.000000 0.000000 0.000000 0.071096 0.997469
1760658184.918016 113.088676 -129.143838 0.000000 0.000000 0.000000 0.070732 0.997495
1760658185.151346 113.089929 -129.143683 0.000000 0.000000 0.000000 0.069612 0.997574
1760658185.351352 113.468763 -129.092528 0.000000 0.000000 0.000000 0.069956 0.997550
1760658185.584666 113.834258 -129.036632 0.000000 0.000000 0.000000 0.069841 0.997558
1760658185.851324 114.193932 -128.978267 0.000000 0.000000 0.000000 0.070135 0.997538
1760658186.051346 114.194981 -128.978115 0.000000 0.000000 0.000000 0.069550 0.997578
1760658186.284912 114.574979 -128.931112 0.000000 0.000000 0.000000 0.068451 0.997654
1760658186.518221 114.947204 -128.887855 0.000000 0.000000 0.000000 0.066823 0.997765
1760658186.751323 115.313393 -128.845491 0.000000 0.000000 0.000000 0.065592 0.997847
1760658186.951367 115.314384 -128.845378 0.000000 0.000000 0.000000 0.064821 0.997897
1760658187.184664 115.699090 -128.803499 0.000000 0.000000 0.000000 0.064336 0.997928
1760658187.387933 116.074624 -128.756637 0.000000 0.000000 0.000000 0.064061 0.997946
1760658187.651313 116.440736 -128.710616 0.000000 0.000000 0.000000 0.063038 0.998011
1760658187.851329 116.441854 -128.710489 0.000000 0.000000 0.000000 0.062351 0.998054
1760658188.051342 116.765712 -128.632584 0.000000 0.000000 0.000000 0.064273 0.997932
1760658188.287510 117.086140 -128.557868 0.000000 0.000000 0.000000 0.065470 0.997855
1760658188.517991 117.087159 -128.557672 0.000000 0.000000 0.000000 0.065224 0.997871
1760658188.718018 117.430499 -128.474830 0.000000 0.000000 0.000000 0.066715 0.997772
1760658188.920664 117.766379 -128.394756 0.000000 0.000000 0.000000 0.068446 0.997655
1760658189.151358 117.767254 -128.394554 0.000000 0.000000 0.000000 0.068637 0.997642
1760658189.357221 118.122093 -128.312721 0.000000 0.000000 0.000000 0.069784 0.997562
1760658189.584659 118.468528 -128.234043 0.000000 0.000000 0.000000 0.070778 0.997492
1760658189.784729 118.469318 -128.233857 0.000000 0.000000 0.000000 0.071124 0.997468
1760658190.018005 118.833108 -128.168812 0.000000 0.000000 0.000000 0.070526 0.997510
1760658190.251362 119.190389 -128.105460 0.000000 0.000000 0.000000 0.068904 0.997623
1760658190.451426 119.541810 -128.038493 0.000000 0.000000 0.000000 0.067731 0.997704
1760658190.684670 119.542820 -128.038301 0.000000 0.000000 0.000000 0.067607 0.997712
1760658190.884708 119.913616 -127.971406 0.000000 0.000000 0.000000 0.065914 0.997825
1760658191.118023 120.273980 -127.906179 0.000000 0.000000 0.000000 0.063995 0.997950
1760658191.351344 120.275076 -127.905987 0.000000 0.000000 0.000000 0.063457 0.997985
1760658191.584699 120.656976 -127.837204 0.000000 0.000000 0.000000 0.059120 0.998251
1760658191.817996 121.029516 -127.768311 0.000000 0.000000 0.000000 0.054668 0.998505
1760658192.054517 121.393687 -127.695590 0.000000 0.000000 0.000000 0.048215 0.998837
1760658192.318006 121.752788 -127.619541 0.000000 0.000000 0.000000 0.038145 0.999272
1760658192.551331 121.754188 -127.619328 0.000000 0.000000 0.000000 0.035048 0.999386
1760658192.788569 122.114681 -127.533938 0.000000 0.000000 0.000000 0.028059 0.999606
1760658193.018031 122.469273 -127.448264 0.000000 0.000000 0.000000 0.013846 0.999904
1760658193.251355 122.470377 -127.448093 0.000000 0.000000 0.000000 0.008874 0.999961
1760658193.484671 122.789573 -127.327081 0.000000 0.000000 0.000000 0.003057 0.999995
1760658193.718141 123.106314 -127.209530 0.000000 0.000000 0.000000 -0.010572 0.999944
1760658193.951333 123.415287 -127.108977 0.000000 0.000000 0.000000 -0.028981 0.999580
1760658194.151339 123.416164 -127.108789 0.000000 0.000000 0.000000 -0.035619 0.999365
1760658194.351347 123.745899 -127.007225 0.000000 0.000000 0.000000 -0.055981 0.998432
1760658194.551349 123.746554 -127.007107 0.000000 0.000000 0.000000 -0.064155 0.997940
1760658194.785361 124.091046 -126.909544 0.000000 0.000000 0.000000 -0.086725 0.996232
1760658195.017996 124.409993 -126.857627 0.000000 0.000000 0.000000 -0.110403 0.993887
1760658195.251333 124.728764 -126.808921 0.000000 0.000000 0.000000 -0.135226 0.990815
1760658195.451335 124.729598 -126.808902 0.000000 0.000000 0.000000 -0.147423 0.989074
1760658195.651341 125.068915 -126.759360 0.000000 0.000000 0.000000 -0.167996 0.985788
1760658195.884963 125.398705 -126.700117 0.000000 0.000000 0.000000 -0.192350 0.981326
1760658196.118005 125.399688 -126.700145 0.000000 0.000000 0.000000 -0.208677 0.977985
1760658196.351341 125.751831 -126.654195 0.000000 0.000000 0.000000 -0.228373 0.973574
1760658196.551353 126.098202 -126.621467 0.000000 0.000000 0.000000 -0.247481 0.968893
1760658196.784651 126.437217 -126.601166 0.000000 0.000000 0.000000 -0.270976 0.962586
1760658196.984665 126.438104 -126.601262 0.000000 0.000000 0.000000 -0.286315 0.958135
1760658197.184667 126.797531 -126.584033 0.000000 0.000000 0.000000 -0.302609 0.953115
1760658197.418004 127.144561 -126.587939 0.000000 0.000000 0.000000 -0.324237 0.945976
1760658197.651337 127.145579 -126.588119 0.000000 0.000000 0.000000 -0.342430 0.939543
1760658197.851349 127.510752 -126.612069 0.000000 0.000000 0.000000 -0.352845 0.935682
1760658198.084650 127.861528 -126.652050 0.000000 0.000000 0.000000 -0.365100 0.930968
1760658198.284669 127.862328 -126.652245 0.000000 0.000000 0.000000 -0.379330 0.925261
1760658198.517998 128.223730 -126.714170 0.000000 0.000000 0.000000 -0.388764 0.921337
1760658198.718067 128.559558 -126.803400 0.000000 0.000000 0.000000 -0.396127 0.918196
1760658198.984646 128.883302 -126.903957 0.000000 0.000000 0.000000 -0.412996 0.910733
1760658199.184676 128.884222 -126.904323 0.000000 0.000000 0.000000 -0.425499 0.904959
1760658199.417954 129.227958 -127.020087 0.000000 0.000000 0.000000 -0.432417 0.901674
1760658199.651334 129.558065 -127.149264 0.000000 0.000000 0.000000 -0.441473 0.897275
1760658199.884658 129.558996 -127.149715 0.000000 0.000000 0.000000 -0.454292 0.890853
1760658200.084660 129.868083 -127.270540 0.000000 0.000000 0.000000 -0.450595 0.892729
1760658200.317998 130.162890 -127.403902 0.000000 0.000000 0.000000 -0.456209 0.889872
1760658200.584644 130.447339 -127.551570 0.000000 0.000000 0.000000 -0.465289 0.885159
1760658200.784655 130.448155 -127.552032 0.000000 0.000000 0.000000 -0.473683 0.880695
1760658200.984661 130.743392 -127.724704 0.000000 0.000000 0.000000 -0.475704 0.879605
1760658201.217983 130.997211 -127.873124 0.000000 0.000000 0.000000 -0.478170 0.878267
1760658201.418019 130.997855 -127.873539 0.000000 0.000000 0.000000 -0.485078 0.874471
1760658201.618765 131.256799 -128.048043 0.000000 0.000000 0.000000 -0.482467 0.875914
1760658201.851319 131.502511 -128.232894 0.000000 0.000000 0.000000 -0.482965 0.875640
1760658202.051345 131.503095 -128.233321 0.000000 0.000000 0.000000 -0.488090 0.872793
1760658202.284927 131.755514 -128.441047 0.000000 0.000000 0.000000 -0.485262 0.874369
1760658202.517996 132.003523 -128.652050 0.000000 0.000000 0.000000 -0.482969 0.875638
1760658202.751401 132.243784 -128.870041 0.000000 0.000000 0.000000 -0.481249 0.876584
1760658203.018010 132.478327 -129.094942 0.000000 0.000000 0.000000 -0.479743 0.877409
1760658203.251339 132.479237 -129.095754 0.000000 0.000000 0.000000 -0.482272 0.876021
1760658203.484669 132.728202 -129.346496 0.000000 0.000000 0.000000 -0.478050 0.878333
1760658203.718002 132.967072 -129.600441 0.000000 0.000000 0.000000 -0.476002 0.879444
1760658203.951330 133.199653 -129.856021 0.000000 0.000000 0.000000 -0.473826 0.880618
1760658204.151355 133.200314 -129.856693 0.000000 0.000000 0.000000 -0.474460 0.880277
1760658204.354559 133.441517 -130.130966 0.000000 0.000000 0.000000 -0.471982 0.881608
1760658204.584694 133.673153 -130.402016 0.000000 0.000000 0.000000 -0.470198 0.882561
1760658204.818002 133.673885 -130.402812 0.000000 0.000000 0.000000 -0.470247 0.882535
1760658205.019655 133.915713 -130.693525 0.000000 0.000000 0.000000 -0.468467 0.883481
1760658205.251344 134.147852 -130.977461 0.000000 0.000000 0.000000 -0.467495 0.883996
1760658205.451350 134.148417 -130.978114 0.000000 0.000000 0.000000 -0.467241 0.884130
1760658205.651354 134.387983 -131.277623 0.000000 0.000000 0.000000 -0.466628 0.884454
1760658205.884765 134.616474 -131.570019 0.000000 0.000000 0.000000 -0.466493 0.884525
1760658206.151362 134.838250 -131.860846 0.000000 0.000000 0.000000 -0.466652 0.884441
1760658206.351532 134.838901 -131.861660 0.000000 0.000000 0.000000 -0.466430 0.884558
1760658206.584657 135.069540 -132.174038 0.000000 0.000000 0.000000 -0.467514 0.883986
1760658206.784663 135.293447 -132.480664 0.000000 0.000000 0.000000 -0.468259 0.883591
1760658206.984687 135.293935 -132.481315 0.000000 0.000000 0.000000 -0.468274 0.883583
1760658207.221513 135.523792 -132.798885 0.000000 0.000000 0.000000 -0.468832 0.883288
1760658207.451338 135.743840 -133.112132 0.000000 0.000000 0.000000 -0.469449 0.882960
1760658207.651372 135.744365 -133.112864 0.000000 0.000000 0.000000 -0.469577 0.882891
1760658207.886524 135.975682 -133.436770 0.000000 0.000000 0.000000 -0.469628 0.882865
1760658208.087493 136.196594 -133.754768 0.000000 0.000000 0.000000 -0.469710 0.882821
1760658208.351351 136.410646 -134.063281 0.000000 0.000000 0.000000 -0.470086 0.882621
1760658208.584679 136.411415 -134.064381 0.000000 0.000000 0.000000 -0.470243 0.882537
1760658208.785598 136.638477 -134.395103 0.000000 0.000000 0.000000 -0.471043 0.882110
1760658209.017991 136.856289 -134.714643 0.000000 0.000000 0.000000 -0.471933 0.881634
1760658209.218006 136.856812 -134.715409 0.000000 0.000000 0.000000 -0.472212 0.881485
1760658209.451328 137.080596 -135.048229 0.000000 0.000000 0.000000 -0.472776 0.881183
1760658209.653505 137.295990 -135.373311 0.000000 0.000000 0.000000 -0.473093 0.881013
1760658209.918004 137.504671 -135.688581 0.000000 0.000000 0.000000 -0.473594 0.880743
1760658210.118017 137.505281 -135.689502 0.000000 0.000000 0.000000 -0.473907 0.880575
1760658210.351336 137.676488 -136.021388 0.000000 0.000000 0.000000 -0.481535 0.876427
1760658210.551371 137.852692 -136.342218 0.000000 0.000000 0.000000 -0.485239 0.874382
1760658210.784655 137.853168 -136.343091 0.000000 0.000000 0.000000 -0.486868 0.873476
1760658210.984671 138.052927 -136.664816 0.000000 0.000000 0.000000 -0.484662 0.874701
1760658211.185716 138.244715 -136.977471 0.000000 0.000000 0.000000 -0.483337 0.875434
1760658211.388508 138.245129 -136.978173 0.000000 0.000000 0.000000 -0.484082 0.875023
1760658211.618018 138.443987 -137.302874 0.000000 0.000000 0.000000 -0.480861 0.876797
1760658211.853741 138.628934 -137.624928 0.000000 0.000000 0.000000 -0.478543 0.878064
1760658212.084645 138.808688 -137.943869 0.000000 0.000000 0.000000 -0.476405 0.879226
1760658212.284658 138.809179 -137.944694 0.000000 0.000000 0.000000 -0.476160 0.879359
1760658212.517992 138.996678 -138.280723 0.000000 0.000000 0.000000 -0.473438 0.880827
1760658212.751325 139.189824 -138.603054 0.000000 0.000000 0.000000 -0.470899 0.882187
1760658212.984675 139.390370 -138.911767 0.000000 0.000000 0.000000 -0.467808 0.883830
1760658213.218025 139.391035 -138.912811 0.000000 0.000000 0.000000 -0.466660 0.884437
1760658213.451337 139.606442 -139.239327 0.000000 0.000000 0.000000 -0.462833 0.886445
1760658213.684659 139.828205 -139.547849 0.000000 0.000000 0.000000 -0.457836 0.889036
1760658213.917997 140.045278 -139.851587 0.000000 0.000000 0.000000 -0.454080 0.890961
1760658214.151322 140.046028 -139.852607 0.000000 0.000000 0.000000 -0.451895 0.892071
1760658214.351334 140.271555 -140.177287 0.000000 0.000000 0.000000 -0.449753 0.893153
1760658214.584626 140.487550 -140.492353 0.000000 0.000000 0.000000 -0.448140 0.893963
1760658214.818015 140.701128 -140.801339 0.000000 0.000000 0.000000 -0.446494 0.894786
1760658215.021416 140.701753 -140.802197 0.000000 0.000000 0.000000 -0.444679 0.895690
1760658215.251349 140.923292 -141.128957 0.000000 0.000000 0.000000 -0.443718 0.896167
1760658215.484644 141.139225 -141.448587 0.000000 0.000000 0.000000 -0.441567 0.897228
1760658215.684661 141.139784 -141.449368 0.000000 0.000000 0.000000 -0.439875 0.898059
1760658215.884681 141.340606 -141.746691 0.000000 0.000000 0.000000 -0.439613 0.898187
1760658216.118001 141.537500 -142.036511 0.000000 0.000000 0.000000 -0.436522 0.899694
1760658216.318015 141.538006 -142.037219 0.000000 0.000000 0.000000 -0.434841 0.900507
1760658216.551332 141.747868 -142.340759 0.000000 0.000000 0.000000 -0.427224 0.904146
1760658216.751342 141.956160 -142.637419 0.000000 0.000000 0.000000 -0.418502 0.908216
1760658216.951359 141.956622 -142.638021 0.000000 0.000000 0.000000 -0.415463 0.909610
1760658217.184661 142.175107 -142.943820 0.000000 0.000000 0.000000 -0.402281 0.915516
1760658217.451341 142.372008 -143.249152 0.000000 0.000000 0.000000 -0.388302 0.921532
1760658217.651714 142.372601 -143.249881 0.000000 0.000000 0.000000 -0.383221 0.923657
1760658217.884661 142.584091 -143.570045 0.000000 0.000000 0.000000 -0.371412 0.928468
1760658218.117991 142.794036 -143.879598 0.000000 0.000000 0.000000 -0.354815 0.934936
1760658218.318003 142.794586 -143.880248 0.000000 0.000000 0.000000 -0.347942 0.937516
1760658218.518024 142.955200 -144.195330 0.000000 0.000000 0.000000 -0.336517 0.941677
1760658218.751341 143.121377 -144.495911 0.000000 0.000000 0.000000 -0.319074 0.947730
1760658218.951347 143.121871 -144.496551 0.000000 0.000000 0.000000 -0.310631 0.950531
1760658219.185596 143.306201 -144.805517 0.000000 0.000000 0.000000 -0.291699 0.956510
1760658219.418963 143.457701 -145.086168 0.000000 0.000000 0.000000 -0.277239 0.960801
1760658219.684654 143.619090 -145.359772 0.000000 0.000000 0.000000 -0.257179 0.966364
1760658219.884670 143.619670 -145.360488 0.000000 0.000000 0.000000 -0.246440 0.969158
1760658220.117990 143.805811 -145.643996 0.000000 0.000000 0.000000 -0.228784 0.973477
1760658220.351392 144.000975 -145.915557 0.000000 0.000000 0.000000 -0.208220 0.978082
1760658220.584655 144.203645 -146.178076 0.000000 0.000000 0.000000 -0.188278 0.982116
1760658220.784674 144.204271 -146.178698 0.000000 0.000000 0.000000 -0.175357 0.984505
1760658221.018001 144.419530 -146.457390 0.000000 0.000000 0.000000 -0.157306 0.987550
1760658221.251327 144.420193 -146.458006 0.000000 0.000000 0.000000 -0.141769 0.989900
1760658221.451348 144.656790 -146.743480 0.000000 0.000000 0.000000 -0.129398 0.991593
1760658221.684651 144.898064 -147.002305 0.000000 0.000000 0.000000 -0.109747 0.993960
1760658221.884685 144.898665 -147.002803 0.000000 0.000000 0.000000 -0.096002 0.995381
1760658222.118013 145.155748 -147.267961 0.000000 0.000000 0.000000 -0.079145 0.996863
1760658222.321391 145.416145 -147.515011 0.000000 0.000000 0.000000 -0.061169 0.998127
1760658222.551339 145.416854 -147.515523 0.000000 0.000000 0.000000 -0.044718 0.999000
1760658222.751463 145.696002 -147.762952 0.000000 0.000000 0.000000 -0.032547 0.999470
1760658222.952576 145.973696 -147.990268 0.000000 0.000000 0.000000 -0.015394 0.999881
1760658223.184689 145.974466 -147.990749 0.000000 0.000000 0.000000 0.001342 0.999999
1760658223.418000 146.270600 -148.219783 0.000000 0.000000 0.000000 0.015459 0.999880
1760658223.651345 146.566848 -148.431382 0.000000 0.000000 0.000000 0.033791 0.999429
1760658223.851346 146.567583 -148.431774 0.000000 0.000000 0.000000 0.048106 0.998842
1760658224.084686 146.883974 -148.635250 0.000000 0.000000 0.000000 0.058019 0.998315
1760658224.286584 147.199945 -148.811549 0.000000 0.000000 0.000000 0.070116 0.997539
1760658224.487530 147.200638 -148.811857 0.000000 0.000000 0.000000 0.083545 0.996504
1760658224.717994 147.532977 -148.976898 0.000000 0.000000 0.000000 0.094681 0.995508
1760658224.918012 147.862698 -149.119596 0.000000 0.000000 0.000000 0.105819 0.994385
1760658225.151350 147.863575 -149.119897 0.000000 0.000000 0.000000 0.120583 0.992703
1760658225.384682 148.211934 -149.247094 0.000000 0.000000 0.000000 0.128662 0.991688
1760658225.617999 148.555617 -149.360358 0.000000 0.000000 0.000000 0.134868 0.990864
1760658225.819641 148.896212 -149.458731 0.000000 0.000000 0.000000 0.138159 0.990410
1760658226.051331 148.897215 -149.458972 0.000000 0.000000 0.000000 0.149912 0.988699
1760658226.284658 149.257162 -149.545965 0.000000 0.000000 0.000000 0.146244 0.989249
1760658226.517993 149.610166 -149.609770 0.000000 0.000000 0.000000 0.143727 0.989617
1760658226.717999 149.958291 -149.654749 0.000000 0.000000 0.000000 0.138888 0.990308
1760658226.985519 150.290141 -149.721372 0.000000 0.000000 0.000000 0.131630 0.991299
1760658227.217992 150.291509 -149.721628 0.000000 0.000000 0.000000 0.136324 0.990664
1760658227.451346 150.610498 -149.785717 0.000000 0.000000 0.000000 0.123640 0.992327
1760658227.684657 150.928970 -149.829289 0.000000 0.000000 0.000000 0.108903 0.994052
1760658227.884721 151.248125 -149.860883 0.000000 0.000000 0.000000 0.098218 0.995165
1760658228.151331 151.518201 -149.850817 0.000000 0.000000 0.000000 0.091461 0.995809
1760658228.351341 151.519204 -149.850964 0.000000 0.000000 0.000000 0.089808 0.995959
1760658228.584666 151.818057 -149.832013 0.000000 0.000000 0.000000 0.079676 0.996821
1760658228.818004 152.120254 -149.806473 0.000000 0.000000 0.000000 0.068039 0.997683
1760658229.051339 152.425899 -149.777244 0.000000 0.000000 0.000000 0.054978 0.998488
1760658229.251488 152.426753 -149.777274 0.000000 0.000000 0.000000 0.050411 0.998729
1760658229.484674 152.755976 -149.744639 0.000000 0.000000 0.000000 0.039065 0.999237
1760658229.717992 153.084781 -149.709442 0.000000 0.000000 0.000000 0.029174 0.999574
1760658229.951319 153.334884 -149.686039 0.000000 0.000000 0.000000 0.022376 0.999750
1760658230.151331 153.335703 -149.686038 0.000000 0.000000 0.000000 0.016681 0.999861
1760658230.351333 153.612638 -149.666161 0.000000 0.000000 0.000000 0.012359 0.999924
1760658230.584658 153.893065 -149.645540 0.000000 0.000000 0.000000 0.006161 0.999981
1760658230.784662 153.893789 -149.645539 0.000000 0.000000 0.000000 0.000645 1.000000
1760658230.984677 154.197156 -149.636788 0.000000 0.000000 0.000000 -0.002233 0.999998
1760658231.217995 154.500225 -149.631340 0.000000 0.000000 0.000000 -0.005857 0.999983
1760658231.418012 154.806680 -149.621319 0.000000 0.000000 0.000000 -0.007421 0.999972
1760658231.651336 154.807557 -149.621331 0.000000 0.000000 0.000000 -0.012745 0.999919
1760658231.851338 155.137967 -149.610925 0.000000 0.000000 0.000000 -0.009733 0.999953
1760658232.051349 155.464740 -149.602237 0.000000 0.000000 0.000000 -0.007265 0.999974
1760658232.317958 155.787627 -149.605926 0.000000 0.000000 0.000000 -0.005383 0.999986
1760658232.517993 155.788595 -149.605925 0.000000 0.000000 0.000000 -0.007734 0.999970
1760658232.718751 156.138692 -149.608141 0.000000 0.000000 0.000000 -0.000496 1.000000
1760658232.951346 156.443600 -149.574284 0.000000 0.000000 0.000000 0.013503 0.999909
1760658233.187088 156.444583 -149.574213 0.000000 0.000000 0.000000 0.014055 0.999901
1760658233.418015 156.749408 -149.507168 0.000000 0.000000 0.000000 0.037411 0.999300
1760658233.620507 157.056349 -149.446483 0.000000 0.000000 0.000000 0.056268 0.998416
1760658233.851326 157.057141 -149.446284 0.000000 0.000000 0.000000 0.061714 0.998094
1760658234.051339 157.385547 -149.388680 0.000000 0.000000 0.000000 0.074144 0.997248
1760658234.284670 157.709028 -149.333769 0.000000 0.000000 0.000000 0.088476 0.996078
1760658234.484703 157.709767 -149.333561 0.000000 0.000000 0.000000 0.094886 0.995488
1760658234.718006 158.053400 -149.278982 0.000000 0.000000 0.000000 0.105995 0.994367
1760658234.951327 158.374870 -149.197046 0.000000 0.000000 0.000000 0.119122 0.992880
1760658235.151332 158.375600 -149.196812 0.000000 0.000000 0.000000 0.126472 0.991970
1760658235.351337 158.715389 -149.109990 0.000000 0.000000 0.000000 0.135828 0.990732
1760658235.584687 159.047921 -149.027593 0.000000 0.000000 0.000000 0.144054 0.989570
1760658235.818017 159.378179 -148.944685 0.000000 0.000000 0.000000 0.150544 0.988603
1760658236.051329 159.379185 -148.944339 0.000000 0.000000 0.000000 0.158971 0.987283
1760658236.251409 159.733339 -148.858580 0.000000 0.000000 0.000000 0.158473 0.987363
1760658236.484658 160.078172 -148.773453 0.000000 0.000000 0.000000 0.160113 0.987099
1760658236.717994 160.419773 -148.688412 0.000000 0.000000 0.000000 0.162409 0.986724
1760658236.951338 160.420867 -148.688079 0.000000 0.000000 0.000000 0.168498 0.985702
1760658237.154507 160.786284 -148.607010 0.000000 0.000000 0.000000 0.166241 0.986085
1760658237.384675 161.140989 -148.524108 0.000000 0.000000 0.000000 0.167299 0.985906
1760658237.651334 161.490885 -148.439871 0.000000 0.000000 0.000000 0.168898 0.985633
1760658237.852421 161.491926 -148.439589 0.000000 0.000000 0.000000 0.172447 0.985019
1760658238.084668 161.865669 -148.353140 0.000000 0.000000 0.000000 0.170537 0.985351
1760658238.317995 162.231320 -148.265945 0.000000 0.000000 0.000000 0.169616 0.985510
1760658238.518018 162.232204 -148.265720 0.000000 0.000000 0.000000 0.172014 0.985095
1760658238.751338 162.612396 -148.169346 0.000000 0.000000 0.000000 0.171133 0.985248
1760658238.984661 162.982813 -148.073853 0.000000 0.000000 0.000000 0.171896 0.985115
1760658239.187709 162.983702 -148.073618 0.000000 0.000000 0.000000 0.173749 0.984790
1760658239.419528 163.364659 -147.963139 0.000000 0.000000 0.000000 0.174283 0.984696
1760658239.651389 163.722872 -147.857822 0.000000 0.000000 0.000000 0.175760 0.984433
1760658239.884677 163.723908 -147.857517 0.000000 0.000000 0.000000 0.177630 0.984097
1760658240.085359 164.098747 -147.743024 0.000000 0.000000 0.000000 0.177719 0.984081
1760658240.318004 164.099543 -147.742780 0.000000 0.000000 0.000000 0.179388 0.983778
1760658240.518045 164.485314 -147.646773 0.000000 0.000000 0.000000 0.169701 0.985496
1760658240.784718 164.812035 -147.565408 0.000000 0.000000 0.000000 0.164197 0.986428
1760658240.984732 164.812877 -147.565204 0.000000 0.000000 0.000000 0.163824 0.986490
1760658241.218023 165.087794 -147.457281 0.000000 0.000000 0.000000 0.169583 0.985516
1760658241.418031 165.088369 -147.457101 0.000000 0.000000 0.000000 0.169870 0.985467
1760658241.619518 165.380312 -147.343225 0.000000 0.000000 0.000000 0.172367 0.985033
1760658241.851346 165.669705 -147.238255 0.000000 0.000000 0.000000 0.172931 0.984934
1760658242.051379 165.670303 -147.238038 0.000000 0.000000 0.000000 0.173446 0.984843
1760658242.284667 165.976930 -147.127438 0.000000 0.000000 0.000000 0.172729 0.984969
1760658242.484686 165.977465 -147.127244 0.000000 0.000000 0.000000 0.173100 0.984904
1760658242.717998 166.298488 -147.010882 0.000000 0.000000 0.000000 0.172353 0.985035
1760658242.918005 166.614171 -146.898541 0.000000 0.000000 0.000000 0.171531 0.985179
1760658243.118011 166.614734 -146.898340 0.000000 0.000000 0.000000 0.171658 0.985157
1760658243.351341 166.941385 -146.781026 0.000000 0.000000 0.000000 0.170718 0.985320
1760658243.551411 167.263114 -146.669671 0.000000 0.000000 0.000000 0.169684 0.985499
1760658243.818039 167.523598 -146.544809 0.000000 0.000000 0.000000 0.170753 0.985314
1760658244.051333 167.524578 -146.544422 0.000000 0.000000 0.000000 0.170779 0.985309
1760658244.284662 167.810905 -146.409124 0.000000 0.000000 0.000000 0.172100 0.985079
1760658244.485550 168.067369 -146.252237 0.000000 0.000000 0.000000 0.174965 0.984575
1760658244.751356 168.329281 -146.112737 0.000000 0.000000 0.000000 0.174996 0.984569
1760658244.984661 168.330220 -146.112246 0.000000 0.000000 0.000000 0.175457 0.984487
1760658245.184687 168.620729 -145.993232 0.000000 0.000000 0.000000 0.172079 0.985083
1760658245.388505 168.905873 -145.895326 0.000000 0.000000 0.000000 0.165922 0.986139
1760658245.618017 168.906610 -145.895032 0.000000 0.000000 0.000000 0.165103 0.986276
1760658245.851351 169.170555 -145.804442 0.000000 0.000000 0.000000 0.160322 0.987065
1760658246.084674 169.439765 -145.714027 0.000000 0.000000 0.000000 0.158407 0.987374
1760658246.317993 169.703454 -145.664800 0.000000 0.000000 0.000000 0.150708 0.988578
1760658246.518013 169.704161 -145.664617 0.000000 0.000000 0.000000 0.148805 0.988867
1760658246.718033 169.989246 -145.601944 0.000000 0.000000 0.000000 0.144372 0.989523
1760658246.920502 170.274575 -145.536220 0.000000 0.000000 0.000000 0.142596 0.989781
1760658247.154624 170.275349 -145.536054 0.000000 0.000000 0.000000 0.140097 0.990138
1760658247.384677 170.582977 -145.465301 0.000000 0.000000 0.000000 0.139683 0.990196
1760658247.618014 170.890302 -145.392079 0.000000 0.000000 0.000000 0.139458 0.990228
1760658247.884657 171.198805 -145.317606 0.000000 0.000000 0.000000 0.139331 0.990246
1760658248.119504 171.199889 -145.317364 0.000000 0.000000 0.000000 0.137624 0.990485
1760658248.351340 171.534897 -145.232449 0.000000 0.000000 0.000000 0.138939 0.990301
1760658248.551392 171.865439 -145.146070 0.000000 0.000000 0.000000 0.139916 0.990163
1760658248.752516 171.866143 -145.145896 0.000000 0.000000 0.000000 0.139020 0.990290
1760658248.986557 172.209594 -145.051901 0.000000 0.000000 0.000000 0.140357 0.990101
1760658249.220518 172.547147 -144.956261 0.000000 0.000000 0.000000 0.141115 0.989993
1760658249.451348 172.548107 -144.956001 0.000000 0.000000 0.000000 0.140573 0.990070
1760658249.684669 172.905414 -144.854608 0.000000 0.000000 0.000000 0.141300 0.989967
1760658249.917999 173.255387 -144.756769 0.000000 0.000000 0.000000 0.142613 0.989779
1760658250.151335 173.598929 -144.657828 0.000000 0.000000 0.000000 0.143874 0.989596
1760658250.384664 173.600026 -144.657513 0.000000 0.000000 0.000000 0.143884 0.989595
1760658250.584665 173.965327 -144.556930 0.000000 0.000000 0.000000 0.145071 0.989421
1760658250.784672 174.317241 -144.454200 0.000000 0.000000 0.000000 0.147044 0.989130
1760658251.018009 174.318189 -144.453922 0.000000 0.000000 0.000000 0.147446 0.989070
1760658251.251336 174.687057 -144.349591 0.000000 0.000000 0.000000 0.148868 0.988857
1760658251.484656 175.047601 -144.248293 0.000000 0.000000 0.000000 0.150095 0.988672
1760658251.684680 175.388910 -144.132376 0.000000 0.000000 0.000000 0.155073 0.987903
1760658251.918011 175.389933 -144.132045 0.000000 0.000000 0.000000 0.156278 0.987713
1760658252.151352 175.747164 -144.006570 0.000000 0.000000 0.000000 0.162751 0.986667
1760658252.351364 176.098611 -143.887579 0.000000 0.000000 0.000000 0.168151 0.985761
1760658252.584657 176.099572 -143.887225 0.000000 0.000000 0.000000 0.170528 0.985353
1760658252.784663 176.467595 -143.765248 0.000000 0.000000 0.000000 0.175492 0.984481
1760658252.984746 176.468266 -143.764997 0.000000 0.000000 0.000000 0.177854 0.984057
1760658253.185087 176.844665 -143.639720 0.000000 0.000000 0.000000 0.185495 0.982645
1760658253.417995 177.205606 -143.518048 0.000000 0.000000 0.000000 0.195323 0.980739
1760658253.618022 177.206393 -143.517734 0.000000 0.000000 0.000000 0.198947 0.980010
1760658253.851328 177.580044 -143.389060 0.000000 0.000000 0.000000 0.210012 0.977699
1760658254.051399 177.943320 -143.264878 0.000000 0.000000 0.000000 0.221250 0.975217
1760658254.284668 177.944192 -143.264503 0.000000 0.000000 0.000000 0.227203 0.973848
1760658254.484707 178.320166 -143.133556 0.000000 0.000000 0.000000 0.240058 0.970759
1760658254.718024 178.680511 -143.004882 0.000000 0.000000 0.000000 0.256863 0.966448
1760658254.952820 178.681497 -143.004412 0.000000 0.000000 0.000000 0.265069 0.964230
1760658255.184665 179.058646 -142.866802 0.000000 0.000000 0.000000 0.284150 0.958780
1760658255.384675 179.422472 -142.729675 0.000000 0.000000 0.000000 0.302364 0.953193
1760658255.651325 179.771626 -142.591421 0.000000 0.000000 0.000000 0.325822 0.945431
1760658255.851339 179.772564 -142.590879 0.000000 0.000000 0.000000 0.336153 0.941807
1760658256.051344 180.141308 -142.444799 0.000000 0.000000 0.000000 0.354782 0.934949
1760658256.284658 180.499931 -142.319538 0.000000 0.000000 0.000000 0.376104 0.926578
1760658256.484660 180.500711 -142.319066 0.000000 0.000000 0.000000 0.388072 0.921629
1760658256.684823 180.871275 -142.181228 0.000000 0.000000 0.000000 0.404877 0.914371
1760658256.917992 181.227039 -142.044186 0.000000 0.000000 0.000000 0.425960 0.904742
1760658257.118001 181.227789 -142.043714 0.000000 0.000000 0.000000 0.438921 0.898525
1760658257.318016 181.593881 -141.892024 0.000000 0.000000 0.000000 0.454329 0.890834
1760658257.551372 181.941382 -141.736319 0.000000 0.000000 0.000000 0.474430 0.880293
1760658257.784667 181.942265 -141.735714 0.000000 0.000000 0.000000 0.490077 0.871679
1760658258.018000 182.300302 -141.560136 0.000000 0.000000 0.000000 0.505148 0.863033
1760658258.218040 182.644401 -141.383048 0.000000 0.000000 0.000000 0.520466 0.853883
1760658258.451354 182.645178 -141.382469 0.000000 0.000000 0.000000 0.535870 0.844301
1760658258.651379 182.994810 -141.188931 0.000000 0.000000 0.000000 0.547317 0.836926
1760658258.884702 182.995480 -141.188400 0.000000 0.000000 0.000000 0.562205 0.826998
1760658259.120525 183.338653 -140.972793 0.000000 0.000000 0.000000 0.572882 0.819638
1760658259.351340 183.655280 -140.750382 0.000000 0.000000 0.000000 0.587179 0.809457
1760658259.618012 183.954317 -140.524407 0.000000 0.000000 0.000000 0.605730 0.795670
1760658259.818013 183.955057 -140.523673 0.000000 0.000000 0.000000 0.617754 0.786371
1760658260.052614 184.252315 -140.272669 0.000000 0.000000 0.000000 0.629208 0.777237
1760658260.284664 184.525702 -140.016458 0.000000 0.000000 0.000000 0.643484 0.765460
1760658260.517998 184.526397 -140.015625 0.000000 0.000000 0.000000 0.656771 0.754091
1760658260.718018 184.803665 -139.739759 0.000000 0.000000 0.000000 0.664075 0.747666
1760658260.984699 185.050680 -139.463047 0.000000 0.000000 0.000000 0.678383 0.734709
1760658261.184703 185.051231 -139.462264 0.000000 0.000000 0.000000 0.688902 0.724855
1760658261.417990 185.289322 -139.161428 0.000000 0.000000 0.000000 0.695906 0.718132
1760658261.651342 185.500355 -138.859675 0.000000 0.000000 0.000000 0.704267 0.709935
1760658261.890568 185.500887 -138.858758 0.000000 0.000000 0.000000 0.715371 0.698745
1760658262.118009 185.698381 -138.533680 0.000000 0.000000 0.000000 0.717041 0.697031
1760658262.351354 185.871637 -138.211792 0.000000 0.000000 0.000000 0.720145 0.693824
1760658262.551355 185.871998 -138.211042 0.000000 0.000000 0.000000 0.727598 0.686004
1760658262.784662 186.033661 -137.871473 0.000000 0.000000 0.000000 0.725201 0.688537
1760658262.984698 186.172192 -137.536239 0.000000 0.000000 0.000000 0.723713 0.690101
1760658263.186926 186.172481 -137.535540 0.000000 0.000000 0.000000 0.729140 0.684364
1760658263.419518 186.265340 -137.216957 0.000000 0.000000 0.000000 0.729865 0.683591
1760658263.651336 186.265604 -137.216161 0.000000 0.000000 0.000000 0.735330 0.677710
1760658263.851337 186.350754 -136.877195 0.000000 0.000000 0.000000 0.732090 0.681208
1760658264.084653 186.419254 -136.546871 0.000000 0.000000 0.000000 0.731718 0.681607
1760658264.284687 186.419422 -136.546170 0.000000 0.000000 0.000000 0.735034 0.678031
1760658264.518021 186.490745 -136.199910 0.000000 0.000000 0.000000 0.732423 0.680850
1760658264.751355 186.546422 -135.859445 0.000000 0.000000 0.000000 0.731712 0.681614
1760658264.952818 186.546563 -135.858704 0.000000 0.000000 0.000000 0.733931 0.679224
1760658265.184679 186.595864 -135.501710 0.000000 0.000000 0.000000 0.732253 0.681033
1760658265.421505 186.636106 -135.151603 0.000000 0.000000 0.000000 0.731887 0.681427
1760658265.651345 186.636235 -135.150669 0.000000 0.000000 0.000000 0.733578 0.679605
1760658265.853003 186.672881 -134.781284 0.000000 0.000000 0.000000 0.732000 0.681305
1760658266.084689 186.704041 -134.423934 0.000000 0.000000 0.000000 0.731547 0.681791
1760658266.284695 186.704124 -134.423141 0.000000 0.000000 0.000000 0.732486 0.680782
1760658266.518011 186.725792 -134.051030 0.000000 0.000000 0.000000 0.731871 0.681443
1760658266.751310 186.742733 -133.687356 0.000000 0.000000 0.000000 0.731450 0.681895
1760658266.951384 186.742787 -133.686545 0.000000 0.000000 0.000000 0.732057 0.681244
1760658267.184753 186.762800 -133.308274 0.000000 0.000000 0.000000 0.730317 0.683108
1760658267.417992 186.771475 -132.940057 0.000000 0.000000 0.000000 0.728939 0.684578
1760658267.618017 186.771517 -132.939229 0.000000 0.000000 0.000000 0.729083 0.684425
1760658267.851328 186.796842 -132.559695 0.000000 0.000000 0.000000 0.724712 0.689052
1760658268.051335 186.813217 -132.189930 0.000000 0.000000 0.000000 0.720588 0.693364
1760658268.284661 186.813287 -132.189002 0.000000 0.000000 0.000000 0.719683 0.694303
1760658268.485596 186.822738 -131.804764 0.000000 0.000000 0.000000 0.715693 0.698415
1760658268.751331 186.831089 -131.433958 0.000000 0.000000 0.000000 0.711867 0.702314
1760658268.951346 186.831154 -131.433016 0.000000 0.000000 0.000000 0.710471 0.703726
1760658269.152108 186.838112 -131.043420 0.000000 0.000000 0.000000 0.707514 0.706699
1760658269.418033 186.844894 -130.668031 0.000000 0.000000 0.000000 0.704158 0.710044
1760658269.618134 186.844952 -130.667100 0.000000 0.000000 0.000000 0.702435 0.711748
1760658269.851336 186.851388 -130.273181 0.000000 0.000000 0.000000 0.700558 0.713595
1760658270.084679 186.857018 -129.890678 0.000000 0.000000 0.000000 0.700059 0.714085
1760658270.317995 186.857066 -129.889638 0.000000 0.000000 0.000000 0.698244 0.715860
1760658270.521541 186.862259 -129.489901 0.000000 0.000000 0.000000 0.700111 0.714034
1760658270.751971 186.867360 -129.106287 0.000000 0.000000 0.000000 0.701785 0.712389
1760658270.984666 186.867385 -129.105235 0.000000 0.000000 0.000000 0.700799 0.713359
1760658271.184715 186.873855 -128.704859 0.000000 0.000000 0.000000 0.704399 0.709804
1760658271.418060 186.878583 -128.320954 0.000000 0.000000 0.000000 0.707142 0.707072
1760658271.651336 186.878587 -128.319887 0.000000 0.000000 0.000000 0.707126 0.707087
1760658271.851337 186.883688 -127.918459 0.000000 0.000000 0.000000 0.710396 0.703802
1760658272.051361 186.883686 -127.917790 0.000000 0.000000 0.000000 0.710744 0.703451
1760658272.284669 186.885473 -127.510617 0.000000 0.000000 0.000000 0.713958 0.700188
1760658272.518004 186.888667 -127.118432 0.000000 0.000000 0.000000 0.716224 0.697870
1760658272.751344 186.892777 -126.737130 0.000000 0.000000 0.000000 0.717699 0.696353
1760658272.984623 186.892762 -126.735984 0.000000 0.000000 0.000000 0.718704 0.695316
1760658273.184661 186.892497 -126.336275 0.000000 0.000000 0.000000 0.719093 0.694914
1760658273.418008 186.888993 -125.952391 0.000000 0.000000 0.000000 0.719379 0.694618
1760658273.618515 186.888978 -125.951479 0.000000 0.000000 0.000000 0.720115 0.693855
1760658273.851507 186.890658 -125.553352 0.000000 0.000000 0.000000 0.719182 0.694821
1760658274.090528 186.890884 -125.166626 0.000000 0.000000 0.000000 0.718399 0.695631
1760658274.318032 186.890880 -125.165556 0.000000 0.000000 0.000000 0.718835 0.695181
1760658274.551334 186.889041 -124.761108 0.000000 0.000000 0.000000 0.717665 0.696389
1760658274.785151 186.886481 -124.369642 0.000000 0.000000 0.000000 0.716325 0.697767
1760658275.017998 186.884112 -123.987978 0.000000 0.000000 0.000000 0.715324 0.698793
1760658275.219506 186.884114 -123.986977 0.000000 0.000000 0.000000 0.715245 0.698874
1760658275.451356 186.882628 -123.589371 0.000000 0.000000 0.000000 0.713919 0.700229
1760658275.684731 186.899023 -123.206559 0.000000 0.000000 0.000000 0.712083 0.702095
1760658275.918043 186.899054 -123.205413 0.000000 0.000000 0.000000 0.711628 0.702556
1760658276.151705 186.912108 -122.803844 0.000000 0.000000 0.000000 0.710441 0.703757
1760658276.384700 186.918966 -122.414508 0.000000 0.000000 0.000000 0.710387 0.703811
1760658276.618060 186.921768 -122.034546 0.000000 0.000000 0.000000 0.710993 0.703199
1760658276.851301 186.921795 -122.033310 0.000000 0.000000 0.000000 0.710649 0.703546
1760658277.051330 186.894430 -121.644979 0.000000 0.000000 0.000000 0.714977 0.699148
1760658277.284647 186.870418 -121.269809 0.000000 0.000000 0.000000 0.718272 0.695763
1760658277.484670 186.870366 -121.268879 0.000000 0.000000 0.000000 0.718822 0.695194
1760658277.718007 186.860650 -120.879560 0.000000 0.000000 0.000000 0.720786 0.693158
1760658277.951316 186.844981 -120.500455 0.000000 0.000000 0.000000 0.722544 0.691325
1760658278.184654 186.832949 -120.128633 0.000000 0.000000 0.000000 0.724028 0.689770
1760658278.384670 186.832895 -120.127650 0.000000 0.000000 0.000000 0.724881 0.688874
1760658278.618002 186.820941 -119.738099 0.000000 0.000000 0.000000 0.726132 0.687556
1760658278.851322 186.813863 -119.357362 0.000000 0.000000 0.000000 0.727715 0.685880
1760658279.051362 186.813819 -119.356433 0.000000 0.000000 0.000000 0.728653 0.684883
1760658279.251383 186.808878 -118.959847 0.000000 0.000000 0.000000 0.729402 0.684085
1760658279.484679 186.804766 -118.577448 0.000000 0.000000 0.000000 0.730203 0.683231
1760658279.751324 186.796906 -118.202017 0.000000 0.000000 0.000000 0.731205 0.682158
1760658279.951379 186.796867 -118.200924 0.000000 0.000000 0.000000 0.732070 0.681229
1760658280.184663 186.788512 -117.803314 0.000000 0.000000 0.000000 0.732274 0.681010
1760658280.418043 186.776744 -117.415757 0.000000 0.000000 0.000000 0.732378 0.680898
1760658280.651342 186.776704 -117.414615 0.000000 0.000000 0.000000 0.733180 0.680035
1760658280.884677 186.762160 -117.007963 0.000000 0.000000 0.000000 0.732929 0.680305
1760658281.084698 186.747086 -116.613867 0.000000 0.000000 0.000000 0.732357 0.680921
1760658281.317996 186.747047 -116.612844 0.000000 0.000000 0.000000 0.732878 0.680361
1760658281.518000 186.729153 -116.205515 0.000000 0.000000 0.000000 0.732318 0.680963
1760658281.718021 186.712935 -115.814967 0.000000 0.000000 0.000000 0.731763 0.681559
1760658281.951326 186.712894 -115.813935 0.000000 0.000000 0.000000 0.732040 0.681262
1760658282.184665 186.695272 -115.408974 0.000000 0.000000 0.000000 0.731058 0.682315
1760658282.418005 186.680176 -115.016087 0.000000 0.000000 0.000000 0.730356 0.683067
1760658282.651313 186.662412 -114.632653 0.000000 0.000000 0.000000 0.729842 0.683616
1760658282.851323 186.662373 -114.631636 0.000000 0.000000 0.000000 0.729793 0.683668
1760658283.051333 186.660873 -114.234301 0.000000 0.000000 0.000000 0.726399 0.687273
1760658283.285520 186.657750 -113.850701 0.000000 0.000000 0.000000 0.724074 0.689722
1760658283.489521 186.657749 -113.849721 0.000000 0.000000 0.000000 0.723430 0.690397
1760658283.718020 186.655602 -113.449092 0.000000 0.000000 0.000000 0.721898 0.692000
1760658283.918847 186.651207 -113.059802 0.000000 0.000000 0.000000 0.721023 0.692911
1760658284.184651 186.642938 -112.682362 0.000000 0.000000 0.000000 0.719896 0.694082
1760658284.384682 186.642940 -112.681250 0.000000 0.000000 0.000000 0.719139 0.694866
1760658284.618022 186.632957 -112.281369 0.000000 0.000000 0.000000 0.718140 0.695899
1760658284.851355 186.621420 -111.891252 0.000000 0.000000 0.000000 0.716594 0.697490
1760658285.118028 186.610053 -111.508743 0.000000 0.000000 0.000000 0.714350 0.699789
1760658285.351328 186.610045 -111.507354 0.000000 0.000000 0.000000 0.713216 0.700944
1760658285.551334 186.595287 -111.099336 0.000000 0.000000 0.000000 0.711300 0.702888
1760658285.784649 186.580660 -110.706849 0.000000 0.000000 0.000000 0.709004 0.705204
1760658285.984663 186.580651 -110.705888 0.000000 0.000000 0.000000 0.707804 0.706409
1760658286.184673 186.574190 -110.298934 0.000000 0.000000 0.000000 0.705477 0.708733
1760658286.418000 186.564487 -109.907818 0.000000 0.000000 0.000000 0.703524 0.710671
1760658286.618015 186.564489 -109.906890 0.000000 0.000000 0.000000 0.702144 0.712035
1760658286.818023 186.558587 -109.500561 0.000000 0.000000 0.000000 0.701190 0.712975
1760658287.084646 186.551840 -109.109728 0.000000 0.000000 0.000000 0.700089 0.714056
1760658287.284662 186.551844 -109.108730 0.000000 0.000000 0.000000 0.698824 0.715294
1760658287.484664 186.547994 -108.698749 0.000000 0.000000 0.000000 0.700195 0.713952
1760658287.718012 186.540649 -108.305521 0.000000 0.000000 0.000000 0.701456 0.712712
1760658287.918018 186.540642 -108.304628 0.000000 0.000000 0.000000 0.700748 0.713409
1760658288.151335 186.532830 -107.896782 0.000000 0.000000 0.000000 0.703014 0.711176
1760658288.384666 186.526226 -107.501179 0.000000 0.000000 0.000000 0.704864 0.709343
1760658288.585753 186.526206 -107.500277 0.000000 0.000000 0.000000 0.704743 0.709463
1760658288.818521 186.521189 -107.090721 0.000000 0.000000 0.000000 0.706530 0.707683
1760658289.051334 186.519183 -106.694168 0.000000 0.000000 0.000000 0.707657 0.706556
1760658289.251347 186.519164 -106.693263 0.000000 0.000000 0.000000 0.707858 0.706354
1760658289.484658 186.514577 -106.283501 0.000000 0.000000 0.000000 0.709172 0.705036
1760658289.688512 186.475243 -105.907160 0.000000 0.000000 0.000000 0.714958 0.699167
1760658289.951333 186.436343 -105.541628 0.000000 0.000000 0.000000 0.719652 0.694335
1760658290.151334 186.436231 -105.540562 0.000000 0.000000 0.000000 0.720938 0.692999
1760658290.351356 186.398161 -105.153541 0.000000 0.000000 0.000000 0.724002 0.689797
1760658290.551357 186.398075 -105.152830 0.000000 0.000000 0.000000 0.725479 0.688244
1760658290.752398 186.359734 -104.756110 0.000000 0.000000 0.000000 0.727204 0.686422
1760658290.984654 186.325335 -104.374851 0.000000 0.000000 0.000000 0.728830 0.684695
1760658291.184666 186.325233 -104.374012 0.000000 0.000000 0.000000 0.730309 0.683117
1760658291.418009 186.294660 -103.978021 0.000000 0.000000 0.000000 0.730343 0.683081
1760658291.618069 186.266650 -103.593182 0.000000 0.000000 0.000000 0.730319 0.683107
1760658291.851348 186.266556 -103.592234 0.000000 0.000000 0.000000 0.731656 0.681674
1760658292.084660 186.234952 -103.193325 0.000000 0.000000 0.000000 0.731365 0.681986
1760658292.286501 186.209494 -102.806307 0.000000 0.000000 0.000000 0.731020 0.682356
1760658292.518059 186.209411 -102.805328 0.000000 0.000000 0.000000 0.731973 0.681334
1760658292.751338 186.185321 -102.404323 0.000000 0.000000 0.000000 0.731716 0.681610
1760658292.951340 186.162379 -102.015515 0.000000 0.000000 0.000000 0.731605 0.681729
1760658293.151714 186.162321 -102.014699 0.000000 0.000000 0.000000 0.732209 0.681080
1760658293.384659 186.138798 -101.616232 0.000000 0.000000 0.000000 0.732128 0.681168
1760658293.584663 186.138744 -101.615439 0.000000 0.000000 0.000000 0.732645 0.680611
1760658293.784683 186.110954 -101.206205 0.000000 0.000000 0.000000 0.732080 0.681219
1760658294.018021 186.083650 -100.815607 0.000000 0.000000 0.000000 0.731907 0.681405
1760658294.218061 186.083592 -100.814765 0.000000 0.000000 0.000000 0.732238 0.681049
1760658294.418067 186.053009 -100.411771 0.000000 0.000000 0.000000 0.731734 0.681591
1760658294.651337 186.052951 -100.410960 0.000000 0.000000 0.000000 0.732013 0.681291
1760658294.851337 186.023159 -99.998240 0.000000 0.000000 0.000000 0.730979 0.682400
1760658295.084717 185.995597 -99.605416 0.000000 0.000000 0.000000 0.730271 0.683158
1760658295.318008 185.995528 -99.604405 0.000000 0.000000 0.000000 0.730286 0.683142
1760658295.518039 185.967105 -99.196152 0.000000 0.000000 0.000000 0.729196 0.684305
1760658295.751325 185.938702 -98.806428 0.000000 0.000000 0.000000 0.728525 0.685019
1760658295.951428 185.938646 -98.805575 0.000000 0.000000 0.000000 0.728358 0.685196
1760658296.184663 185.908131 -98.403554 0.000000 0.000000 0.000000 0.727595 0.686006
1760658296.385112 185.879306 -98.014498 0.000000 0.000000 0.000000 0.726698 0.686957
1760658296.651320 185.851747 -97.638698 0.000000 0.000000 0.000000 0.725845 0.687858
1760658296.851334 185.851678 -97.637636 0.000000 0.000000 0.000000 0.725492 0.688231
1760658297.084661 185.826579 -97.241033 0.000000 0.000000 0.000000 0.724427 0.689352
1760658297.284666 185.805651 -96.854858 0.000000 0.000000 0.000000 0.723362 0.690469
1760658297.484731 185.805609 -96.854039 0.000000 0.000000 0.000000 0.722863 0.690992
1760658297.717993 185.784406 -96.456884 0.000000 0.000000 0.000000 0.721790 0.692112
1760658297.918012 185.762009 -96.070535 0.000000 0.000000 0.000000 0.720908 0.693031
1760658298.151328 185.761963 -96.069524 0.000000 0.000000 0.000000 0.720217 0.693748
1760658298.384671 185.738624 -95.668210 0.000000 0.000000 0.000000 0.719447 0.694547
1760658298.618006 185.721044 -95.278393 0.000000 0.000000 0.000000 0.718541 0.695485
1760658298.884650 185.709825 -94.897329 0.000000 0.000000 0.000000 0.717445 0.696615
1760658299.084664 185.709790 -94.896211 0.000000 0.000000 0.000000 0.716791 0.697288
1760658299.318001 185.697563 -94.494499 0.000000 0.000000 0.000000 0.716339 0.697752
1760658299.552515 185.685818 -94.103665 0.000000 0.000000 0.000000 0.715934 0.698168
1760658299.753873 185.685795 -94.102706 0.000000 0.000000 0.000000 0.715345 0.698772
1760658299.984661 185.669312 -93.697661 0.000000 0.000000 0.000000 0.715630 0.698480
1760658300.186508 185.655696 -93.305196 0.000000 0.000000 0.000000 0.715646 0.698463
1760658300.418044 185.655666 -93.304175 0.000000 0.000000 0.000000 0.715155 0.698966
1760658300.619161 185.643924 -92.898010 0.000000 0.000000 0.000000 0.715358 0.698758
1760658300.851371 185.632737 -92.508202 0.000000 0.000000 0.000000 0.715299 0.698819
1760658301.084663 185.632706 -92.507072 0.000000 0.000000 0.000000 0.714930 0.699196
1760658301.284666 185.621532 -92.099036 0.000000 0.000000 0.000000 0.715212 0.698907
1760658301.484675 185.609133 -91.707962 0.000000 0.000000 0.000000 0.715313 0.698804
1760658301.717994 185.609104 -91.706958 0.000000 0.000000 0.000000 0.715067 0.699056
1760658301.918010 185.593319 -91.301854 0.000000 0.000000 0.000000 0.715588 0.698523
1760658302.151313 185.578148 -90.912826 0.000000 0.000000 0.000000 0.715952 0.698150
1760658302.352500 185.578114 -90.911912 0.000000 0.000000 0.000000 0.715878 0.698225
1760658302.584658 185.565085 -90.507942 0.000000 0.000000 0.000000 0.716254 0.697840
1760658302.784676 185.552343 -90.115980 0.000000 0.000000 0.000000 0.717098 0.696972
1760658303.018001 185.552306 -90.114988 0.000000 0.000000 0.000000 0.717185 0.696883
1760658303.251327 185.541352 -89.708782 0.000000 0.000000 0.000000 0.718061 0.695981
1760658303.484666 185.534165 -89.315141 0.000000 0.000000 0.000000 0.718628 0.695395
1760658303.718021 185.527903 -88.931133 0.000000 0.000000 0.000000 0.719412 0.694584
1760658303.951343 185.527867 -88.929890 0.000000 0.000000 0.000000 0.719718 0.694266
1760658304.184661 185.519387 -88.525531 0.000000 0.000000 0.000000 0.720533 0.693421
1760658304.384742 185.511944 -88.132919 0.000000 0.000000 0.000000 0.721514 0.692400
1760658304.651315 185.501692 -87.753105 0.000000 0.000000 0.000000 0.722730 0.691130
1760658304.851322 185.501653 -87.751946 0.000000 0.000000 0.000000 0.723198 0.690641
1760658305.051327 185.490122 -87.350855 0.000000 0.000000 0.000000 0.723981 0.689820
1760658305.284656 185.477750 -86.963922 0.000000 0.000000 0.000000 0.724861 0.688895
1760658305.484664 185.477712 -86.962967 0.000000 0.000000 0.000000 0.725395 0.688333
1760658305.684673 185.463303 -86.559933 0.000000 0.000000 0.000000 0.726063 0.687628
1760658305.884679 185.448870 -86.171722 0.000000 0.000000 0.000000 0.726802 0.686847
1760658306.151329 185.436348 -85.834930 0.000000 0.000000 0.000000 0.727477 0.686132
1760658306.384661 185.436288 -85.833631 0.000000 0.000000 0.000000 0.728129 0.685440
1760658306.617995 185.421906 -85.468533 0.000000 0.000000 0.000000 0.728203 0.685361
1760658306.817995 185.419239 -85.109890 0.000000 0.000000 0.000000 0.728067 0.685506
1760658307.084661 185.423463 -84.759198 0.000000 0.000000 0.000000 0.727911 0.685671
1760658307.318017 185.423442 -84.757913 0.000000 0.000000 0.000000 0.728316 0.685241
1760658307.553621 185.421779 -84.379645 0.000000 0.000000 0.000000 0.728234 0.685329
1760658307.784657 185.416627 -84.008556 0.000000 0.000000 0.000000 0.728398 0.685155
1760658308.017996 185.407395 -83.643785 0.000000 0.000000 0.000000 0.728938 0.684580
1760658308.251332 185.401011 -83.282553 0.000000 0.000000 0.000000 0.729030 0.684482
1760658308.484659 185.400983 -83.281252 0.000000 0.000000 0.000000 0.729345 0.684146
1760658308.684671 185.391098 -82.895935 0.000000 0.000000 0.000000 0.729152 0.684351
1760658308.917995 185.378678 -82.521902 0.000000 0.000000 0.000000 0.729056 0.684455
1760658309.151309 185.369580 -82.152707 0.000000 0.000000 0.000000 0.728678 0.684857
1760658309.351329 185.369553 -82.151667 0.000000 0.000000 0.000000 0.728790 0.684737
1760658309.584654 185.359410 -81.762507 0.000000 0.000000 0.000000 0.728126 0.685443
1760658309.784661 185.347491 -81.380975 0.000000 0.000000 0.000000 0.727712 0.685883
1760658310.018002 185.336381 -81.009151 0.000000 0.000000 0.000000 0.727281 0.686340
1760658310.219513 185.336354 -81.008087 0.000000 0.000000 0.000000 0.727209 0.686416
1760658310.451319 185.321740 -80.615735 0.000000 0.000000 0.000000 0.726838 0.686809
1760658310.651920 185.305378 -80.231191 0.000000 0.000000 0.000000 0.726720 0.686934
1760658310.917994 185.287872 -79.856334 0.000000 0.000000 0.000000 0.726420 0.687251
1760658311.118016 185.287829 -79.855172 0.000000 0.000000 0.000000 0.726296 0.687382
1760658311.318953 185.271414 -79.455890 0.000000 0.000000 0.000000 0.726082 0.687608
1760658311.551329 185.256717 -79.068990 0.000000 0.000000 0.000000 0.725638 0.688077
1760658311.784656 185.246082 -78.688107 0.000000 0.000000 0.000000 0.724953 0.688798
1760658311.984658 185.246051 -78.687060 0.000000 0.000000 0.000000 0.724731 0.689032
1760658312.189782 185.236080 -78.286353 0.000000 0.000000 0.000000 0.724221 0.689568
1760658312.418204 185.225520 -77.897610 0.000000 0.000000 0.000000 0.723744 0.690068
1760658312.619413 185.225498 -77.896638 0.000000 0.000000 0.000000 0.723467 0.690359
1760658312.851321 185.215818 -77.490337 0.000000 0.000000 0.000000 0.723009 0.690839
1760658313.051339 185.205444 -77.094451 0.000000 0.000000 0.000000 0.722511 0.691359
1760658313.284667 185.194435 -76.710522 0.000000 0.000000 0.000000 0.722239 0.691643
1760658313.551312 185.181933 -76.330971 0.000000 0.000000 0.000000 0.722035 0.691856
1760658313.751319 185.181903 -76.329747 0.000000 0.000000 0.000000 0.721754 0.692150
1760658313.951331 185.169383 -75.925258 0.000000 0.000000 0.000000 0.721602 0.692308
1760658314.184653 185.171826 -75.612464 0.000000 0.000000 0.000000 0.721181 0.692747
1760658314.384662 185.171815 -75.611538 0.000000 0.000000 0.000000 0.720902 0.693037
1760658314.617994 185.171392 -75.276034 0.000000 0.000000 0.000000 0.720709 0.693237
1760658314.818008 185.168966 -74.941649 0.000000 0.000000 0.000000 0.720615 0.693336
1760658315.051318 185.167262 -74.611075 0.000000 0.000000 0.000000 0.720185 0.693782
1760658315.251325 185.167259 -74.610163 0.000000 0.000000 0.000000 0.719925 0.694052
1760658315.485519 185.162186 -74.257081 0.000000 0.000000 0.000000 0.719463 0.694530
1760658315.685543 185.156360 -73.906725 0.000000 0.000000 0.000000 0.719347 0.694651
1760658315.918005 185.151189 -73.561951 0.000000 0.000000 0.000000 0.719272 0.694729
1760658316.151321 185.151177 -73.560788 0.000000 0.000000 0.000000 0.718998 0.695012
1760658316.351326 185.142318 -73.190633 0.000000 0.000000 0.000000 0.719273 0.694728
1760658316.551326 185.127588 -72.829939 0.000000 0.000000 0.000000 0.719801 0.694180
1760658316.751331 185.127567 -72.829134 0.000000 0.000000 0.000000 0.719704 0.694281
1760658316.984655 185.103978 -72.454324 0.000000 0.000000 0.000000 0.720754 0.693191
1760658317.184657 185.107593 -72.160434 0.000000 0.000000 0.000000 0.721980 0.691914
1760658317.418004 185.097503 -71.869454 0.000000 0.000000 0.000000 0.723555 0.690267
1760658317.618015 185.097472 -71.868595 0.000000 0.000000 0.000000 0.723874 0.689932
1760658317.818219 185.084988 -71.552599 0.000000 0.000000 0.000000 0.725131 0.688611
1760658318.051324 185.072048 -71.237776 0.000000 0.000000 0.000000 0.726307 0.687370
1760658318.252663 185.072010 -71.236985 0.000000 0.000000 0.000000 0.726811 0.686838
1760658318.484672 185.095686 -70.926132 0.000000 0.000000 0.000000 0.725624 0.688091
1760658318.685704 185.119577 -70.613522 0.000000 0.000000 0.000000 0.724583 0.689188
1760658318.917991 185.139075 -70.301696 0.000000 0.000000 0.000000 0.724235 0.689554
1760658319.117997 185.139115 -70.300868 0.000000 0.000000 0.000000 0.724334 0.689449
1760658319.351332 185.154701 -69.965375 0.000000 0.000000 0.000000 0.724579 0.689192
1760658319.584659 185.166866 -69.630417 0.000000 0.000000 0.000000 0.725094 0.688650
1760658319.784661 185.177216 -69.295515 0.000000 0.000000 0.000000 0.725542 0.688178
1760658319.984723 185.177244 -69.294706 0.000000 0.000000 0.000000 0.725733 0.687976
1760658320.187119 185.183437 -68.941271 0.000000 0.000000 0.000000 0.726503 0.687164
1760658320.417998 185.179748 -68.594953 0.000000 0.000000 0.000000 0.727577 0.686026
1760658320.651310 185.150306 -68.259466 0.000000 0.000000 0.000000 0.730861 0.682526
1760658320.851322 185.150268 -68.258524 0.000000 0.000000 0.000000 0.731526 0.681813
1760658321.051323 185.117193 -67.900301 0.000000 0.000000 0.000000 0.734377 0.678742
1760658321.284660 185.081333 -67.549266 0.000000 0.000000 0.000000 0.736990 0.675903
1760658321.518003 185.036418 -67.201523 0.000000 0.000000 0.000000 0.739506 0.673150
1760658321.751329 185.036275 -67.200351 0.000000 0.000000 0.000000 0.740919 0.671594
1760658321.985028 185.006140 -66.828313 0.000000 0.000000 0.000000 0.742038 0.670358
1760658322.187536 184.974797 -66.461786 0.000000 0.000000 0.000000 0.743044 0.669242
1760658322.418019 184.943553 -66.102920 0.000000 0.000000 0.000000 0.744048 0.668126
1760658322.651319 184.943420 -66.101702 0.000000 0.000000 0.000000 0.745345 0.666679
1760658322.851338 184.910004 -65.718391 0.000000 0.000000 0.000000 0.745518 0.666486
1760658323.054496 184.863400 -65.349740 0.000000 0.000000 0.000000 0.746714 0.665145
1760658323.317996 184.815270 -64.989224 0.000000 0.000000 0.000000 0.748293 0.663368
1760658323.518132 184.815123 -64.988123 0.000000 0.000000 0.000000 0.749337 0.662188
1760658323.751320 184.745457 -64.610394 0.000000 0.000000 0.000000 0.751189 0.660087
1760658323.951321 184.674019 -64.241787 0.000000 0.000000 0.000000 0.752507 0.658585
1760658324.184654 184.601982 -63.882377 0.000000 0.000000 0.000000 0.753892 0.656998
1760658324.384668 184.601781 -63.881375 0.000000 0.000000 0.000000 0.755023 0.655698
1760658324.585760 184.517631 -63.503961 0.000000 0.000000 0.000000 0.755731 0.654882
1760658324.817999 184.439105 -63.136149 0.000000 0.000000 0.000000 0.755968 0.654609
1760658325.084659 184.349429 -62.777205 0.000000 0.000000 0.000000 0.756938 0.653487
1760658325.284669 184.349168 -62.776111 0.000000 0.000000 0.000000 0.757862 0.652415
1760658325.518314 184.229579 -62.410057 0.000000 0.000000 0.000000 0.759423 0.650597
1760658325.751325 184.111139 -62.057275 0.000000 0.000000 0.000000 0.761022 0.648726
1760658325.984655 184.001599 -61.707301 0.000000 0.000000 0.000000 0.761708 0.647920
1760658326.217992 183.888919 -61.361573 0.000000 0.000000 0.000000 0.762541 0.646940
1760658326.451325 183.888500 -61.360302 0.000000 0.000000 0.000000 0.763616 0.645670
1760658326.684664 183.799023 -60.992292 0.000000 0.000000 0.000000 0.760923 0.648842
1760658326.884674 183.708159 -60.631026 0.000000 0.000000 0.000000 0.758846 0.651270
1760658327.120498 183.661272 -60.292886 0.000000 0.000000 0.000000 0.755419 0.655243
1760658327.384651 183.607955 -59.955511 0.000000 0.000000 0.000000 0.752507 0.658585
1760658327.584667 183.607749 -59.954359 0.000000 0.000000 0.000000 0.752015 0.659146
1760658327.817995 183.549731 -59.590768 0.000000 0.000000 0.000000 0.749293 0.662239
1760658328.018004 183.496808 -59.230820 0.000000 0.000000 0.000000 0.746423 0.665472
1760658328.251315 183.441383 -58.878515 0.000000 0.000000 0.000000 0.744304 0.667841
1760658328.451325 183.441246 -58.877493 0.000000 0.000000 0.000000 0.743213 0.669054
1760658328.651330 183.384364 -58.503707 0.000000 0.000000 0.000000 0.741352 0.671116
1760658328.851330 183.327944 -58.139347 0.000000 0.000000 0.000000 0.739607 0.673040
1760658329.051332 183.327836 -58.138505 0.000000 0.000000 0.000000 0.738357 0.674410
1760658329.285536 183.299877 -57.765580 0.000000 0.000000 0.000000 0.733664 0.679512
1760658329.517992 183.270790 -57.397892 0.000000 0.000000 0.000000 0.730238 0.683193
1760658329.718000 183.270732 -57.396997 0.000000 0.000000 0.000000 0.728439 0.685111
1760658329.951337 183.242002 -57.010642 0.000000 0.000000 0.000000 0.725977 0.687719
1760658330.184656 183.215332 -56.632381 0.000000 0.000000 0.000000 0.723791 0.690019
1760658330.417994 183.194281 -56.260243 0.000000 0.000000 0.000000 0.721487 0.692428
1760658330.652554 183.182031 -55.892507 0.000000 0.000000 0.000000 0.719070 0.694938
1760658330.917992 183.168062 -55.526909 0.000000 0.000000 0.000000 0.716704 0.697378
1760658331.117995 183.168042 -55.525662 0.000000 0.000000 0.000000 0.714810 0.699319
1760658331.317997 183.153922 -55.134540 0.000000 0.000000 0.000000 0.714660 0.699472
1760658331.521512 183.144560 -54.754421 0.000000 0.000000 0.000000 0.713898 0.700250
1760658331.751310 183.135248 -54.382536 0.000000 0.000000 0.000000 0.713145 0.701016
1760658331.951328 183.135238 -54.381465 0.000000 0.000000 0.000000 0.711677 0.702506
1760658332.184666 183.124193 -53.988421 0.000000 0.000000 0.000000 0.712911 0.701255
1760658332.417992 183.115043 -53.602133 0.000000 0.000000 0.000000 0.714196 0.699946
1760658332.617995 183.105196 -53.221465 0.000000 0.000000 0.000000 0.716139 0.697958
1760658332.884651 183.092659 -52.848515 0.000000 0.000000 0.000000 0.717954 0.696090
1760658333.084665 183.092616 -52.847249 0.000000 0.000000 0.000000 0.717715 0.696337
1760658333.317991 183.085360 -52.447922 0.000000 0.000000 0.000000 0.720118 0.693851
1760658333.551328 183.082432 -52.056823 0.000000 0.000000 0.000000 0.721701 0.692205
1760658333.784650 183.083494 -51.671983 0.000000 0.000000 0.000000 0.722877 0.690977
1760658333.984659 183.083469 -51.670884 0.000000 0.000000 0.000000 0.723210 0.690628
1760658334.184678 183.080406 -51.266700 0.000000 0.000000 0.000000 0.724074 0.689722
1760658334.417990 183.068515 -50.876631 0.000000 0.000000 0.000000 0.725415 0.688311
1760658334.651327 183.057750 -50.492385 0.000000 0.000000 0.000000 0.726219 0.687463
1760658334.917991 183.045190 -50.112066 0.000000 0.000000 0.000000 0.727410 0.686203
1760658335.120651 183.045139 -50.110777 0.000000 0.000000 0.000000 0.727988 0.685590
1760658335.351342 183.027917 -49.704949 0.000000 0.000000 0.000000 0.728629 0.684908
1760658335.584672 183.011665 -49.308111 0.000000 0.000000 0.000000 0.729268 0.684228
1760658335.817994 182.996911 -48.918445 0.000000 0.000000 0.000000 0.729643 0.683828
1760658336.017996 182.996859 -48.917332 0.000000 0.000000 0.000000 0.730175 0.683260
1760658336.217998 182.982678 -48.508879 0.000000 0.000000 0.000000 0.730208 0.683225
1760658336.418008 182.943739 -48.124054 0.000000 0.000000 0.000000 0.732684 0.680569
1760658336.651321 182.902742 -47.749232 0.000000 0.000000 0.000000 0.735058 0.678004
1760658336.851324 182.902638 -47.748148 0.000000 0.000000 0.000000 0.735927 0.677061
1760658337.084668 182.864592 -47.351965 0.000000 0.000000 0.000000 0.738173 0.674612
1760658337.317998 182.828250 -46.963199 0.000000 0.000000 0.000000 0.740386 0.672182
1760658337.551341 182.791182 -46.580834 0.000000 0.000000 0.000000 0.742282 0.670087
1760658337.818002 182.765149 -46.280825 0.000000 0.000000 0.000000 0.744123 0.668043
1760658338.018004 182.765014 -46.279669 0.000000 0.000000 0.000000 0.745326 0.666700
1760658338.251326 182.722697 -45.955678 0.000000 0.000000 0.000000 0.745879 0.666081
1760658338.451351 182.685461 -45.711553 0.000000 0.000000 0.000000 0.745995 0.665952
1760658338.684676 182.662800 -45.537202 0.000000 0.000000 0.000000 0.745903 0.666054
1760658338.918012 182.662674 -45.536309 0.000000 0.000000 0.000000 0.746896 0.664941
1760658339.151321 182.645983 -45.412357 0.000000 0.000000 0.000000 0.745799 0.666171
1760658339.352954 182.647691 -45.341436 0.000000 0.000000 0.000000 0.744600 0.667510
1760658339.584669 182.657566 -45.318270 0.000000 0.000000 0.000000 0.743556 0.668673
1760658339.817994 182.657547 -45.317925 0.000000 0.000000 0.000000 0.743844 0.668353
1760658340.018023 182.666990 -45.296210 0.000000 0.000000 0.000000 0.742608 0.669726
1760658340.251323 182.688669 -45.238296 0.000000 0.000000 0.000000 0.741722 0.670707
1760658340.451332 182.707191 -45.146965 0.000000 0.000000 0.000000 0.742015 0.670383
1760658340.684661 182.707230 -45.146740 0.000000 0.000000 0.000000 0.742026 0.670371
1760658340.917993 182.725286 -45.018455 0.000000 0.000000 0.000000 0.743305 0.668952
1760658341.118001 182.740239 -44.865169 0.000000 0.000000 0.000000 0.745666 0.666320
1760658341.318007 182.752359 -44.691795 0.000000 0.000000 0.000000 0.747994 0.663706
1760658341.518013 182.752389 -44.691441 0.000000 0.000000 0.000000 0.748614 0.663006
1760658341.751321 182.760878 -44.487902 0.000000 0.000000 0.000000 0.751742 0.659457
1760658341.985567 182.762388 -44.268748 0.000000 0.000000 0.000000 0.754766 0.655994
1760658342.251319 182.760677 -44.035289 0.000000 0.000000 0.000000 0.757873 0.652403
1760658342.451322 182.760671 -44.034660 0.000000 0.000000 0.000000 0.759151 0.650914
1760658342.651324 182.755063 -43.770246 0.000000 0.000000 0.000000 0.760937 0.648826
1760658342.852502 182.716395 -43.525419 0.000000 0.000000 0.000000 0.768103 0.640326
1760658343.121503 182.642833 -43.310472 0.000000 0.000000 0.000000 0.775757 0.631032
1760658343.384669 182.571978 -43.077835 0.000000 0.000000 0.000000 0.781152 0.624341
1760658343.651278 182.504114 -42.829572 0.000000 0.000000 0.000000 0.784861 0.619672
1760658343.851321 182.503867 -42.828771 0.000000 0.000000 0.000000 0.787543 0.616259
1760658344.051327 182.424782 -42.552019 0.000000 0.000000 0.000000 0.787619 0.616163
1760658344.284639 182.342848 -42.273364 0.000000 0.000000 0.000000 0.787602 0.616185
1760658344.484660 182.342624 -42.272662 0.000000 0.000000 0.000000 0.789662 0.613542
1760658344.684666 182.248463 -41.972749 0.000000 0.000000 0.000000 0.787417 0.616421
1760658344.921501 182.133029 -41.707443 0.000000 0.000000 0.000000 0.789289 0.614022
1760658345.151325 182.014146 -41.437288 0.000000 0.000000 0.000000 0.790119 0.612953
1760658345.384656 181.899291 -41.160256 0.000000 0.000000 0.000000 0.789826 0.613331
1760658345.585185 181.898960 -41.159460 0.000000 0.000000 0.000000 0.791060 0.611738
1760658345.818009 181.782125 -40.856501 0.000000 0.000000 0.000000 0.788811 0.614636
1760658346.051442 181.662807 -40.627952 0.000000 0.000000 0.000000 0.786712 0.617320
1760658346.252831 181.544989 -40.388465 0.000000 0.000000 0.000000 0.784644 0.619947
1760658346.484656 181.435631 -40.139713 0.000000 0.000000 0.000000 0.782642 0.622472
1760658346.684664 181.435295 -40.138939 0.000000 0.000000 0.000000 0.782574 0.622558
1760658346.884673 181.327885 -39.861794 0.000000 0.000000 0.000000 0.780695 0.624912
1760658347.118006 181.227002 -39.580591 0.000000 0.000000 0.000000 0.779645 0.626222
1760658347.351317 181.129458 -39.292636 0.000000 0.000000 0.000000 0.779188 0.626790
1760658347.551340 181.129173 -39.291843 0.000000 0.000000 0.000000 0.778824 0.627243
1760658347.784663 181.028467 -38.978231 0.000000 0.000000 0.000000 0.779325 0.626619
1760658347.984664 180.929261 -38.663262 0.000000 0.000000 0.000000 0.780437 0.625234
1760658348.217992 180.838381 -38.348863 0.000000 0.000000 0.000000 0.782356 0.622831
1760658348.452535 180.751490 -38.030566 0.000000 0.000000 0.000000 0.784997 0.619500
1760658348.717983 180.672322 -37.707432 0.000000 0.000000 0.000000 0.788269 0.615331
1760658348.917995 180.671991 -37.706344 0.000000 0.000000 0.000000 0.788987 0.614410
1760658349.151326 180.588756 -37.354495 0.000000 0.000000 0.000000 0.793540 0.608518
1760658349.351493 180.523379 -37.004707 0.000000 0.000000 0.000000 0.798339 0.602209
1760658349.584658 180.457899 -36.660342 0.000000 0.000000 0.000000 0.803880 0.594792
1760658349.851318 180.395807 -36.314803 0.000000 0.000000 0.000000 0.810197 0.586158
1760658350.051329 180.395495 -36.313657 0.000000 0.000000 0.000000 0.812523 0.582930
1760658350.251332 180.326545 -35.941297 0.000000 0.000000 0.000000 0.818733 0.574175
1760658350.451347 180.258667 -35.577898 0.000000 0.000000 0.000000 0.825065 0.565038
1760658350.684653 180.189401 -35.221741 0.000000 0.000000 0.000000 0.832975 0.553310
1760658350.884683 180.189103 -35.220737 0.000000 0.000000 0.000000 0.836479 0.547998
1760658351.117996 180.132251 -34.842244 0.000000 0.000000 0.000000 0.843459 0.537194
1760658351.317997 180.108221 -34.478472 0.000000 0.000000 0.000000 0.849436 0.527691
1760658351.518001 180.077573 -34.122349 0.000000 0.000000 0.000000 0.856514 0.516125
1760658351.718008 180.077363 -34.121452 0.000000 0.000000 0.000000 0.860705 0.509105
1760658351.957514 180.048755 -33.787483 0.000000 0.000000 0.000000 0.864762 0.502183
1760658352.184659 180.008325 -33.454793 0.000000 0.000000 0.000000 0.871270 0.490805
1760658352.385531 179.956635 -33.124950 0.000000 0.000000 0.000000 0.879256 0.476349
1760658352.651315 179.898916 -32.797942 0.000000 0.000000 0.000000 0.889415 0.457101
1760658352.851325 179.898590 -32.796858 0.000000 0.000000 0.000000 0.894129 0.447810
1760658353.084656 179.824732 -32.445157 0.000000 0.000000 0.000000 0.902891 0.429870
1760658353.317997 179.751987 -32.095432 0.000000 0.000000 0.000000 0.909199 0.416362
1760658353.518022 179.751677 -32.094571 0.000000 0.000000 0.000000 0.913925 0.405884
1760658353.751332 179.659944 -31.731077 0.000000 0.000000 0.000000 0.919805 0.392376
1760658353.951332 179.575772 -31.372347 0.000000 0.000000 0.000000 0.925880 0.377818
1760658354.151360 179.575475 -31.371601 0.000000 0.000000 0.000000 0.930386 0.366582
1760658354.354517 179.490207 -31.050964 0.000000 0.000000 0.000000 0.933036 0.359782
1760658354.584660 179.390680 -30.741664 0.000000 0.000000 0.000000 0.938521 0.345222
1760658354.818002 179.275792 -30.440438 0.000000 0.000000 0.000000 0.945027 0.326991
1760658355.051355 179.275309 -30.439469 0.000000 0.000000 0.000000 0.949667 0.313261
1760658355.284631 179.138708 -30.120896 0.000000 0.000000 0.000000 0.954957 0.296745
1760658355.484668 179.001153 -29.805626 0.000000 0.000000 0.000000 0.960070 0.279761
1760658355.718041 178.847347 -29.511245 0.000000 0.000000 0.000000 0.964428 0.264345
1760658355.951309 178.688966 -29.217966 0.000000 0.000000 0.000000 0.969330 0.245762
1760658356.151322 178.688395 -29.217166 0.000000 0.000000 0.000000 0.972621 0.232397
1760658356.351332 178.504629 -28.915987 0.000000 0.000000 0.000000 0.975802 0.218655
1760658356.584666 178.344886 -28.654264 0.000000 0.000000 0.000000 0.978172 0.207796
1760658356.784669 178.172216 -28.398655 0.000000 0.000000 0.000000 0.980880 0.194611
1760658356.984671 178.171690 -28.398036 0.000000 0.000000 0.000000 0.983375 0.181587
1760658357.218007 177.974073 -28.138630 0.000000 0.000000 0.000000 0.985324 0.170696
1760658357.451325 177.762888 -27.894040 0.000000 0.000000 0.000000 0.987314 0.158778
1760658357.686885 177.539405 -27.663083 0.000000 0.000000 0.000000 0.988687 0.149995
1760658357.919288 177.305739 -27.440113 0.000000 0.000000 0.000000 0.990322 0.138790
1760658358.186084 177.062410 -27.224518 0.000000 0.000000 0.000000 0.992187 0.124759
1760658358.454509 176.806487 -27.014338 0.000000 0.000000 0.000000 0.993592 0.113029
1760658358.720517 176.538390 -26.810701 0.000000 0.000000 0.000000 0.994860 0.101261
1760658358.988501 176.259652 -26.613008 0.000000 0.000000 0.000000 0.995761 0.091974
1760658359.251312 175.970587 -26.422287 0.000000 0.000000 0.000000 0.996673 0.081508
1760658359.451335 175.969437 -26.421621 0.000000 0.000000 0.000000 0.997423 0.071749
1760658359.684676 175.656084 -26.218968 0.000000 0.000000 0.000000 0.997409 0.071936
1760658359.920510 175.341193 -26.029032 0.000000 0.000000 0.000000 0.997758 0.066926
1760658360.151337 175.023903 -25.854822 0.000000 0.000000 0.000000 0.998248 0.059175
1760658360.384655 174.703456 -25.700868 0.000000 0.000000 0.000000 0.998564 0.053569
1760658360.618003 174.384982 -25.543331 0.000000 0.000000 0.000000 0.998957 0.045657
1760658360.851326 174.383641 -25.542743 0.000000 0.000000 0.000000 0.999310 0.037148
1760658361.084661 174.036894 -25.383952 0.000000 0.000000 0.000000 0.999343 0.036230
1760658361.284662 173.705010 -25.213559 0.000000 0.000000 0.000000 0.999402 0.034580
1760658361.484675 173.376331 -25.058363 0.000000 0.000000 0.000000 0.999507 0.031388
1760658361.718004 173.048700 -24.917925 0.000000 0.000000 0.000000 0.999662 0.025993
1760658361.984662 172.717130 -24.789282 0.000000 0.000000 0.000000 0.999778 0.021089
1760658362.217989 172.715650 -24.788725 0.000000 0.000000 0.000000 0.999887 0.015041
1760658362.417991 172.380916 -24.625405 0.000000 0.000000 0.000000 0.999702 0.024431
1760658362.618018 172.089147 -24.483220 0.000000 0.000000 0.000000 0.999544 0.030201
1760658362.884663 171.804500 -24.332404 0.000000 0.000000 0.000000 0.999491 0.031908
1760658363.151347 171.509257 -24.189009 0.000000 0.000000 0.000000 0.999536 0.030467
1760658363.384653 171.508019 -24.188416 0.000000 0.000000 0.000000 0.999597 0.028387
1760658363.618027 171.180338 -24.043850 0.000000 0.000000 0.000000 0.999582 0.028924
1760658363.854495 170.851940 -23.916199 0.000000 0.000000 0.000000 0.999649 0.026479
1760658364.084658 170.523863 -23.793512 0.000000 0.000000 0.000000 0.999708 0.024156
1760658364.284672 170.194504 -23.686174 0.000000 0.000000 0.000000 0.999758 0.022002
1760658364.484725 170.193601 -23.685850 0.000000 0.000000 0.000000 0.999793 0.020322
1760658364.718006 169.885655 -23.585511 0.000000 0.000000 0.000000 0.999813 0.019332
1760658364.951313 169.574011 -23.493653 0.000000 0.000000 0.000000 0.999838 0.018015
1760658365.184663 169.260083 -23.402535 0.000000 0.000000 0.000000 0.999841 0.017824
1760658365.451324 168.981399 -23.321645 0.000000 0.000000 0.000000 0.999844 0.017683
1760658365.651366 168.980366 -23.321340 0.000000 0.000000 0.000000 0.999863 0.016541
1760658365.854543 168.673631 -23.255555 0.000000 0.000000 0.000000 0.999859 0.016805
1760658366.084661 168.366097 -23.198238 0.000000 0.000000 0.000000 0.999864 0.016510
1760658366.320504 168.054942 -23.146020 0.000000 0.000000 0.000000 0.999859 0.016807
1760658366.551331 168.053871 -23.145801 0.000000 0.000000 0.000000 0.999872 0.015969
1760658366.784652 167.715493 -23.099542 0.000000 0.000000 0.000000 0.999865 0.016436
1760658366.984670 167.380591 -23.045369 0.000000 0.000000 0.000000 0.999810 0.019508
1760658367.184690 167.049765 -23.001307 0.000000 0.000000 0.000000 0.999767 0.021585
1760658367.418051 167.048741 -23.001139 0.000000 0.000000 0.000000 0.999765 0.021696
1760658367.651363 166.695397 -22.952688 0.000000 0.000000 0.000000 0.999707 0.024212
1760658367.886539 166.344638 -22.908708 0.000000 0.000000 0.000000 0.999657 0.026203
1760658368.151334 166.032660 -22.910366 0.000000 0.000000 0.000000 0.999701 0.024440
1760658368.351337 166.031644 -22.910273 0.000000 0.000000 0.000000 0.999695 0.024714
1760658368.551632 165.693390 -22.908623 0.000000 0.000000 0.000000 0.999724 0.023502
1760658368.753493 165.360028 -22.903339 0.000000 0.000000 0.000000 0.999741 0.022745
1760658368.984668 165.359102 -22.903305 0.000000 0.000000 0.000000 0.999741 0.022765
1760658369.186557 165.018947 -22.866572 0.000000 0.000000 0.000000 0.999625 0.027385
1760658369.386645 164.684370 -22.830877 0.000000 0.000000 0.000000 0.999552 0.029919
1760658369.618008 164.683480 -22.830792 0.000000 0.000000 0.000000 0.999526 0.030794
1760658369.818015 164.334407 -22.777154 0.000000 0.000000 0.000000 0.999411 0.034331
1760658370.051329 163.992515 -22.726873 0.000000 0.000000 0.000000 0.999331 0.036573
1760658370.251361 163.652033 -22.683560 0.000000 0.000000 0.000000 0.999283 0.037850
1760658370.484693 163.651046 -22.683416 0.000000 0.000000 0.000000 0.999230 0.039231
1760658370.684702 163.289236 -22.640256 0.000000 0.000000 0.000000 0.999231 0.039199
1760658370.918029 162.938561 -22.618425 0.000000 0.000000 0.000000 0.999315 0.037018
1760658371.184664 162.618913 -22.561533 0.000000 0.000000 0.000000 0.999003 0.044643
1760658371.385062 162.617901 -22.561382 0.000000 0.000000 0.000000 0.998939 0.046057
1760658371.618003 162.272072 -22.502148 0.000000 0.000000 0.000000 0.998636 0.052214
1760658371.821528 161.928680 -22.448247 0.000000 0.000000 0.000000 0.998457 0.055539
1760658372.051331 161.927759 -22.448079 0.000000 0.000000 0.000000 0.998322 0.057911
1760658372.284675 161.565038 -22.401292 0.000000 0.000000 0.000000 0.998241 0.059291
1760658372.520792 161.207903 -22.358075 0.000000 0.000000 0.000000 0.998192 0.060106
1760658372.751318 160.854924 -22.313592 0.000000 0.000000 0.000000 0.998158 0.060673
1760658372.951348 160.853988 -22.313452 0.000000 0.000000 0.000000 0.998058 0.062298
1760658373.185030 160.482567 -22.264065 0.000000 0.000000 0.000000 0.998095 0.061703
1760658373.418021 160.118367 -22.211129 0.000000 0.000000 0.000000 0.998129 0.061136
1760658373.651322 160.117269 -22.210967 0.000000 0.000000 0.000000 0.998049 0.062435
1760658373.851333 159.732138 -22.165317 0.000000 0.000000 0.000000 0.998307 0.058156
1760658374.084662 159.360165 -22.121076 0.000000 0.000000 0.000000 0.998499 0.054774
1760658374.318055 158.994769 -22.075653 0.000000 0.000000 0.000000 0.998659 0.051778
1760658374.551326 158.993581 -22.075519 0.000000 0.000000 0.000000 0.998674 0.051476
1760658374.751335 158.649294 -22.032704 0.000000 0.000000 0.000000 0.998797 0.049033
1760658374.988505 158.311685 -21.989653 0.000000 0.000000 0.000000 0.998911 0.046656
1760658375.218012 158.310650 -21.989540 0.000000 0.000000 0.000000 0.998948 0.045852
1760658375.451331 157.951119 -21.939934 0.000000 0.000000 0.000000 0.999009 0.044509
1760658375.684663 157.598411 -21.887635 0.000000 0.000000 0.000000 0.999069 0.043152
1760658375.884671 157.250124 -21.836567 0.000000 0.000000 0.000000 0.999117 0.042026
1760658376.151326 156.907230 -21.792810 0.000000 0.000000 0.000000 0.999226 0.039325
1760658376.351394 156.906127 -21.792677 0.000000 0.000000 0.000000 0.999266 0.038304
1760658376.584689 156.537790 -21.752083 0.000000 0.000000 0.000000 0.999329 0.036622
1760658376.785516 156.175079 -21.709680 0.000000 0.000000 0.000000 0.999379 0.035246
1760658377.051328 155.819708 -21.671427 0.000000 0.000000 0.000000 0.999459 0.032878
1760658377.251341 155.818614 -21.671319 0.000000 0.000000 0.000000 0.999498 0.031670
1760658377.451453 155.438666 -21.636109 0.000000 0.000000 0.000000 0.999543 0.030219
1760658377.652494 155.069223 -21.602267 0.000000 0.000000 0.000000 0.999599 0.028333
1760658377.884678 155.068211 -21.602184 0.000000 0.000000 0.000000 0.999640 0.026816
1760658378.118002 154.680379 -21.567704 0.000000 0.000000 0.000000 0.999683 0.025169
1760658378.351336 154.300843 -21.536077 0.000000 0.000000 0.000000 0.999714 0.023925
1760658378.584659 153.927707 -21.505652 0.000000 0.000000 0.000000 0.999749 0.022406
1760658378.817978 153.558729 -21.481020 0.000000 0.000000 0.000000 0.999784 0.020769
1760658379.018001 153.557645 -21.480951 0.000000 0.000000 0.000000 0.999811 0.019466
1760658379.218007 153.210440 -21.457765 0.000000 0.000000 0.000000 0.999815 0.019229
1760658379.451317 152.869037 -21.430588 0.000000 0.000000 0.000000 0.999799 0.020053
1760658379.651322 152.868114 -21.430527 0.000000 0.000000 0.000000 0.999817 0.019120
1760658379.851330 152.505856 -21.407798 0.000000 0.000000 0.000000 0.999798 0.020117
1760658380.051615 152.151927 -21.383860 0.000000 0.000000 0.000000 0.999781 0.020920
1760658380.318012 151.803803 -21.359962 0.000000 0.000000 0.000000 0.999766 0.021651
1760658380.518048 151.802765 -21.359891 0.000000 0.000000 0.000000 0.999774 0.021269
1760658380.718268 151.428961 -21.335322 0.000000 0.000000 0.000000 0.999748 0.022443
1760658380.918669 151.428269 -21.335275 0.000000 0.000000 0.000000 0.999753 0.022237
1760658381.119640 151.042033 -21.304399 0.000000 0.000000 0.000000 0.999703 0.024388
1760658381.351338 150.668629 -21.275626 0.000000 0.000000 0.000000 0.999664 0.025904
1760658381.552521 150.667798 -21.275558 0.000000 0.000000 0.000000 0.999659 0.026119
1760658381.784664 150.277772 -21.250109 0.000000 0.000000 0.000000 0.999628 0.027258
1760658381.984672 149.897496 -21.225575 0.000000 0.000000 0.000000 0.999606 0.028078
1760658382.184676 149.896730 -21.225518 0.000000 0.000000 0.000000 0.999595 0.028445
1760658382.417998 149.504582 -21.202706 0.000000 0.000000 0.000000 0.999573 0.029227
1760658382.651331 149.122384 -21.178514 0.000000 0.000000 0.000000 0.999551 0.029969
1760658382.851333 149.121504 -21.178452 0.000000 0.000000 0.000000 0.999538 0.030405
1760658383.055527 148.737868 -21.124015 0.000000 0.000000 0.000000 0.999289 0.037697
1760658383.284656 148.367135 -21.069309 0.000000 0.000000 0.000000 0.999063 0.043288
1760658383.484674 148.366282 -21.069184 0.000000 0.000000 0.000000 0.998990 0.044944
1760658383.718263 147.980552 -21.008963 0.000000 0.000000 0.000000 0.998765 0.049682
1760658383.918779 147.605108 -20.966774 0.000000 0.000000 0.000000 0.998710 0.050784
1760658384.184660 147.240202 -20.924572 0.000000 0.000000 0.000000 0.998635 0.052234
1760658384.384693 147.239151 -20.924417 0.000000 0.000000 0.000000 0.998542 0.053984
1760658384.620661 146.851772 -20.879291 0.000000 0.000000 0.000000 0.998539 0.054031
1760658384.851346 146.850823 -20.879158 0.000000 0.000000 0.000000 0.998442 0.055792
1760658385.084677 146.445730 -20.832994 0.000000 0.000000 0.000000 0.998460 0.055478
1760658385.284679 146.054583 -20.790986 0.000000 0.000000 0.000000 0.998465 0.055389
1760658385.518018 146.053646 -20.790870 0.000000 0.000000 0.000000 0.998389 0.056733
1760658385.751357 145.650641 -20.747018 0.000000 0.000000 0.000000 0.998416 0.056255
1760658385.951394 145.261309 -20.703614 0.000000 0.000000 0.000000 0.998401 0.056533
1760658386.156348 145.260485 -20.703516 0.000000 0.000000 0.000000 0.998349 0.057439
1760658386.385395 144.906070 -20.664011 0.000000 0.000000 0.000000 0.998363 0.057194
1760658386.651343 144.558000 -20.625109 0.000000 0.000000 0.000000 0.998353 0.057363
1760658386.851350 144.557085 -20.625002 0.000000 0.000000 0.000000 0.998315 0.058023
1760658387.051379 144.189411 -20.583511 0.000000 0.000000 0.000000 0.998296 0.058346
1760658387.284690 144.188638 -20.583420 0.000000 0.000000 0.000000 0.998254 0.059073
1760658387.517998 143.808456 -20.540361 0.000000 0.000000 0.000000 0.998228 0.059510
1760658387.718147 143.807805 -20.540284 0.000000 0.000000 0.000000 0.998192 0.060102
1760658387.952742 143.419796 -20.490816 0.000000 0.000000 0.000000 0.998139 0.060974
1760658388.184665 143.047034 -20.437334 0.000000 0.000000 0.000000 0.998002 0.063182
1760658388.418008 143.046118 -20.437205 0.000000 0.000000 0.000000 0.997945 0.064078
1760658388.618032 142.667065 -20.362275 0.000000 0.000000 0.000000 0.997766 0.066805
1760658388.851352 142.666332 -20.362144 0.000000 0.000000 0.000000 0.997689 0.067944
1760658389.057040 142.278772 -20.291735 0.000000 0.000000 0.000000 0.997610 0.069099
1760658389.284812 141.908677 -20.226869 0.000000 0.000000 0.000000 0.997537 0.070139
1760658389.485878 141.907923 -20.226728 0.000000 0.000000 0.000000 0.997467 0.071124
1760658389.685921 141.527317 -20.161172 0.000000 0.000000 0.000000 0.997439 0.071524
1760658389.951351 141.162544 -20.095820 0.000000 0.000000 0.000000 0.997360 0.072619
1760658390.184660 141.161492 -20.095623 0.000000 0.000000 0.000000 0.997283 0.073670
1760658390.384748 140.786864 -20.004988 0.000000 0.000000 0.000000 0.997089 0.076240
1760658390.617998 140.426451 -19.921333 0.000000 0.000000 0.000000 0.996951 0.078027
1760658390.818016 140.425671 -19.921150 0.000000 0.000000 0.000000 0.996862 0.079165
1760658391.018056 140.051876 -19.835851 0.000000 0.000000 0.000000 0.996770 0.080304
1760658391.252543 139.704064 -19.732394 0.000000 0.000000 0.000000 0.996450 0.084183
1760658391.518009 139.360394 -19.635860 0.000000 0.000000 0.000000 0.996216 0.086916
1760658391.718306 139.359450 -19.635590 0.000000 0.000000 0.000000 0.996083 0.088422
1760658391.951329 138.994232 -19.538316 0.000000 0.000000 0.000000 0.996094 0.088295
1760658392.184664 138.637156 -19.442310 0.000000 0.000000 0.000000 0.996105 0.088172
1760658392.386542 138.636317 -19.442074 0.000000 0.000000 0.000000 0.996005 0.089295
1760658392.618006 138.263704 -19.343012 0.000000 0.000000 0.000000 0.996209 0.086991
1760658392.851323 137.900680 -19.246336 0.000000 0.000000 0.000000 0.996515 0.083416
1760658393.084658 137.543860 -19.154758 0.000000 0.000000 0.000000 0.996748 0.080578
1760658393.284662 137.542926 -19.154521 0.000000 0.000000 0.000000 0.996757 0.080470
1760658393.522437 137.168885 -19.059324 0.000000 0.000000 0.000000 0.997199 0.074798
1760658393.751349 136.802003 -18.968959 0.000000 0.000000 0.000000 0.997647 0.068554
1760658393.951363 136.441784 -18.881845 0.000000 0.000000 0.000000 0.998090 0.061782
1760658394.184667 136.440689 -18.881613 0.000000 0.000000 0.000000 0.998227 0.059518
1760658394.384670 136.062338 -18.790623 0.000000 0.000000 0.000000 0.998797 0.049046
1760658394.584671 135.696215 -18.701003 0.000000 0.000000 0.000000 0.999240 0.038968
1760658394.786428 135.695356 -18.700848 0.000000 0.000000 0.000000 0.999380 0.035211
1760658395.018021 135.315362 -18.609035 0.000000 0.000000 0.000000 0.999806 0.019688
1760658395.251337 134.944110 -18.517637 0.000000 0.000000 0.000000 0.999976 0.006931
1760658395.451339 134.943197 -18.517501 0.000000 0.000000 0.000000 0.999999 0.001185
1760658395.654546 134.555089 -18.425638 0.000000 0.000000 0.000000 -0.999894 0.014547
1760658395.884696 134.554230 -18.425528 0.000000 0.000000 0.000000 -0.999748 0.022430
1760658396.118037 134.152852 -18.334701 0.000000 0.000000 0.000000 -0.999128 0.041746
1760658396.351384 133.768344 -18.238533 0.000000 0.000000 0.000000 -0.997989 0.063394
1760658396.553657 133.767473 -18.238449 0.000000 0.000000 0.000000 -0.997342 0.072863
1760658396.784684 133.369919 -18.144360 0.000000 0.000000 0.000000 -0.995591 0.093800
1760658397.053514 132.985881 -18.054784 0.000000 0.000000 0.000000 -0.992940 0.118617
1760658397.284793 132.984703 -18.054714 0.000000 0.000000 0.000000 -0.991254 0.131965
1760658397.518019 132.580431 -17.964635 0.000000 0.000000 0.000000 -0.988456 0.151505
1760658397.751324 132.190543 -17.888750 0.000000 0.000000 0.000000 -0.985144 0.171730
1760658397.951533 132.189659 -17.888722 0.000000 0.000000 0.000000 -0.982833 0.184497
1760658398.184695 131.788549 -17.824380 0.000000 0.000000 0.000000 -0.979343 0.202208
1760658398.386510 131.428857 -17.807960 0.000000 0.000000 0.000000 -0.975377 0.220542
1760658398.617979 131.427914 -17.808011 0.000000 0.000000 0.000000 -0.971712 0.236170
1760658398.817993 131.053785 -17.789480 0.000000 0.000000 0.000000 -0.967932 0.251211
1760658399.017998 130.693651 -17.784160 0.000000 0.000000 0.000000 -0.963654 0.267153
1760658399.218067 130.692896 -17.784252 0.000000 0.000000 0.000000 -0.959728 0.280932
1760658399.418388 130.321104 -17.786176 0.000000 0.000000 0.000000 -0.956525 0.291649
1760658399.654546 129.960647 -17.791904 0.000000 0.000000 0.000000 -0.950855 0.309637
1760658399.884664 129.959650 -17.792073 0.000000 0.000000 0.000000 -0.945658 0.325164
1760658400.084677 129.581584 -17.813572 0.000000 0.000000 0.000000 -0.941525 0.336943
1760658400.287502 129.258302 -17.832030 0.000000 0.000000 0.000000 -0.938815 0.344422
1760658400.517978 129.257452 -17.832197 0.000000 0.000000 0.000000 -0.933413 0.358805
1760658400.717999 128.916247 -17.855655 0.000000 0.000000 0.000000 -0.934041 0.357165
1760658400.953521 128.585779 -17.893651 0.000000 0.000000 0.000000 -0.933625 0.358252
1760658401.184695 128.584853 -17.893822 0.000000 0.000000 0.000000 -0.929306 0.369311
1760658401.386928 128.276016 -17.929239 0.000000 0.000000 0.000000 -0.932841 0.360288
1760658401.618005 128.011651 -17.959624 0.000000 0.000000 0.000000 -0.934525 0.355897
1760658401.851341 128.010835 -17.959748 0.000000 0.000000 0.000000 -0.931793 0.362989
1760658402.084700 127.764482 -17.988022 0.000000 0.000000 0.000000 -0.935323 0.353795
1760658402.284727 127.551916 -18.012457 0.000000 0.000000 0.000000 -0.937707 0.347427
1760658402.484782 127.551417 -18.012516 0.000000 0.000000 0.000000 -0.936534 0.350576
1760658402.718009 127.357696 -18.034785 0.000000 0.000000 0.000000 -0.939016 0.343875
1760658402.984678 127.190103 -18.054060 0.000000 0.000000 0.000000 -0.940549 0.339657
1760658403.184715 127.189598 -18.054111 0.000000 0.000000 0.000000 -0.940086 0.340938
1760658403.387753 126.997041 -18.096377 0.000000 0.000000 0.000000 -0.941910 0.335866
1760658403.651378 126.832515 -18.132431 0.000000 0.000000 0.000000 -0.942955 0.332921
1760658403.851565 126.832062 -18.132505 0.000000 0.000000 0.000000 -0.942891 0.333102
1760658404.084686 126.679228 -18.166030 0.000000 0.000000 0.000000 -0.943853 0.330366
1760658404.318001 126.547519 -18.194901 0.000000 0.000000 0.000000 -0.944446 0.328668
1760658404.518240 126.547178 -18.194965 0.000000 0.000000 0.000000 -0.944552 0.328361
1760658404.751334 126.426224 -18.221489 0.000000 0.000000 0.000000 -0.944958 0.327192
1760658404.984664 126.321976 -18.244342 0.000000 0.000000 0.000000 -0.945208 0.326468
1760658405.184683 126.321698 -18.244398 0.000000 0.000000 0.000000 -0.945355 0.326044
1760658405.418004 126.225935 -18.265396 0.000000 0.000000 0.000000 -0.945451 0.325765
1760658405.618010 126.143386 -18.283493 0.000000 0.000000 0.000000 -0.945486 0.325663
1760658405.820153 126.143183 -18.283536 0.000000 0.000000 0.000000 -0.945614 0.325291
1760658406.052536 126.067964 -18.300028 0.000000 0.000000 0.000000 -0.945577 0.325399
1760658406.317991 126.002940 -18.314283 0.000000 0.000000 0.000000 -0.945563 0.325439
1760658406.517992 126.002743 -18.314325 0.000000 0.000000 0.000000 -0.945653 0.325178
1760658406.717993 125.942331 -18.327570 0.000000 0.000000 0.000000 -0.945537 0.325516
1760658406.951318 125.855082 -18.360465 0.000000 0.000000 0.000000 -0.945448 0.325773
1760658407.154016 125.854905 -18.360517 0.000000 0.000000 0.000000 -0.945498 0.325629
1760658407.384687 125.743077 -18.420247 0.000000 0.000000 0.000000 -0.945382 0.325963
1760658407.584714 125.742901 -18.420321 0.000000 0.000000 0.000000 -0.945413 0.325875
1760658407.818159 125.640920 -18.474771 0.000000 0.000000 0.000000 -0.945307 0.326183
1760658408.020719 125.553635 -18.521357 0.000000 0.000000 0.000000 -0.945243 0.326367
1760658408.251345 125.553423 -18.521463 0.000000 0.000000 0.000000 -0.945251 0.326343
1760658408.484677 125.473609 -18.564068 0.000000 0.000000 0.000000 -0.945196 0.326503
1760658408.684694 125.473449 -18.564150 0.000000 0.000000 0.000000 -0.945197 0.326501
1760658408.917989 125.401048 -18.602795 0.000000 0.000000 0.000000 -0.945157 0.326617
1760658409.151372 125.339308 -18.635747 0.000000 0.000000 0.000000 -0.945133 0.326685
1760658409.420519 125.286131 -18.664128 0.000000 0.000000 0.000000 -0.945117 0.326733
1760658409.651332 125.285930 -18.664234 0.000000 0.000000 0.000000 -0.945109 0.326755
1760658409.851346 125.236132 -18.690813 0.000000 0.000000 0.000000 -0.945103 0.326773
1760658410.084677 125.193740 -18.713438 0.000000 0.000000 0.000000 -0.945098 0.326786
1760658410.284679 125.193624 -18.713500 0.000000 0.000000 0.000000 -0.945092 0.326804
1760658410.485519 125.154732 -18.734257 0.000000 0.000000 0.000000 -0.945094 0.326800
1760658410.717994 125.154635 -18.734309 0.000000 0.000000 0.000000 -0.945087 0.326818
1760658410.918003 125.119204 -18.753219 0.000000 0.000000 0.000000 -0.945093 0.326803
1760658411.151337 125.089195 -18.769235 0.000000 0.000000 0.000000 -0.945095 0.326796
1760658411.384674 125.089102 -18.769285 0.000000 0.000000 0.000000 -0.945091 0.326808
1760658411.584676 125.061396 -18.784072 0.000000 0.000000 0.000000 -0.945096 0.326793
1760658411.818003 125.037854 -18.796636 0.000000 0.000000 0.000000 -0.945099 0.326785
1760658412.051346 125.037779 -18.796676 0.000000 0.000000 0.000000 -0.945097 0.326791
1760658412.284669 125.015987 -18.808307 0.000000 0.000000 0.000000 -0.945101 0.326780
1760658412.518006 124.997264 -18.818300 0.000000 0.000000 0.000000 -0.945103 0.326772
1760658412.751355 124.997204 -18.818332 0.000000 0.000000 0.000000 -0.945102 0.326775
1760658412.984670 124.979906 -18.827564 0.000000 0.000000 0.000000 -0.945105 0.326767
1760658413.184803 124.965067 -18.835483 0.000000 0.000000 0.000000 -0.945107 0.326762
1760658413.388522 124.965031 -18.835503 0.000000 0.000000 0.000000 -0.945107 0.326762
1760658413.617989 124.951571 -18.842687 0.000000 0.000000 0.000000 -0.945108 0.326758
1760658413.817996 124.951540 -18.842703 0.000000 0.000000 0.000000 -0.945108 0.326758
1760658414.018002 124.939304 -18.849234 0.000000 0.000000 0.000000 -0.945109 0.326755
1760658414.219019 124.939281 -18.849246 0.000000 0.000000 0.000000 -0.945109 0.326754
1760658414.452734 124.928325 -18.855093 0.000000 0.000000 0.000000 -0.945110 0.326752
1760658414.684704 124.918988 -18.860076 0.000000 0.000000 0.000000 -0.945110 0.326751
1760658414.885549 124.918966 -18.860088 0.000000 0.000000 0.000000 -0.945111 0.326751
1760658415.117974 124.910474 -18.864620 0.000000 0.000000 0.000000 -0.945111 0.326750
1760658415.318012 124.910457 -18.864630 0.000000 0.000000 0.000000 -0.945111 0.326750
1760658415.518015 124.902782 -18.868726 0.000000 0.000000 0.000000 -0.945111 0.326750
1760658415.751326 124.902766 -18.868734 0.000000 0.000000 0.000000 -0.945111 0.326749
1760658415.951334 124.895877 -18.872411 0.000000 0.000000 0.000000 -0.945111 0.326750
1760658416.184712 124.890096 -18.875496 0.000000 0.000000 0.000000 -0.945111 0.326750
1760658416.384717 124.890083 -18.875504 0.000000 0.000000 0.000000 -0.945111 0.326749
1760658416.620090 124.884840 -18.878302 0.000000 0.000000 0.000000 -0.945111 0.326750
1760658416.851325 124.884827 -18.878309 0.000000 0.000000 0.000000 -0.945111 0.326750
1760658417.051467 124.880056 -18.880855 0.000000 0.000000 0.000000 -0.945111 0.326750
1760658417.318043 124.876048 -18.882994 0.000000 0.000000 0.000000 -0.945111 0.326750
1760658417.518711 124.876038 -18.883000 0.000000 0.000000 0.000000 -0.945111 0.326750
1760658417.751322 124.872370 -18.884957 0.000000 0.000000 0.000000 -0.945111 0.326751
1760658417.951329 124.872363 -18.884961 0.000000 0.000000 0.000000 -0.945111 0.326750
1760658418.184682 124.869063 -18.886722 0.000000 0.000000 0.000000 -0.945111 0.326751
1760658418.417984 124.866266 -18.888215 0.000000 0.000000 0.000000 -0.945110 0.326751
1760658418.651428 124.866258 -18.888219 0.000000 0.000000 0.000000 -0.945110 0.326751
1760658418.884657 124.863703 -18.889583 0.000000 0.000000 0.000000 -0.945110 0.326751
1760658419.084661 124.861529 -18.890743 0.000000 0.000000 0.000000 -0.945110 0.326751
1760658419.284665 124.861524 -18.890746 0.000000 0.000000 0.000000 -0.945110 0.326751
1760658419.484676 124.903060 -18.881229 0.000000 0.000000 0.000000 -0.944454 0.328644
1760658419.717983 124.902578 -18.897704 0.000000 0.000000 0.000000 -0.942037 0.335508
1760658419.917991 124.902600 -18.897713 0.000000 0.000000 0.000000 -0.941704 0.336442
1760658420.118009 124.861616 -18.931698 0.000000 0.000000 0.000000 -0.938465 0.345374
1760658420.384692 124.826771 -18.960622 0.000000 0.000000 0.000000 -0.936142 0.351623
1760658420.617988 124.826710 -18.960690 0.000000 0.000000 0.000000 -0.935159 0.354227
1760658420.819094 124.752087 -19.004772 0.000000 0.000000 0.000000 -0.931560 0.363587
1760658421.051354 124.648250 -19.057204 0.000000 0.000000 0.000000 -0.925759 0.378115
1760658421.254518 124.648100 -19.057305 0.000000 0.000000 0.000000 -0.924010 0.382368
1760658421.484666 124.513900 -19.127823 0.000000 0.000000 0.000000 -0.915942 0.401311
1760658421.684688 124.360920 -19.209176 0.000000 0.000000 0.000000 -0.908300 0.418320
1760658421.884719 124.360692 -19.209332 0.000000 0.000000 0.000000 -0.905100 0.425199
1760658422.118022 124.186694 -19.310851 0.000000 0.000000 0.000000 -0.896156 0.443740
1760658422.384684 124.000790 -19.422180 0.000000 0.000000 0.000000 -0.888962 0.457982
1760658422.618020 124.000339 -19.422527 0.000000 0.000000 0.000000 -0.883931 0.467617
1760658422.821558 123.791823 -19.556943 0.000000 0.000000 0.000000 -0.877665 0.479274
1760658423.051342 123.586230 -19.704146 0.000000 0.000000 0.000000 -0.869456 0.494010
1760658423.251360 123.585846 -19.704482 0.000000 0.000000 0.000000 -0.864298 0.502980
1760658423.451596 123.368258 -19.873343 0.000000 0.000000 0.000000 -0.858178 0.513352
1760658423.684721 123.367873 -19.873708 0.000000 0.000000 0.000000 -0.851811 0.523849
1760658423.918243 123.134996 -20.057124 0.000000 0.000000 0.000000 -0.847947 0.530081
1760658424.151329 122.954736 -20.174129 0.000000 0.000000 0.000000 -0.844847 0.535008
1760658424.351360 122.954351 -20.174474 0.000000 0.000000 0.000000 -0.839791 0.542910
1760658424.551368 122.767493 -20.320459 0.000000 0.000000 0.000000 -0.839959 0.542650
1760658424.784689 122.588627 -20.482766 0.000000 0.000000 0.000000 -0.839125 0.543939
1760658425.017987 122.588157 -20.483209 0.000000 0.000000 0.000000 -0.834377 0.551195
1760658425.218051 122.403124 -20.674408 0.000000 0.000000 0.000000 -0.837625 0.546246
1760658425.451341 122.227281 -20.875947 0.000000 0.000000 0.000000 -0.839017 0.544105
1760658425.684691 122.226809 -20.876457 0.000000 0.000000 0.000000 -0.835880 0.548912
1760658425.884701 122.044619 -21.104228 0.000000 0.000000 0.000000 -0.840196 0.542283
1760658426.151361 121.872664 -21.337374 0.000000 0.000000 0.000000 -0.842600 0.538540
1760658426.384676 121.872140 -21.338016 0.000000 0.000000 0.000000 -0.841014 0.541013
1760658426.585088 121.693862 -21.598467 0.000000 0.000000 0.000000 -0.846611 0.532212
1760658426.851360 121.524761 -21.859365 0.000000 0.000000 0.000000 -0.850483 0.526003
1760658427.084670 121.524234 -21.860076 0.000000 0.000000 0.000000 -0.850387 0.526157
1760658427.284678 121.344115 -22.143703 0.000000 0.000000 0.000000 -0.856194 0.516654
1760658427.518022 121.173385 -22.423625 0.000000 0.000000 0.000000 -0.860257 0.509860
1760658427.751328 121.172889 -22.424325 0.000000 0.000000 0.000000 -0.861328 0.508050
1760658427.951339 120.994322 -22.723588 0.000000 0.000000 0.000000 -0.865238 0.501361
1760658428.184706 120.824319 -23.017015 0.000000 0.000000 0.000000 -0.869212 0.494440
1760658428.385579 120.823901 -23.017629 0.000000 0.000000 0.000000 -0.870706 0.491804
1760658428.585685 120.644774 -23.325391 0.000000 0.000000 0.000000 -0.873963 0.485992
1760658428.851365 120.465517 -23.621526 0.000000 0.000000 0.000000 -0.877946 0.478759
1760658429.084661 120.464940 -23.622368 0.000000 0.000000 0.000000 -0.880075 0.474835
1760658429.287769 120.275270 -23.940091 0.000000 0.000000 0.000000 -0.881878 0.471477
1760658429.517978 120.274869 -23.940684 0.000000 0.000000 0.000000 -0.883944 0.467594
1760658429.721598 120.077447 -24.267746 0.000000 0.000000 0.000000 -0.884705 0.466151
1760658429.951352 119.887283 -24.581425 0.000000 0.000000 0.000000 -0.885605 0.464439
1760658430.151380 119.886868 -24.582054 0.000000 0.000000 0.000000 -0.887155 0.461471
1760658430.388898 119.691965 -24.907896 0.000000 0.000000 0.000000 -0.886702 0.462341
1760658430.618030 119.691522 -24.908582 0.000000 0.000000 0.000000 -0.888191 0.459475
1760658430.852765 119.520309 -25.252500 0.000000 0.000000 0.000000 -0.885047 0.465502
1760658431.084674 119.353416 -25.584227 0.000000 0.000000 0.000000 -0.883223 0.468954
1760658431.284754 119.353064 -25.584892 0.000000 0.000000 0.000000 -0.883752 0.467956
1760658431.517995 119.201689 -25.885810 0.000000 0.000000 0.000000 -0.881937 0.471366
1760658431.751323 119.201334 -25.886506 0.000000 0.000000 0.000000 -0.882255 0.470772
1760658431.951329 119.037089 -26.199239 0.000000 0.000000 0.000000 -0.881405 0.472360
1760658432.151346 118.871978 -26.497073 0.000000 0.000000 0.000000 -0.881156 0.472825
1760658432.384673 118.871616 -26.497758 0.000000 0.000000 0.000000 -0.881285 0.472585
1760658432.617994 118.700769 -26.808968 0.000000 0.000000 0.000000 -0.881039 0.473044
1760658432.851362 118.526841 -27.108876 0.000000 0.000000 0.000000 -0.880893 0.473315
1760658433.051502 118.526479 -27.109529 0.000000 0.000000 0.000000 -0.880939 0.473230
1760658433.284667 118.340521 -27.419270 0.000000 0.000000 0.000000 -0.880096 0.474795
1760658433.518005 118.156891 -27.721041 0.000000 0.000000 0.000000 -0.878887 0.477030
1760658433.751326 118.156415 -27.721862 0.000000 0.000000 0.000000 -0.878678 0.477414
1760658433.951346 117.961527 -28.038133 0.000000 0.000000 0.000000 -0.876827 0.480806
1760658434.184690 117.770073 -28.341243 0.000000 0.000000 0.000000 -0.874388 0.485227
1760658434.385373 117.769668 -28.341936 0.000000 0.000000 0.000000 -0.873796 0.486293
1760658434.617996 117.567000 -28.655606 0.000000 0.000000 0.000000 -0.870737 0.491749
1760658434.851342 117.368013 -28.960941 0.000000 0.000000 0.000000 -0.868212 0.496194
1760658435.084695 117.367508 -28.961794 0.000000 0.000000 0.000000 -0.867003 0.498303
1760658435.317997 117.156703 -29.281405 0.000000 0.000000 0.000000 -0.864761 0.502184
1760658435.551352 116.957211 -29.595302 0.000000 0.000000 0.000000 -0.862719 0.505684
1760658435.784687 116.956692 -29.596178 0.000000 0.000000 0.000000 -0.861266 0.508154
1760658436.018587 116.730013 -29.869831 0.000000 0.000000 0.000000 -0.862465 0.506116
1760658436.251385 116.513032 -30.142081 0.000000 0.000000 0.000000 -0.862644 0.505811
1760658436.487068 116.512450 -30.142881 0.000000 0.000000 0.000000 -0.861674 0.507462
1760658436.718002 116.286898 -30.432240 0.000000 0.000000 0.000000 -0.862225 0.506525
1760658436.951443 116.063610 -30.711355 0.000000 0.000000 0.000000 -0.862584 0.505914
1760658437.152616 116.063115 -30.712000 0.000000 0.000000 0.000000 -0.862038 0.506843
1760658437.384662 115.832685 -31.003872 0.000000 0.000000 0.000000 -0.862640 0.505819
1760658437.618006 115.617396 -31.294193 0.000000 0.000000 0.000000 -0.862478 0.506095
1760658437.851345 115.616792 -31.294989 0.000000 0.000000 0.000000 -0.862038 0.506844
1760658438.055728 115.394712 -31.602426 0.000000 0.000000 0.000000 -0.862267 0.506453
1760658438.284644 115.181783 -31.899570 0.000000 0.000000 0.000000 -0.862344 0.506322
1760658438.484668 115.181303 -31.900229 0.000000 0.000000 0.000000 -0.862081 0.506770
1760658438.720516 114.962579 -32.210501 0.000000 0.000000 0.000000 -0.862618 0.505856
1760658438.951350 114.774109 -32.477839 0.000000 0.000000 0.000000 -0.862973 0.505249
1760658439.151357 114.773654 -32.478476 0.000000 0.000000 0.000000 -0.862864 0.505436
1760658439.384673 114.570995 -32.757103 0.000000 0.000000 0.000000 -0.864216 0.503120
1760658439.617994 114.367386 -33.029020 0.000000 0.000000 0.000000 -0.865758 0.500463
1760658439.817996 114.366922 -33.029641 0.000000 0.000000 0.000000 -0.865971 0.500094
1760658440.018072 114.148473 -33.310832 0.000000 0.000000 0.000000 -0.867644 0.497186
1760658440.284637 113.940551 -33.587671 0.000000 0.000000 0.000000 -0.869039 0.494743
1760658440.484668 113.940019 -33.588353 0.000000 0.000000 0.000000 -0.869507 0.493921
1760658440.684675 113.721959 -33.883117 0.000000 0.000000 0.000000 -0.870443 0.492269
1760658440.884703 113.721589 -33.883594 0.000000 0.000000 0.000000 -0.870960 0.491353
1760658441.118008 113.508965 -34.192220 0.000000 0.000000 0.000000 -0.871402 0.490569
1760658441.318020 113.352043 -34.492113 0.000000 0.000000 0.000000 -0.869829 0.493353
1760658441.521511 113.351678 -34.492683 0.000000 0.000000 0.000000 -0.870110 0.492857
1760658441.751325 113.191953 -34.805974 0.000000 0.000000 0.000000 -0.868714 0.495313
1760658441.951350 113.191630 -34.806538 0.000000 0.000000 0.000000 -0.868808 0.495149
1760658442.151354 113.027591 -35.132856 0.000000 0.000000 0.000000 -0.867737 0.497024
1760658442.384645 112.864992 -35.445715 0.000000 0.000000 0.000000 -0.867416 0.497584
1760658442.584654 112.864654 -35.446360 0.000000 0.000000 0.000000 -0.867356 0.497688
1760658442.784721 112.696126 -35.773244 0.000000 0.000000 0.000000 -0.867310 0.497769
1760658443.018000 112.695797 -35.773880 0.000000 0.000000 0.000000 -0.867244 0.497884
1760658443.218138 112.517953 -36.109572 0.000000 0.000000 0.000000 -0.867668 0.497144
1760658443.451361 112.345603 -36.431109 0.000000 0.000000 0.000000 -0.867930 0.496687
1760658443.684732 112.345172 -36.431920 0.000000 0.000000 0.000000 -0.867959 0.496635
1760658443.887528 112.158120 -36.764443 0.000000 0.000000 0.000000 -0.868457 0.495764
1760658444.118024 112.157770 -36.765081 0.000000 0.000000 0.000000 -0.868546 0.495609
1760658444.318027 111.958054 -37.100762 0.000000 0.000000 0.000000 -0.868847 0.495080
1760658444.584693 111.771683 -37.423915 0.000000 0.000000 0.000000 -0.868223 0.496174
1760658444.786589 111.771257 -37.424657 0.000000 0.000000 0.000000 -0.868244 0.496138
1760658445.018427 111.574547 -37.760195 0.000000 0.000000 0.000000 -0.867321 0.497749
1760658445.251357 111.574141 -37.760901 0.000000 0.000000 0.000000 -0.867226 0.497914
1760658445.485117 111.371692 -38.106900 0.000000 0.000000 0.000000 -0.865693 0.500576
1760658445.719514 111.166917 -38.430455 0.000000 0.000000 0.000000 -0.865027 0.501725
1760658445.951325 111.166437 -38.431266 0.000000 0.000000 0.000000 -0.864706 0.502278
1760658446.151338 110.955666 -38.766492 0.000000 0.000000 0.000000 -0.863894 0.503673
1760658446.351352 110.758589 -39.088495 0.000000 0.000000 0.000000 -0.863519 0.504317
1760658446.552551 110.758208 -39.089130 0.000000 0.000000 0.000000 -0.863175 0.504905
1760658446.784706 110.551268 -39.414406 0.000000 0.000000 0.000000 -0.863910 0.503646
1760658447.021549 110.550798 -39.415170 0.000000 0.000000 0.000000 -0.863651 0.504089
1760658447.252733 110.343115 -39.755993 0.000000 0.000000 0.000000 -0.864387 0.502827
1760658447.484679 110.125958 -40.050678 0.000000 0.000000 0.000000 -0.867052 0.498217
1760658447.684723 110.125524 -40.051315 0.000000 0.000000 0.000000 -0.867237 0.497896
1760658447.918296 109.906162 -40.358793 0.000000 0.000000 0.000000 -0.869391 0.494125
1760658448.184644 109.697564 -40.660332 0.000000 0.000000 0.000000 -0.871098 0.491109
1760658448.384720 109.697050 -40.661045 0.000000 0.000000 0.000000 -0.871610 0.490200
1760658448.617998 109.487433 -40.980720 0.000000 0.000000 0.000000 -0.872655 0.488338
1760658448.822527 109.487025 -40.981299 0.000000 0.000000 0.000000 -0.873224 0.487318
1760658449.051344 109.274199 -41.310755 0.000000 0.000000 0.000000 -0.874034 0.485865
1760658449.284656 109.071570 -41.629122 0.000000 0.000000 0.000000 -0.874933 0.484243
1760658449.484673 109.071137 -41.629763 0.000000 0.000000 0.000000 -0.875530 0.483165
1760658449.688533 108.865863 -41.959191 0.000000 0.000000 0.000000 -0.875624 0.482994
1760658449.918006 108.865448 -41.959821 0.000000 0.000000 0.000000 -0.876243 0.481870
1760658450.118508 108.651350 -42.293606 0.000000 0.000000 0.000000 -0.875940 0.482420
1760658450.351342 108.447780 -42.612178 0.000000 0.000000 0.000000 -0.875702 0.482852
1760658450.551345 108.447357 -42.612831 0.000000 0.000000 0.000000 -0.876070 0.482184
1760658450.754500 108.237952 -42.941266 0.000000 0.000000 0.000000 -0.875558 0.483113
1760658450.984709 108.237544 -42.941900 0.000000 0.000000 0.000000 -0.875871 0.482546
1760658451.185369 108.049070 -43.285136 0.000000 0.000000 0.000000 -0.873886 0.486132
1760658451.417989 107.874553 -43.615685 0.000000 0.000000 0.000000 -0.872242 0.489075
1760658451.618715 107.874180 -43.616361 0.000000 0.000000 0.000000 -0.872091 0.489343
1760658451.851335 107.689607 -43.955194 0.000000 0.000000 0.000000 -0.870989 0.491303
1760658452.051348 107.509396 -44.282971 0.000000 0.000000 0.000000 -0.870439 0.492276
1760658452.284657 107.508975 -44.283754 0.000000 0.000000 0.000000 -0.870109 0.492859
1760658452.484660 107.321384 -44.622535 0.000000 0.000000 0.000000 -0.869630 0.493704
1760658452.751382 107.138462 -44.946979 0.000000 0.000000 0.000000 -0.869285 0.494312
1760658452.984684 107.137924 -44.947968 0.000000 0.000000 0.000000 -0.868936 0.494924
1760658453.184696 106.948170 -45.293131 0.000000 0.000000 0.000000 -0.868718 0.495307
1760658453.417994 106.764173 -45.622341 0.000000 0.000000 0.000000 -0.868694 0.495349
1760658453.618000 106.763772 -45.623074 0.000000 0.000000 0.000000 -0.868438 0.495797
1760658453.851365 106.607241 -45.968030 0.000000 0.000000 0.000000 -0.867921 0.496703
1760658454.084647 106.456897 -46.305283 0.000000 0.000000 0.000000 -0.867190 0.497977
1760658454.286590 106.456540 -46.306041 0.000000 0.000000 0.000000 -0.866864 0.498544
1760658454.518004 106.299325 -46.656332 0.000000 0.000000 0.000000 -0.866215 0.499671
1760658454.718026 106.299030 -46.656983 0.000000 0.000000 0.000000 -0.865862 0.500282
1760658454.951342 106.148247 -47.020573 0.000000 0.000000 0.000000 -0.864534 0.502574
1760658455.152526 105.997954 -47.369372 0.000000 0.000000 0.000000 -0.864050 0.503405
1760658455.384684 105.997614 -47.370180 0.000000 0.000000 0.000000 -0.863523 0.504310
1760658455.584740 105.836482 -47.726967 0.000000 0.000000 0.000000 -0.863425 0.504476
1760658455.817986 105.677286 -48.066931 0.000000 0.000000 0.000000 -0.863604 0.504171
1760658456.017994 105.676946 -48.067698 0.000000 0.000000 0.000000 -0.863260 0.504759
1760658456.217994 105.507439 -48.417820 0.000000 0.000000 0.000000 -0.863664 0.504068
1760658456.451332 105.338303 -48.751377 0.000000 0.000000 0.000000 -0.864124 0.503278
1760658456.651333 105.337939 -48.752134 0.000000 0.000000 0.000000 -0.863947 0.503582
1760658456.884660 105.156811 -49.096080 0.000000 0.000000 0.000000 -0.864678 0.502327
1760658457.118009 104.977499 -49.429001 0.000000 0.000000 0.000000 -0.865120 0.501565
1760658457.384654 104.800285 -49.754569 0.000000 0.000000 0.000000 -0.865166 0.501485
1760658457.584658 104.799797 -49.755487 0.000000 0.000000 0.000000 -0.865155 0.501504
1760658457.784660 104.614682 -50.100433 0.000000 0.000000 0.000000 -0.864904 0.501937
1760658457.984662 104.614351 -50.101053 0.000000 0.000000 0.000000 -0.864865 0.502004
1760658458.219222 104.422816 -50.452192 0.000000 0.000000 0.000000 -0.864318 0.502946
1760658458.451424 104.233114 -50.789660 0.000000 0.000000 0.000000 -0.863866 0.503721
1760658458.684675 104.042750 -51.115383 0.000000 0.000000 0.000000 -0.863550 0.504263
1760658458.920508 104.042174 -51.116417 0.000000 0.000000 0.000000 -0.863372 0.504567
1760658459.151581 103.836159 -51.455973 0.000000 0.000000 0.000000 -0.863325 0.504648
1760658459.384655 103.639086 -51.787510 0.000000 0.000000 0.000000 -0.862971 0.505254
1760658459.651342 103.448537 -52.113196 0.000000 0.000000 0.000000 -0.862325 0.506355
1760658459.851353 103.447979 -52.114160 0.000000 0.000000 0.000000 -0.862117 0.506709
1760658460.051383 103.240755 -52.453075 0.000000 0.000000 0.000000 -0.862011 0.506889
1760658460.318011 103.040288 -52.779580 0.000000 0.000000 0.000000 -0.861707 0.507407
1760658460.551338 103.039642 -52.780663 0.000000 0.000000 0.000000 -0.861470 0.507809
1760658460.784659 102.817468 -53.118908 0.000000 0.000000 0.000000 -0.862067 0.506794
1760658461.017999 102.603764 -53.447602 0.000000 0.000000 0.000000 -0.862418 0.506196
1760658461.218050 102.603281 -53.448360 0.000000 0.000000 0.000000 -0.862356 0.506302
1760658461.451341 102.383890 -53.788610 0.000000 0.000000 0.000000 -0.862807 0.505534
1760658461.687599 102.170285 -54.117151 0.000000 0.000000 0.000000 -0.863493 0.504361
1760658461.917989 102.169688 -54.118068 0.000000 0.000000 0.000000 -0.863571 0.504227
1760658462.117994 101.949951 -54.462304 0.000000 0.000000 0.000000 -0.864506 0.502623
1760658462.351328 101.742747 -54.793384 0.000000 0.000000 0.000000 -0.865306 0.501243
1760658462.584659 101.742149 -54.794307 0.000000 0.000000 0.000000 -0.865572 0.500784
1760658462.817990 101.526907 -55.140421 0.000000 0.000000 0.000000 -0.866759 0.498727
1760658463.051344 101.306396 -55.463175 0.000000 0.000000 0.000000 -0.869069 0.494691
1760658463.284671 101.095424 -55.780075 0.000000 0.000000 0.000000 -0.870778 0.491677
1760658463.484696 101.094864 -55.780887 0.000000 0.000000 0.000000 -0.871425 0.490529
1760658463.718010 100.878214 -56.112304 0.000000 0.000000 0.000000 -0.873077 0.487583
1760658463.918026 100.877746 -56.112979 0.000000 0.000000 0.000000 -0.873817 0.486254
1760658464.151327 100.661298 -56.457773 0.000000 0.000000 0.000000 -0.874605 0.484836
1760658464.354500 100.450411 -56.788358 0.000000 0.000000 0.000000 -0.875163 0.483828
1760658464.584677 100.449887 -56.789142 0.000000 0.000000 0.000000 -0.875977 0.482352
1760658464.818002 100.229092 -57.127528 0.000000 0.000000 0.000000 -0.876331 0.481709
1760658465.019470 100.022327 -57.458183 0.000000 0.000000 0.000000 -0.876466 0.481463
1760658465.251352 100.021789 -57.459000 0.000000 0.000000 0.000000 -0.877159 0.480201
1760658465.451354 99.811297 -57.801909 0.000000 0.000000 0.000000 -0.876914 0.480647
1760658465.684658 99.617338 -58.134473 0.000000 0.000000 0.000000 -0.876800 0.480855
1760658465.884661 99.616864 -58.135236 0.000000 0.000000 0.000000 -0.877229 0.480073
1760658466.084686 99.441805 -58.485211 0.000000 0.000000 0.000000 -0.876078 0.482169
1760658466.318038 99.276090 -58.823709 0.000000 0.000000 0.000000 -0.875258 0.483656
1760658466.518518 99.275682 -58.824480 0.000000 0.000000 0.000000 -0.875394 0.483411
1760658466.751349 99.111844 -59.180027 0.000000 0.000000 0.000000 -0.874239 0.485497
1760658466.951352 99.111517 -59.180692 0.000000 0.000000 0.000000 -0.874232 0.485508
1760658467.152030 98.938566 -59.544531 0.000000 0.000000 0.000000 -0.873404 0.486997
1760658467.384655 98.755843 -59.877467 0.000000 0.000000 0.000000 -0.873201 0.487361
1760658467.584668 98.755481 -59.878184 0.000000 0.000000 0.000000 -0.873096 0.487548
1760658467.784776 98.561455 -60.219858 0.000000 0.000000 0.000000 -0.873176 0.487405
1760658468.018001 98.367706 -60.543264 0.000000 0.000000 0.000000 -0.873042 0.487645
1760658468.251347 98.367213 -60.544149 0.000000 0.000000 0.000000 -0.872938 0.487831
1760658468.484656 98.161357 -60.881863 0.000000 0.000000 0.000000 -0.871597 0.490224
1760658468.721520 97.955781 -61.205337 0.000000 0.000000 0.000000 -0.869703 0.493576
1760658468.984673 97.743763 -61.511933 0.000000 0.000000 0.000000 -0.867451 0.497522
1760658469.184705 97.743223 -61.512815 0.000000 0.000000 0.000000 -0.866853 0.498563
1760658469.417999 97.537329 -61.842722 0.000000 0.000000 0.000000 -0.862963 0.505267
1760658469.618005 97.536932 -61.843396 0.000000 0.000000 0.000000 -0.862001 0.506906
1760658469.818012 97.325925 -62.184386 0.000000 0.000000 0.000000 -0.858649 0.512565
1760658470.051377 97.121460 -62.508902 0.000000 0.000000 0.000000 -0.855778 0.517342
1760658470.284667 97.120955 -62.509791 0.000000 0.000000 0.000000 -0.854138 0.520047
1760658470.517999 96.907596 -62.848735 0.000000 0.000000 0.000000 -0.852487 0.522749
1760658470.719495 96.702803 -63.177467 0.000000 0.000000 0.000000 -0.851335 0.524622
1760658470.951346 96.702333 -63.178282 0.000000 0.000000 0.000000 -0.849716 0.527240
1760658471.152401 96.489876 -63.516883 0.000000 0.000000 0.000000 -0.850152 0.526537
1760658471.384717 96.288517 -63.843058 0.000000 0.000000 0.000000 -0.850421 0.526103
1760658471.584762 96.288069 -63.843813 0.000000 0.000000 0.000000 -0.849404 0.527743
1760658471.817996 96.080542 -64.182353 0.000000 0.000000 0.000000 -0.850765 0.525546
1760658472.018052 96.080154 -64.182999 0.000000 0.000000 0.000000 -0.850027 0.526739
1760658472.251338 95.870466 -64.532490 0.000000 0.000000 0.000000 -0.852310 0.523037
1760658472.451417 95.672491 -64.871186 0.000000 0.000000 0.000000 -0.854411 0.519598
1760658472.684657 95.672017 -64.871965 0.000000 0.000000 0.000000 -0.854267 0.519834
1760658472.884671 95.469970 -65.221369 0.000000 0.000000 0.000000 -0.856623 0.515943
1760658473.085261 95.469623 -65.221940 0.000000 0.000000 0.000000 -0.856772 0.515696
1760658473.318014 95.268532 -65.577321 0.000000 0.000000 0.000000 -0.858547 0.512736
1760658473.551342 95.077802 -65.920551 0.000000 0.000000 0.000000 -0.859661 0.510864
1760658473.784666 95.077287 -65.921421 0.000000 0.000000 0.000000 -0.860125 0.510083
1760658474.018996 94.881134 -66.278376 0.000000 0.000000 0.000000 -0.861228 0.508218
1760658474.251312 94.688765 -66.620171 0.000000 0.000000 0.000000 -0.862441 0.506158
1760658474.451349 94.688333 -66.620910 0.000000 0.000000 0.000000 -0.862976 0.505244
1760658474.651376 94.489714 -66.971508 0.000000 0.000000 0.000000 -0.863833 0.503779
1760658474.884662 94.489293 -66.972224 0.000000 0.000000 0.000000 -0.864496 0.502640
1760658475.084672 94.290527 -67.332153 0.000000 0.000000 0.000000 -0.865228 0.501379
1760658475.351348 94.101879 -67.674643 0.000000 0.000000 0.000000 -0.866234 0.499638
1760658475.584657 94.101321 -67.675607 0.000000 0.000000 0.000000 -0.866942 0.498409
1760658475.784658 93.880932 -67.984684 0.000000 0.000000 0.000000 -0.869757 0.493480
1760658476.018005 93.678641 -68.286871 0.000000 0.000000 0.000000 -0.871698 0.490043
1760658476.251350 93.678087 -68.287678 0.000000 0.000000 0.000000 -0.872786 0.488102
1760658476.485646 93.467932 -68.605197 0.000000 0.000000 0.000000 -0.874030 0.485872
1760658476.718340 93.265664 -68.914776 0.000000 0.000000 0.000000 -0.875091 0.483959
1760658476.951344 93.065408 -69.215896 0.000000 0.000000 0.000000 -0.876117 0.482098
1760658477.187388 93.064763 -69.216825 0.000000 0.000000 0.000000 -0.877205 0.480116
1760658477.417998 92.853692 -69.534907 0.000000 0.000000 0.000000 -0.877727 0.479162
1760658477.651329 92.651438 -69.846787 0.000000 0.000000 0.000000 -0.878373 0.477976
1760658477.851358 92.650942 -69.847511 0.000000 0.000000 0.000000 -0.879189 0.476472
1760658478.051922 92.442473 -70.172346 0.000000 0.000000 0.000000 -0.879209 0.476437
1760658478.284650 92.245162 -70.487593 0.000000 0.000000 0.000000 -0.879370 0.476140
1760658478.484655 92.244685 -70.488316 0.000000 0.000000 0.000000 -0.880021 0.474935
1760658478.684666 92.028035 -70.805652 0.000000 0.000000 0.000000 -0.879959 0.475050
1760658478.918029 91.816394 -71.110368 0.000000 0.000000 0.000000 -0.879606 0.475703
1760658479.151341 91.815805 -71.111228 0.000000 0.000000 0.000000 -0.880141 0.474712
1760658479.351889 91.594546 -71.433181 0.000000 0.000000 0.000000 -0.878919 0.476971
1760658479.584643 91.377628 -71.740570 0.000000 0.000000 0.000000 -0.877641 0.479318
1760658479.784664 91.377149 -71.741271 0.000000 0.000000 0.000000 -0.877740 0.479137
1760658480.017994 91.147577 -72.058057 0.000000 0.000000 0.000000 -0.875921 0.482455
1760658480.251334 90.927682 -72.368844 0.000000 0.000000 0.000000 -0.873912 0.486084
1760658480.451350 90.927199 -72.369552 0.000000 0.000000 0.000000 -0.873591 0.486660
1760658480.684885 90.694716 -72.688847 0.000000 0.000000 0.000000 -0.871659 0.490113
1760658480.920496 90.469956 -73.000055 0.000000 0.000000 0.000000 -0.870073 0.492923
1760658481.151342 90.469358 -73.000929 0.000000 0.000000 0.000000 -0.869372 0.494158
1760658481.351345 90.229363 -73.322339 0.000000 0.000000 0.000000 -0.868488 0.495711
1760658481.584648 90.008172 -73.635788 0.000000 0.000000 0.000000 -0.867331 0.497732
1760658481.784662 90.007673 -73.636512 0.000000 0.000000 0.000000 -0.866642 0.498931
1760658481.984792 89.778446 -73.961437 0.000000 0.000000 0.000000 -0.866238 0.499631
1760658482.251332 89.563840 -74.277428 0.000000 0.000000 0.000000 -0.865502 0.500905
1760658482.451381 89.563304 -74.278224 0.000000 0.000000 0.000000 -0.864856 0.502020
1760658482.685798 89.333732 -74.605195 0.000000 0.000000 0.000000 -0.864918 0.501914
1760658482.918046 89.159921 -74.921952 0.000000 0.000000 0.000000 -0.864004 0.503485
1760658483.151365 89.159384 -74.922824 0.000000 0.000000 0.000000 -0.863319 0.504659
1760658483.384665 88.977960 -75.256968 0.000000 0.000000 0.000000 -0.863116 0.505006
1760658483.617997 88.797527 -75.580184 0.000000 0.000000 0.000000 -0.863070 0.505084
1760658483.818006 88.797114 -75.580917 0.000000 0.000000 0.000000 -0.862599 0.505888
1760658484.051346 88.610440 -75.916778 0.000000 0.000000 0.000000 -0.862955 0.505282
1760658484.251387 88.433877 -76.245856 0.000000 0.000000 0.000000 -0.862935 0.505315
1760658484.484655 88.433426 -76.246682 0.000000 0.000000 0.000000 -0.862548 0.505976
1760658484.684675 88.248583 -76.587331 0.000000 0.000000 0.000000 -0.862805 0.505536
1760658484.918041 88.070452 -76.915158 0.000000 0.000000 0.000000 -0.862937 0.505312
1760658485.151374 88.069945 -76.916092 0.000000 0.000000 0.000000 -0.862684 0.505744
1760658485.384660 87.879664 -77.258528 0.000000 0.000000 0.000000 -0.862962 0.505269
1760658485.584912 87.687696 -77.586148 0.000000 0.000000 0.000000 -0.863375 0.504563
1760658485.851465 87.506315 -77.905815 0.000000 0.000000 0.000000 -0.863716 0.503979
1760658486.084656 87.505677 -77.906937 0.000000 0.000000 0.000000 -0.863664 0.504068
1760658486.284663 87.313172 -78.248953 0.000000 0.000000 0.000000 -0.864042 0.503419
1760658486.517992 87.123348 -78.576050 0.000000 0.000000 0.000000 -0.864437 0.502742
1760658486.718000 87.122901 -78.576826 0.000000 0.000000 0.000000 -0.864482 0.502663
1760658486.918002 86.922704 -78.915494 0.000000 0.000000 0.000000 -0.865072 0.501647
1760658487.151358 86.730724 -79.242503 0.000000 0.000000 0.000000 -0.865557 0.500811
1760658487.351361 86.730277 -79.243260 0.000000 0.000000 0.000000 -0.865702 0.500560
1760658487.551495 86.533410 -79.585451 0.000000 0.000000 0.000000 -0.865716 0.500535
1760658487.755799 86.533058 -79.586053 0.000000 0.000000 0.000000 -0.865849 0.500305
1760658487.984656 86.323808 -79.930201 0.000000 0.000000 0.000000 -0.866321 0.499488
1760658488.184660 86.117072 -80.258949 0.000000 0.000000 0.000000 -0.866584 0.499031
1760658488.386006 86.116678 -80.259589 0.000000 0.000000 0.000000 -0.866759 0.498726
1760658488.618010 85.910828 -80.599600 0.000000 0.000000 0.000000 -0.866665 0.498891
1760658488.851335 85.719196 -80.933528 0.000000 0.000000 0.000000 -0.866305 0.499515
1760658489.052451 85.718751 -80.934276 0.000000 0.000000 0.000000 -0.866390 0.499367
1760658489.284669 85.552917 -81.284795 0.000000 0.000000 0.000000 -0.864763 0.502180
1760658489.520537 85.394109 -81.627191 0.000000 0.000000 0.000000 -0.863760 0.503903
1760658489.751323 85.232932 -81.960055 0.000000 0.000000 0.000000 -0.863761 0.503902
1760658489.951340 85.232515 -81.960909 0.000000 0.000000 0.000000 -0.863590 0.504194
1760658490.184658 85.061834 -82.307986 0.000000 0.000000 0.000000 -0.864265 0.503036
1760658490.418001 84.939195 -82.642997 0.000000 0.000000 0.000000 -0.863738 0.503942
1760658490.618158 84.938837 -82.643816 0.000000 0.000000 0.000000 -0.863618 0.504147
1760658490.851332 84.808390 -82.994439 0.000000 0.000000 0.000000 -0.863798 0.503838
1760658491.084665 84.679426 -83.337499 0.000000 0.000000 0.000000 -0.864895 0.501953
1760658491.317993 84.679034 -83.338482 0.000000 0.000000 0.000000 -0.864954 0.501852
1760658491.518243 84.540984 -83.699082 0.000000 0.000000 0.000000 -0.867487 0.497460
1760658491.751323 84.403119 -84.044739 0.000000 0.000000 0.000000 -0.871100 0.491105
1760658491.951337 84.402783 -84.045533 0.000000 0.000000 0.000000 -0.871770 0.489916
1760658492.184679 84.262310 -84.406562 0.000000 0.000000 0.000000 -0.877180 0.480161
1760658492.418006 84.120000 -84.755804 0.000000 0.000000 0.000000 -0.883244 0.468913
1760658492.618033 84.119635 -84.756581 0.000000 0.000000 0.000000 -0.884878 0.465822
1760658492.818060 83.967783 -85.117543 0.000000 0.000000 0.000000 -0.891468 0.453084
1760658493.051350 83.812741 -85.460291 0.000000 0.000000 0.000000 -0.899846 0.436208
1760658493.284676 83.812230 -85.461218 0.000000 0.000000 0.000000 -0.902959 0.429727
1760658493.517992 83.647148 -85.820428 0.000000 0.000000 0.000000 -0.912178 0.409794
1760658493.751328 83.493231 -86.171255 0.000000 0.000000 0.000000 -0.921551 0.388257
1760658493.951340 83.492772 -86.171987 0.000000 0.000000 0.000000 -0.925138 0.379632
1760658494.151341 83.332821 -86.535148 0.000000 0.000000 0.000000 -0.933124 0.359555
1760658494.351348 83.181551 -86.885020 0.000000 0.000000 0.000000 -0.941039 0.338297
1760658494.554509 83.181105 -86.885686 0.000000 0.000000 0.000000 -0.945105 0.326767
1760658494.784655 83.012751 -87.237863 0.000000 0.000000 0.000000 -0.952384 0.304901
1760658495.017988 82.839487 -87.574837 0.000000 0.000000 0.000000 -0.959536 0.281584
1760658495.217992 82.838962 -87.575530 0.000000 0.000000 0.000000 -0.963401 0.268064
1760658495.417994 82.650686 -87.920816 0.000000 0.000000 0.000000 -0.968172 0.250284
1760658495.618006 82.462059 -88.248638 0.000000 0.000000 0.000000 -0.973183 0.230031
1760658495.851328 82.461442 -88.249377 0.000000 0.000000 0.000000 -0.977124 0.212672
1760658496.084664 82.265201 -88.591213 0.000000 0.000000 0.000000 -0.981009 0.193960
1760658496.318004 82.137203 -88.893610 0.000000 0.000000 0.000000 -0.984947 0.172857
1760658496.584647 81.995243 -89.185592 0.000000 0.000000 0.000000 -0.989073 0.147426
1760658496.785549 81.994629 -89.186355 0.000000 0.000000 0.000000 -0.991356 0.131200
1760658497.018024 81.861240 -89.502760 0.000000 0.000000 0.000000 -0.993356 0.115078
1760658497.251363 81.717108 -89.808701 0.000000 0.000000 0.000000 -0.995435 0.095438
1760658497.484659 81.716511 -89.809497 0.000000 0.000000 0.000000 -0.997056 0.076678
1760658497.684663 81.544805 -90.118924 0.000000 0.000000 0.000000 -0.997857 0.065425
1760658497.918029 81.359843 -90.402209 0.000000 0.000000 0.000000 -0.998937 0.046097
1760658498.118052 81.359323 -90.402815 0.000000 0.000000 0.000000 -0.999539 0.030370
1760658498.351342 81.183300 -90.707058 0.000000 0.000000 0.000000 -0.999727 0.023358
1760658498.553647 81.182856 -90.707582 0.000000 0.000000 0.000000 -0.999962 0.008686
1760658498.784670 80.977426 -90.994870 0.000000 0.000000 0.000000 -0.999995 0.003055
1760658499.019506 80.763660 -91.262727 0.000000 0.000000 0.000000 0.999953 0.009745
1760658499.284659 80.565210 -91.534413 0.000000 0.000000 0.000000 0.999701 0.024457
1760658499.484662 80.564585 -91.535063 0.000000 0.000000 0.000000 0.999308 0.037194
1760658499.686656 80.336028 -91.794648 0.000000 0.000000 0.000000 0.999069 0.043148
1760658499.951348 80.098469 -92.023392 0.000000 0.000000 0.000000 0.998423 0.056139
1760658500.151350 80.097821 -92.023951 0.000000 0.000000 0.000000 0.997700 0.067782
1760658500.384671 79.832318 -92.233687 0.000000 0.000000 0.000000 0.997238 0.074275
1760658500.618022 79.560567 -92.410464 0.000000 0.000000 0.000000 0.996553 0.082958
1760658500.851359 79.559798 -92.410954 0.000000 0.000000 0.000000 0.995468 0.095097
1760658501.084682 79.262854 -92.570492 0.000000 0.000000 0.000000 0.995114 0.098733
1760658501.320040 78.965563 -92.696928 0.000000 0.000000 0.000000 0.994620 0.103593
1760658501.551341 78.964741 -92.697291 0.000000 0.000000 0.000000 0.993510 0.113741
1760658501.785535 78.645387 -92.804832 0.000000 0.000000 0.000000 0.993723 0.111869
1760658502.018000 78.327647 -92.896651 0.000000 0.000000 0.000000 0.993873 0.110529
1760658502.218046 78.326939 -92.896872 0.000000 0.000000 0.000000 0.993144 0.116899
1760658502.451325 77.994296 -92.964699 0.000000 0.000000 0.000000 0.993678 0.112263
1760658502.684676 77.665551 -93.016470 0.000000 0.000000 0.000000 0.994003 0.109353
1760658502.952512 77.338867 -93.055263 0.000000 0.000000 0.000000 0.994236 0.107218
1760658503.184757 77.337759 -93.055453 0.000000 0.000000 0.000000 0.993820 0.111004
1760658503.387538 76.986032 -93.082471 0.000000 0.000000 0.000000 0.994490 0.104834
1760658503.618070 76.985284 -93.082567 0.000000 0.000000 0.000000 0.994219 0.107371
1760658503.851375 76.618953 -93.106020 0.000000 0.000000 0.000000 0.994816 0.101693
1760658504.084658 76.262692 -93.117960 0.000000 0.000000 0.000000 0.995057 0.099306
1760658504.284677 76.261927 -93.118018 0.000000 0.000000 0.000000 0.994968 0.100198
1760658504.518005 75.892599 -93.119763 0.000000 0.000000 0.000000 0.994901 0.100852
1760658504.752126 75.891767 -93.119796 0.000000 0.000000 0.000000 0.994801 0.101840
1760658504.984700 75.507528 -93.121285 0.000000 0.000000 0.000000 0.994233 0.107246
1760658505.218065 75.214206 -93.092166 0.000000 0.000000 0.000000 0.992847 0.119394
1760658505.451352 75.213362 -93.092113 0.000000 0.000000 0.000000 0.992503 0.122217
1760658505.651391 74.915720 -93.099399 0.000000 0.000000 0.000000 0.991786 0.127909
1760658505.885464 74.915091 -93.099370 0.000000 0.000000 0.000000 0.991362 0.131150
1760658506.085519 74.600661 -93.102196 0.000000 0.000000 0.000000 0.989942 0.141472
1760658506.351369 74.296664 -93.084901 0.000000 0.000000 0.000000 0.987892 0.155143
1760658506.551379 74.295972 -93.084835 0.000000 0.000000 0.000000 0.987176 0.159636
1760658506.784676 74.017672 -93.069042 0.000000 0.000000 0.000000 0.986037 0.166528
1760658507.051374 73.738100 -93.042051 0.000000 0.000000 0.000000 0.984533 0.175197
1760658507.284660 73.737295 -93.041939 0.000000 0.000000 0.000000 0.983497 0.180924
1760658507.518002 73.434327 -93.002470 0.000000 0.000000 0.000000 0.982808 0.184632
1760658507.718006 73.145719 -92.938976 0.000000 0.000000 0.000000 0.982678 0.185321
1760658507.951352 73.145032 -92.938835 0.000000 0.000000 0.000000 0.981731 0.190273
1760658508.184675 72.841685 -92.860998 0.000000 0.000000 0.000000 0.982590 0.185789
1760658508.418005 72.546321 -92.769850 0.000000 0.000000 0.000000 0.983854 0.178972
1760658508.651374 72.252331 -92.674306 0.000000 0.000000 0.000000 0.985408 0.170206
1760658508.885593 72.251413 -92.674060 0.000000 0.000000 0.000000 0.985237 0.171193
1760658509.118010 71.940296 -92.560623 0.000000 0.000000 0.000000 0.987574 0.157152
1760658509.351315 71.634342 -92.442303 0.000000 0.000000 0.000000 0.989557 0.144139
1760658509.590510 71.633416 -92.442037 0.000000 0.000000 0.000000 0.989928 0.141571
1760658509.818013 71.307484 -92.315316 0.000000 0.000000 0.000000 0.991837 0.127509
1760658510.051328 70.986539 -92.194084 0.000000 0.000000 0.000000 0.993282 0.115720
1760658510.284662 70.667370 -92.080175 0.000000 0.000000 0.000000 0.994493 0.104806
1760658510.517994 70.666340 -92.079894 0.000000 0.000000 0.000000 0.995083 0.099047
1760658510.718859 70.327195 -91.956635 0.000000 0.000000 0.000000 0.995787 0.091697
1760658510.951322 69.996148 -91.839994 0.000000 0.000000 0.000000 0.996453 0.084154
1760658511.151346 69.995339 -91.839776 0.000000 0.000000 0.000000 0.996893 0.078774
1760658511.351516 69.646953 -91.721196 0.000000 0.000000 0.000000 0.997229 0.074391
1760658511.551686 69.306539 -91.616917 0.000000 0.000000 0.000000 0.997611 0.069081
1760658511.784661 69.305653 -91.616690 0.000000 0.000000 0.000000 0.998018 0.062930
1760658512.017996 68.949223 -91.504925 0.000000 0.000000 0.000000 0.998240 0.059308
1760658512.218009 68.598783 -91.401182 0.000000 0.000000 0.000000 0.998523 0.054332
1760658512.451323 68.255570 -91.307363 0.000000 0.000000 0.000000 0.998881 0.047286
1760658512.651335 68.254655 -91.307152 0.000000 0.000000 0.000000 0.999112 0.042145
1760658512.851360 67.894280 -91.203178 0.000000 0.000000 0.000000 0.999272 0.038138
1760658513.084656 67.542174 -91.117093 0.000000 0.000000 0.000000 0.999498 0.031674
1760658513.284671 67.541308 -91.116913 0.000000 0.000000 0.000000 0.999646 0.026590
1760658513.517991 67.192819 -90.998425 0.000000 0.000000 0.000000 0.999647 0.026587
1760658513.751322 66.848964 -90.885388 0.000000 0.000000 0.000000 0.999700 0.024509
1760658513.984652 66.536133 -90.747980 0.000000 0.000000 0.000000 0.999675 0.025486
1760658514.184666 66.535253 -90.747696 0.000000 0.000000 0.000000 0.999757 0.022030
1760658514.384675 66.200549 -90.612209 0.000000 0.000000 0.000000 0.999698 0.024579
1760658514.618017 65.870563 -90.490936 0.000000 0.000000 0.000000 0.999694 0.024752
1760658514.851349 65.869555 -90.490580 0.000000 0.000000 0.000000 0.999759 0.021948
1760658515.084679 65.515317 -90.374639 0.000000 0.000000 0.000000 0.999745 0.022588
1760658515.318026 65.169998 -90.291905 0.000000 0.000000 0.000000 0.999775 0.021189
1760658515.584656 64.827665 -90.214645 0.000000 0.000000 0.000000 0.999807 0.019653
1760658515.784664 64.826671 -90.214390 0.000000 0.000000 0.000000 0.999841 0.017846
1760658516.017998 64.465614 -90.122099 0.000000 0.000000 0.000000 0.999809 0.019563
1760658516.219605 64.152200 -90.041986 0.000000 0.000000 0.000000 0.999782 0.020886
1760658516.484698 63.841296 -89.963215 0.000000 0.000000 0.000000 0.999763 0.021770
1760658516.685398 63.840323 -89.962967 0.000000 0.000000 0.000000 0.999781 0.020941
1760658516.918000 63.504844 -89.878723 0.000000 0.000000 0.000000 0.999733 0.023110
1760658517.118007 63.183780 -89.775276 0.000000 0.000000 0.000000 0.999658 0.026157
1760658517.318009 63.183065 -89.775069 0.000000 0.000000 0.000000 0.999660 0.026075
1760658517.551312 62.853547 -89.653926 0.000000 0.000000 0.000000 0.999470 0.032563
1760658517.751319 62.532394 -89.571652 0.000000 0.000000 0.000000 0.999384 0.035089
1760658517.984661 62.213789 -89.501329 0.000000 0.000000 0.000000 0.999311 0.037121
1760658518.184662 62.212931 -89.501081 0.000000 0.000000 0.000000 0.999274 0.038091
1760658518.384664 61.872153 -89.429543 0.000000 0.000000 0.000000 0.999204 0.039887
1760658518.618495 61.537237 -89.364269 0.000000 0.000000 0.000000 0.999118 0.041995
1760658518.851313 61.536242 -89.364025 0.000000 0.000000 0.000000 0.999060 0.043350
1760658519.051364 61.176908 -89.304251 0.000000 0.000000 0.000000 0.998970 0.045383
1760658519.284659 60.826346 -89.249765 0.000000 0.000000 0.000000 0.998821 0.048553
1760658519.519524 60.478325 -89.199916 0.000000 0.000000 0.000000 0.998617 0.052580
1760658519.784644 60.131071 -89.152635 0.000000 0.000000 0.000000 0.998344 0.057523
1760658519.984662 60.130000 -89.152437 0.000000 0.000000 0.000000 0.998226 0.059538
1760658520.217991 59.762497 -89.127835 0.000000 0.000000 0.000000 0.998083 0.061895
1760658520.419511 59.400004 -89.101798 0.000000 0.000000 0.000000 0.997935 0.064227
1760658520.684654 59.044963 -89.073717 0.000000 0.000000 0.000000 0.997679 0.068100
1760658520.884672 59.043871 -89.073584 0.000000 0.000000 0.000000 0.997527 0.070286
1760658521.086500 58.664236 -89.044609 0.000000 0.000000 0.000000 0.997326 0.073078
1760658521.317997 58.335778 -89.019494 0.000000 0.000000 0.000000 0.997172 0.075152
1760658521.518005 58.334906 -89.019397 0.000000 0.000000 0.000000 0.997004 0.077350
1760658521.751319 58.028427 -88.996001 0.000000 0.000000 0.000000 0.996996 0.077447
1760658521.951327 57.788247 -89.007484 0.000000 0.000000 0.000000 0.996968 0.077814
1760658522.184660 57.787475 -89.007440 0.000000 0.000000 0.000000 0.996806 0.079864
1760658522.384662 57.521142 -89.014383 0.000000 0.000000 0.000000 0.996742 0.080652
1760658522.618009 57.251537 -89.010789 0.000000 0.000000 0.000000 0.996529 0.083241
1760658522.851313 57.250735 -89.010763 0.000000 0.000000 0.000000 0.996359 0.085256
1760658523.051323 56.954865 -88.999216 0.000000 0.000000 0.000000 0.996134 0.087843
1760658523.251756 56.673633 -89.020524 0.000000 0.000000 0.000000 0.995948 0.089933
1760658523.517996 56.390197 -89.031834 0.000000 0.000000 0.000000 0.995688 0.092762
1760658523.719520 56.389387 -89.031835 0.000000 0.000000 0.000000 0.995508 0.094672
1760658523.951336 56.079238 -89.032885 0.000000 0.000000 0.000000 0.995308 0.096759
1760658524.151524 55.768912 -89.023060 0.000000 0.000000 0.000000 0.995189 0.097974
1760658524.418022 55.461232 -89.002476 0.000000 0.000000 0.000000 0.995009 0.099787
1760658524.651371 55.460147 -89.002422 0.000000 0.000000 0.000000 0.994803 0.101820
1760658524.884697 55.122801 -88.979393 0.000000 0.000000 0.000000 0.994990 0.099974
1760658525.118012 54.788516 -88.949473 0.000000 0.000000 0.000000 0.995076 0.099111
1760658525.351359 54.455353 -88.920719 0.000000 0.000000 0.000000 0.995203 0.097829
1760658525.553651 54.454460 -88.920649 0.000000 0.000000 0.000000 0.995126 0.098607
1760658525.784657 54.101698 -88.882472 0.000000 0.000000 0.000000 0.995314 0.096699
1760658526.018038 53.753357 -88.842659 0.000000 0.000000 0.000000 0.995480 0.094976
1760658526.284651 53.407362 -88.806440 0.000000 0.000000 0.000000 0.995686 0.092791
1760658526.484654 53.406328 -88.806343 0.000000 0.000000 0.000000 0.995692 0.092727
1760658526.684669 53.037767 -88.761496 0.000000 0.000000 0.000000 0.995792 0.091641
1760658526.918556 52.679825 -88.713012 0.000000 0.000000 0.000000 0.995732 0.092296
1760658527.184656 52.325139 -88.666984 0.000000 0.000000 0.000000 0.995524 0.094514
1760658527.384679 52.324083 -88.666852 0.000000 0.000000 0.000000 0.995508 0.094683
1760658527.618005 51.945802 -88.618690 0.000000 0.000000 0.000000 0.995093 0.098944
1760658527.851332 51.576297 -88.564369 0.000000 0.000000 0.000000 0.994556 0.104199
1760658528.117995 51.212418 -88.509580 0.000000 0.000000 0.000000 0.993945 0.109880
1760658528.318011 51.211330 -88.509396 0.000000 0.000000 0.000000 0.993770 0.111452
1760658528.551353 50.837271 -88.427580 0.000000 0.000000 0.000000 0.992809 0.119709
1760658528.784802 50.471298 -88.345171 0.000000 0.000000 0.000000 0.991976 0.126429
1760658529.051311 50.110215 -88.270017 0.000000 0.000000 0.000000 0.991349 0.131256
1760658529.284669 50.108894 -88.269689 0.000000 0.000000 0.000000 0.990904 0.134574
1760658529.484676 49.726076 -88.216372 0.000000 0.000000 0.000000 0.990944 0.134277
1760658529.688492 49.358446 -88.154742 0.000000 0.000000 0.000000 0.990739 0.135778
1760658529.951329 48.999568 -88.095298 0.000000 0.000000 0.000000 0.990466 0.137755
1760658530.184662 48.998259 -88.095038 0.000000 0.000000 0.000000 0.990097 0.140384
1760658530.419031 48.614104 -88.026627 0.000000 0.000000 0.000000 0.990069 0.140580
1760658530.620577 48.239206 -87.957002 0.000000 0.000000 0.000000 0.989988 0.141155
1760658530.884655 47.875373 -87.886281 0.000000 0.000000 0.000000 0.989859 0.142054
1760658531.086563 47.874271 -87.886058 0.000000 0.000000 0.000000 0.989617 0.143730
1760658531.317994 47.489100 -87.807055 0.000000 0.000000 0.000000 0.989583 0.143964
1760658531.551891 47.113038 -87.729167 0.000000 0.000000 0.000000 0.989525 0.144360
1760658531.784660 47.111920 -87.728929 0.000000 0.000000 0.000000 0.989299 0.145903
1760658531.984716 46.718754 -87.639700 0.000000 0.000000 0.000000 0.989372 0.145406
1760658532.187511 46.341056 -87.552985 0.000000 0.000000 0.000000 0.989397 0.145235
1760658532.418018 46.340072 -87.552761 0.000000 0.000000 0.000000 0.989231 0.146361
1760658532.651347 45.947684 -87.462585 0.000000 0.000000 0.000000 0.989243 0.146279
1760658532.884668 45.584753 -87.349013 0.000000 0.000000 0.000000 0.988993 0.147959
1760658533.118041 45.583684 -87.348724 0.000000 0.000000 0.000000 0.988833 0.149028
1760658533.351324 45.202875 -87.229640 0.000000 0.000000 0.000000 0.988879 0.148720
1760658533.551526 44.836736 -87.106683 0.000000 0.000000 0.000000 0.988898 0.148596
1760658533.784660 44.835792 -87.106388 0.000000 0.000000 0.000000 0.988782 0.149368
1760658534.018005 44.484722 -86.951672 0.000000 0.000000 0.000000 0.988543 0.150937
1760658534.218025 44.142736 -86.801129 0.000000 0.000000 0.000000 0.988595 0.150600
1760658534.419554 44.141993 -86.800829 0.000000 0.000000 0.000000 0.988500 0.151222
1760658534.651381 43.787877 -86.651483 0.000000 0.000000 0.000000 0.989057 0.147533
1760658534.918047 43.442066 -86.507071 0.000000 0.000000 0.000000 0.989580 0.143981
1760658535.151336 43.440971 -86.506632 0.000000 0.000000 0.000000 0.989627 0.143663
1760658535.351346 43.071928 -86.363056 0.000000 0.000000 0.000000 0.990328 0.138745
1760658535.587530 42.717250 -86.226443 0.000000 0.000000 0.000000 0.990992 0.133918
1760658535.851284 42.368314 -86.097635 0.000000 0.000000 0.000000 0.991651 0.128949
1760658536.051561 42.367330 -86.097290 0.000000 0.000000 0.000000 0.991855 0.127371
1760658536.284659 41.998288 -85.965814 0.000000 0.000000 0.000000 0.992354 0.123422
1760658536.517995 41.636587 -85.847045 0.000000 0.000000 0.000000 0.992845 0.119410
1760658536.751348 41.281099 -85.734288 0.000000 0.000000 0.000000 0.993220 0.116249
1760658536.951352 41.280145 -85.733998 0.000000 0.000000 0.000000 0.993464 0.114142
1760658537.184657 40.906291 -85.626512 0.000000 0.000000 0.000000 0.993661 0.112418
1760658537.418017 40.541056 -85.520742 0.000000 0.000000 0.000000 0.993872 0.110540
1760658537.651313 40.539952 -85.520437 0.000000 0.000000 0.000000 0.994124 0.108243
1760658537.851326 40.182752 -85.380695 0.000000 0.000000 0.000000 0.993903 0.110254
1760658538.051327 39.835697 -85.251919 0.000000 0.000000 0.000000 0.993915 0.110145
1760658538.284667 39.834765 -85.251603 0.000000 0.000000 0.000000 0.994092 0.108543
1760658538.484680 39.471317 -85.121354 0.000000 0.000000 0.000000 0.994100 0.108467
1760658538.720469 39.121653 -84.992253 0.000000 0.000000 0.000000 0.994128 0.108213
1760658538.984651 38.796759 -84.842835 0.000000 0.000000 0.000000 0.993915 0.110148
1760658539.185534 38.795785 -84.842452 0.000000 0.000000 0.000000 0.993997 0.109410
1760658539.418006 38.447075 -84.694451 0.000000 0.000000 0.000000 0.993914 0.110157
1760658539.618124 38.103473 -84.555265 0.000000 0.000000 0.000000 0.993941 0.109914
1760658539.884663 37.766760 -84.424955 0.000000 0.000000 0.000000 0.994086 0.108592
1760658540.084671 37.765750 -84.424556 0.000000 0.000000 0.000000 0.994151 0.107997
1760658540.318007 37.408460 -84.283040 0.000000 0.000000 0.000000 0.994191 0.107635
1760658540.551338 37.057222 -84.147433 0.000000 0.000000 0.000000 0.994235 0.107224
1760658540.755514 37.056349 -84.147095 0.000000 0.000000 0.000000 0.994293 0.106680
1760658540.985545 36.687566 -84.010963 0.000000 0.000000 0.000000 0.994357 0.106082
1760658541.217994 36.328337 -83.878629 0.000000 0.000000 0.000000 0.994304 0.106580
1760658541.451340 35.974156 -83.756430 0.000000 0.000000 0.000000 0.994243 0.107151
1760658541.686502 35.972995 -83.756010 0.000000 0.000000 0.000000 0.994280 0.106809
1760658541.918434 35.596731 -83.632506 0.000000 0.000000 0.000000 0.994139 0.108110
1760658542.151329 35.228607 -83.518230 0.000000 0.000000 0.000000 0.993983 0.109537
1760658542.384651 34.866473 -83.412567 0.000000 0.000000 0.000000 0.993867 0.110585
1760658542.584665 34.865490 -83.412250 0.000000 0.000000 0.000000 0.993847 0.110760
1760658542.784672 34.485019 -83.308312 0.000000 0.000000 0.000000 0.993779 0.111369
1760658543.051308 34.116054 -83.212094 0.000000 0.000000 0.000000 0.993712 0.111968
1760658543.251345 34.115039 -83.211800 0.000000 0.000000 0.000000 0.993682 0.112230
1760658543.486505 33.739790 -83.088618 0.000000 0.000000 0.000000 0.992948 0.118552
1760658543.718000 33.372359 -82.974714 0.000000 0.000000 0.000000 0.992606 0.121385
1760658543.984648 33.011752 -82.865502 0.000000 0.000000 0.000000 0.992344 0.123504
1760658544.184672 33.010705 -82.865160 0.000000 0.000000 0.000000 0.992196 0.124687
1760658544.418008 32.650091 -82.724857 0.000000 0.000000 0.000000 0.991346 0.131276
1760658544.652822 32.295774 -82.593566 0.000000 0.000000 0.000000 0.990886 0.134700
1760658544.884663 31.945588 -82.472214 0.000000 0.000000 0.000000 0.990687 0.136160
1760658545.118013 31.944435 -82.471773 0.000000 0.000000 0.000000 0.990393 0.138278
1760658545.351341 31.571544 -82.357466 0.000000 0.000000 0.000000 0.990600 0.136793
1760658545.584661 31.210102 -82.239322 0.000000 0.000000 0.000000 0.990660 0.136355
1760658545.819533 30.861756 -82.112240 0.000000 0.000000 0.000000 0.990428 0.138027
1760658546.051327 30.860576 -82.111817 0.000000 0.000000 0.000000 0.990230 0.139441
1760658546.284671 30.488982 -81.990750 0.000000 0.000000 0.000000 0.990315 0.138840
1760658546.484821 30.126144 -81.872768 0.000000 0.000000 0.000000 0.990516 0.137399
1760658546.717990 29.772852 -81.761297 0.000000 0.000000 0.000000 0.990681 0.136200
1760658546.918012 29.771862 -81.760973 0.000000 0.000000 0.000000 0.990613 0.136699
1760658547.151350 29.399673 -81.646354 0.000000 0.000000 0.000000 0.990825 0.135154
1760658547.353521 29.033694 -81.540770 0.000000 0.000000 0.000000 0.990988 0.133949
1760658547.620502 28.677934 -81.434920 0.000000 0.000000 0.000000 0.990929 0.134385
1760658547.884735 28.320606 -81.330900 0.000000 0.000000 0.000000 0.990696 0.136091
1760658548.118850 28.319196 -81.330477 0.000000 0.000000 0.000000 0.990647 0.136449
1760658548.351338 27.933618 -81.226931 0.000000 0.000000 0.000000 0.990349 0.138595
1760658548.551344 27.569355 -81.106372 0.000000 0.000000 0.000000 0.988844 0.148953
1760658548.817983 27.213615 -80.995349 0.000000 0.000000 0.000000 0.987236 0.159265
1760658549.018014 27.212500 -80.994952 0.000000 0.000000 0.000000 0.986829 0.161765
1760658549.251334 26.833062 -80.883869 0.000000 0.000000 0.000000 0.985003 0.172535
1760658549.484665 26.462075 -80.774931 0.000000 0.000000 0.000000 0.982980 0.183713
1760658549.684686 26.098085 -80.667979 0.000000 0.000000 0.000000 0.980919 0.194416
1760658549.917998 26.096995 -80.667562 0.000000 0.000000 0.000000 0.979772 0.200119
1760658550.118009 25.715723 -80.553852 0.000000 0.000000 0.000000 0.977774 0.209664
1760658550.351320 25.345247 -80.456496 0.000000 0.000000 0.000000 0.975622 0.219458
1760658550.584669 24.982099 -80.355810 0.000000 0.000000 0.000000 0.973277 0.229633
1760658550.818004 24.980886 -80.355344 0.000000 0.000000 0.000000 0.971556 0.236810
1760658551.018028 24.598528 -80.240359 0.000000 0.000000 0.000000 0.969807 0.243873
1760658551.251339 24.232241 -80.121037 0.000000 0.000000 0.000000 0.967435 0.253120
1760658551.484648 23.877679 -79.992130 0.000000 0.000000 0.000000 0.964407 0.264423
1760658551.684669 23.876717 -79.991709 0.000000 0.000000 0.000000 0.962504 0.271268
1760658551.885716 23.506480 -79.857628 0.000000 0.000000 0.000000 0.960472 0.278376
1760658552.118004 23.185909 -79.741478 0.000000 0.000000 0.000000 0.958866 0.283861
1760658552.384676 22.870381 -79.616675 0.000000 0.000000 0.000000 0.955750 0.294179
1760658552.584690 22.869409 -79.616211 0.000000 0.000000 0.000000 0.953658 0.300891
1760658552.818019 22.530977 -79.479770 0.000000 0.000000 0.000000 0.951646 0.307197
1760658553.020523 22.202748 -79.335693 0.000000 0.000000 0.000000 0.950559 0.310543
1760658553.286530 21.917462 -79.210460 0.000000 0.000000 0.000000 0.949288 0.314407
