# timestamp tx ty tz qx qy qz qw
1759519053.660687 0.000000 0.000000 0.000000 0.000000 0.000000 0.000000 1.000000
1760655972.659771 0.000000 0.000000 0.000000 0.000000 0.000000 0.000000 1.000000
1760655972.893087 0.000000 0.000000 0.000000 0.000000 0.000000 0.000000 1.000000
1760655973.093089 0.000000 0.000000 0.000000 0.000000 0.000000 0.000000 1.000000
1760655973.293211 0.000000 0.000000 0.000000 0.000000 0.000000 0.000000 1.000000
1760655973.526402 0.000000 0.000000 0.000000 0.000000 0.000000 0.000000 1.000000
1760655973.726422 0.000000 0.000000 0.000000 0.000000 0.000000 0.000000 1.000000
1760655973.926430 0.000000 0.000000 0.000000 0.000000 0.000000 0.000000 1.000000
1760655974.126437 0.000000 0.000000 0.000000 0.000000 0.000000 0.000000 1.000000
1760655974.326508 0.000000 0.000000 0.000000 0.000000 0.000000 0.000000 1.000000
1760655974.560656 0.000000 0.000000 0.000000 0.000000 0.000000 0.000000 1.000000
1760655974.762510 0.000000 0.000000 0.000000 0.000000 0.000000 0.000000 1.000000
1760655974.993136 0.000000 0.000000 0.000000 0.000000 0.000000 0.000000 1.000000
1760655975.226448 0.000000 0.000000 0.000000 0.000000 0.000000 0.000000 1.000000
1760655975.426455 0.104099 -0.008918 0.000000 0.000000 0.000000 -0.000000 1.000000
1760655975.626502 0.255319 0.021206 0.000000 0.000000 0.000000 -0.000072 1.000000
1760655975.860498 0.443856 0.058763 0.000000 0.000000 0.000000 -0.000120 1.000000
1760655976.093103 0.507809 0.071503 0.000000 0.000000 0.000000 -0.000140 1.000000
1760655976.359757 0.601949 0.090256 0.000000 0.000000 0.000000 -0.000147 1.000000
1760655976.559764 0.590120 0.077342 0.000000 0.000000 0.000000 -0.000148 1.000000
1760655976.759765 0.579916 0.066185 0.000000 0.000000 0.000000 -0.000147 1.000000
1760655977.029493 0.651986 0.062997 0.000000 0.000000 0.000000 -0.000200 1.000000
1760655977.259763 0.682020 0.061669 0.000000 0.000000 0.000000 -0.000224 1.000000
1760655977.493092 0.709301 0.060463 0.000000 0.000000 0.000000 -0.000240 1.000000
1760655977.728490 0.833642 0.084712 0.000000 0.000000 0.000000 -0.000338 1.000000
1760655977.959770 0.886233 0.094969 0.000000 0.000000 0.000000 -0.000383 1.000000
1760655978.193089 0.891922 0.106391 0.000000 0.000000 0.000000 -0.000307 1.000000
1760655978.426432 0.901593 0.125788 0.000000 0.000000 0.000000 -0.000186 1.000000
1760655978.629513 0.905737 0.134115 0.000000 0.000000 0.000000 -0.000142 1.000000
1760655978.859765 0.868532 0.135803 0.000000 0.000000 0.000000 -0.000102 1.000000
1760655979.126430 0.804531 0.138709 0.000000 0.000000 0.000000 -0.000053 1.000000
1760655979.326441 0.776332 0.139984 0.000000 0.000000 0.000000 -0.000032 1.000000
1760655979.559761 0.791192 0.138055 0.000000 0.000000 0.000000 0.000064 1.000000
1760655979.759789 0.843046 0.153378 0.000000 0.000000 0.000000 0.000131 1.000000
1760655979.993093 0.969745 0.178016 0.000000 0.000000 0.000000 0.000292 1.000000
1760655980.193094 1.044871 0.188039 0.000000 0.000000 0.000000 0.000413 1.000000
1760655980.393123 1.155269 0.197352 0.000000 0.000000 0.000000 0.001056 0.999999
1760655980.661488 1.381819 0.219942 0.000000 0.000000 0.000000 0.002229 0.999998
1760655980.893098 1.541602 0.231553 0.000000 0.000000 0.000000 0.002945 0.999996
1760655981.159758 1.859372 0.253576 0.000000 0.000000 0.000000 0.004556 0.999990
1760655981.359769 1.942388 0.268545 0.000000 0.000000 0.000000 0.005299 0.999986
1760655981.559776 2.059426 0.289691 0.000000 0.000000 0.000000 0.006474 0.999979
1760655981.826424 2.371806 0.345770 0.000000 0.000000 0.000000 0.009159 0.999958
1760655982.026429 2.491228 0.376092 0.000000 0.000000 0.000000 0.010320 0.999947
1760655982.226440 2.642320 0.410668 0.000000 0.000000 0.000000 0.011841 0.999930
1760655982.493092 2.939843 0.473786 0.000000 0.000000 0.000000 0.013865 0.999904
1760655982.693093 3.092391 0.503865 0.000000 0.000000 0.000000 0.014992 0.999888
1760655982.893100 3.274467 0.532566 0.000000 0.000000 0.000000 0.015388 0.999882
1760655983.126425 3.699959 0.586996 0.000000 0.000000 0.000000 0.015015 0.999887
1760655983.326426 3.945684 0.612171 0.000000 0.000000 0.000000 0.014189 0.999899
1760655983.526434 4.176057 0.635778 0.000000 0.000000 0.000000 0.013310 0.999911
1760655983.759768 4.610681 0.692784 0.000000 0.000000 0.000000 0.011577 0.999933
1760655983.993094 4.822540 0.710599 0.000000 0.000000 0.000000 0.010312 0.999947
1760655984.226435 5.277188 0.737681 0.000000 0.000000 0.000000 0.007868 0.999969
1760655984.426445 5.508022 0.721026 0.000000 0.000000 0.000000 0.005089 0.999987
1760655984.693087 5.877630 0.700182 0.000000 0.000000 0.000000 0.001173 0.999999
1760655984.893097 6.065158 0.693739 0.000000 0.000000 0.000000 -0.000730 1.000000
1760655985.159760 6.425770 0.671568 0.000000 0.000000 0.000000 -0.003757 0.999993
1760655985.359773 6.606199 0.655746 0.000000 0.000000 0.000000 -0.005632 0.999984
1760655985.563279 6.814870 0.644862 0.000000 0.000000 0.000000 -0.006199 0.999981
1760655985.793092 7.234101 0.609792 0.000000 0.000000 0.000000 -0.007204 0.999974
1760655985.993104 7.476634 0.593926 0.000000 0.000000 0.000000 -0.007531 0.999972
1760655986.259762 7.936552 0.567844 0.000000 0.000000 0.000000 -0.007109 0.999975
1760655986.459765 8.202189 0.556193 0.000000 0.000000 0.000000 -0.006835 0.999977
1760655986.693089 8.772836 0.530020 0.000000 0.000000 0.000000 -0.005917 0.999982
1760655986.893099 9.045977 0.519662 0.000000 0.000000 0.000000 -0.005688 0.999984
1760655987.128495 9.631380 0.488904 0.000000 0.000000 0.000000 -0.005413 0.999985
1760655987.359761 9.949254 0.470382 0.000000 0.000000 0.000000 -0.005903 0.999983
1760655987.593094 10.621498 0.454390 0.000000 0.000000 0.000000 -0.006152 0.999981
1760655987.793111 10.977686 0.447783 0.000000 0.000000 0.000000 -0.006688 0.999978
1760655988.026427 11.637610 0.444385 0.000000 0.000000 0.000000 -0.007075 0.999975
1760655988.226591 11.951404 0.447164 0.000000 0.000000 0.000000 -0.007222 0.999974
1760655988.494501 12.581622 0.432599 0.000000 0.000000 0.000000 -0.009064 0.999959
1760655988.726439 12.911034 0.414313 0.000000 0.000000 0.000000 -0.011814 0.999930
1760655988.959780 13.585072 0.348509 0.000000 0.000000 0.000000 -0.017463 0.999848
1760655989.193123 13.904458 0.319394 0.000000 0.000000 0.000000 -0.020240 0.999795
1760655989.459761 14.543042 0.262436 0.000000 0.000000 0.000000 -0.024187 0.999707
1760655989.659785 14.869886 0.236107 0.000000 0.000000 0.000000 -0.026388 0.999652
1760655989.926425 15.480605 0.198553 0.000000 0.000000 0.000000 -0.029112 0.999576
1760655990.126430 15.775183 0.177740 0.000000 0.000000 0.000000 -0.031122 0.999516
1760655990.359783 16.078058 0.143119 0.000000 0.000000 0.000000 -0.038044 0.999276
1760655990.596495 16.639662 0.086310 0.000000 0.000000 0.000000 -0.045379 0.998970
1760655990.826427 16.942072 0.060364 0.000000 0.000000 0.000000 -0.049543 0.998772
1760655991.026430 17.269009 0.033149 0.000000 0.000000 0.000000 -0.052724 0.998609
1760655991.259758 17.943923 -0.010335 0.000000 0.000000 0.000000 -0.055801 0.998442
1760655991.493100 18.260975 -0.031589 0.000000 0.000000 0.000000 -0.058667 0.998278
1760655991.726430 18.586557 -0.081377 0.000000 0.000000 0.000000 -0.065761 0.997835
1760655991.993495 19.208669 -0.193464 0.000000 0.000000 0.000000 -0.076804 0.997046
1760655992.226436 19.510292 -0.269747 0.000000 0.000000 0.000000 -0.085372 0.996349
1760655992.459758 20.107638 -0.376206 0.000000 0.000000 0.000000 -0.088495 0.996077
1760655992.659759 20.407374 -0.434711 0.000000 0.000000 0.000000 -0.093454 0.995624
1760655992.859770 20.687849 -0.489452 0.000000 0.000000 0.000000 -0.097096 0.995275
1760655993.059781 20.989275 -0.543457 0.000000 0.000000 0.000000 -0.102105 0.994774
1760655993.261896 21.280579 -0.599927 0.000000 0.000000 0.000000 -0.106645 0.994297
1760655993.463493 21.591594 -0.656304 0.000000 0.000000 0.000000 -0.114751 0.993394
1760655993.693075 21.879383 -0.708473 0.000000 0.000000 0.000000 -0.121545 0.992586
1760655993.895505 22.188725 -0.767539 0.000000 0.000000 0.000000 -0.130847 0.991403
1760655994.126428 22.503921 -0.846811 0.000000 0.000000 0.000000 -0.141567 0.989929
1760655994.359771 22.839176 -0.925949 0.000000 0.000000 0.000000 -0.152938 0.988236
1760655994.593093 23.192915 -1.003207 0.000000 0.000000 0.000000 -0.165663 0.986182
1760655994.829534 23.563138 -1.078148 0.000000 0.000000 0.000000 -0.179790 0.983705
1760655995.093091 23.948703 -1.146446 0.000000 0.000000 0.000000 -0.197358 0.980332
1760655995.327492 24.348445 -1.194130 0.000000 0.000000 0.000000 -0.210944 0.977498
1760655995.559762 24.756768 -1.251799 0.000000 0.000000 0.000000 -0.224333 0.974513
1760655995.759775 24.758268 -1.252248 0.000000 0.000000 0.000000 -0.233648 0.972321
1760655995.993094 25.204135 -1.317146 0.000000 0.000000 0.000000 -0.246474 0.969150
1760655996.226429 25.651973 -1.375284 0.000000 0.000000 0.000000 -0.261526 0.965197
1760655996.426435 26.048972 -1.460827 0.000000 0.000000 0.000000 -0.278462 0.960447
1760655996.626437 26.447401 -1.543917 0.000000 0.000000 0.000000 -0.295371 0.955383
1760655996.859769 26.848067 -1.628394 0.000000 0.000000 0.000000 -0.316980 0.948432
1760655997.059789 27.257291 -1.707840 0.000000 0.000000 0.000000 -0.333830 0.942633
1760655997.326429 27.669536 -1.785958 0.000000 0.000000 0.000000 -0.357260 0.934005
1760655997.559756 28.094928 -1.861265 0.000000 0.000000 0.000000 -0.376329 0.926486
1760655997.759777 28.096352 -1.861849 0.000000 0.000000 0.000000 -0.389968 0.920829
1760655997.959792 28.540395 -1.971385 0.000000 0.000000 0.000000 -0.403775 0.914858
1760655998.193107 28.974691 -2.091888 0.000000 0.000000 0.000000 -0.423164 0.906053
1760655998.426429 29.406086 -2.221925 0.000000 0.000000 0.000000 -0.443925 0.896064
1760655998.629508 29.834829 -2.360760 0.000000 0.000000 0.000000 -0.457056 0.889438
1760655998.893100 30.257082 -2.508025 0.000000 0.000000 0.000000 -0.477267 0.878758
1760655999.164153 30.682886 -2.667114 0.000000 0.000000 0.000000 -0.498764 0.866738
1760655999.426440 31.109762 -2.841271 0.000000 0.000000 0.000000 -0.513603 0.858028
1760655999.626504 31.111250 -2.842185 0.000000 0.000000 0.000000 -0.527116 0.849793
1760655999.859762 31.564698 -3.041307 0.000000 0.000000 0.000000 -0.535529 0.844517
1760656000.059822 31.999344 -3.254990 0.000000 0.000000 0.000000 -0.546612 0.837386
1760656000.293092 32.413153 -3.478001 0.000000 0.000000 0.000000 -0.556657 0.830742
1760656000.526425 32.809735 -3.717066 0.000000 0.000000 0.000000 -0.569956 0.821675
1760656000.759768 33.188652 -3.972738 0.000000 0.000000 0.000000 -0.585226 0.810870
1760656000.959779 33.189852 -3.973733 0.000000 0.000000 0.000000 -0.596780 0.802405
1760656001.193105 33.581152 -4.259921 0.000000 0.000000 0.000000 -0.607216 0.794537
1760656001.426427 33.944740 -4.560425 0.000000 0.000000 0.000000 -0.617445 0.786614
1760656001.626430 34.286209 -4.872185 0.000000 0.000000 0.000000 -0.623982 0.781439
1760656001.826430 34.586880 -5.146679 0.000000 0.000000 0.000000 -0.628045 0.778177
1760656002.026436 34.587759 -5.147626 0.000000 0.000000 0.000000 -0.637353 0.770572
1760656002.259766 34.884426 -5.455977 0.000000 0.000000 0.000000 -0.637386 0.770544
1760656002.493114 35.159814 -5.777725 0.000000 0.000000 0.000000 -0.638394 0.769710
1760656002.730332 35.419293 -6.110427 0.000000 0.000000 0.000000 -0.639641 0.768674
1760656002.959763 35.664182 -6.454327 0.000000 0.000000 0.000000 -0.639568 0.768734
1760656003.193094 35.894758 -6.808146 0.000000 0.000000 0.000000 -0.640112 0.768281
1760656003.393095 36.119833 -7.169223 0.000000 0.000000 0.000000 -0.638765 0.769401
1760656003.659758 36.331452 -7.535883 0.000000 0.000000 0.000000 -0.638588 0.769549
1760656003.926421 36.530270 -7.917952 0.000000 0.000000 0.000000 -0.637458 0.770485
1760656004.126436 36.531113 -7.919397 0.000000 0.000000 0.000000 -0.640177 0.768227
1760656004.326451 36.741520 -8.337890 0.000000 0.000000 0.000000 -0.634793 0.772682
1760656004.559740 36.931488 -8.753938 0.000000 0.000000 0.000000 -0.631718 0.775198
1760656004.759781 37.113925 -9.170893 0.000000 0.000000 0.000000 -0.629094 0.777329
1760656004.993092 37.284912 -9.585954 0.000000 0.000000 0.000000 -0.627369 0.778722
1760656005.226421 37.451590 -10.004440 0.000000 0.000000 0.000000 -0.625956 0.779858
1760656005.426429 37.452214 -10.005807 0.000000 0.000000 0.000000 -0.626179 0.779680
1760656005.659761 37.626290 -10.455865 0.000000 0.000000 0.000000 -0.624700 0.780865
1760656005.859775 37.790105 -10.903902 0.000000 0.000000 0.000000 -0.624082 0.781359
1760656006.059784 37.943721 -11.345131 0.000000 0.000000 0.000000 -0.624392 0.781111
1760656006.293489 38.076558 -11.687936 0.000000 0.000000 0.000000 -0.624571 0.780968
1760656006.559756 38.206930 -12.042640 0.000000 0.000000 0.000000 -0.625140 0.780513
1760656006.793085 38.336002 -12.412348 0.000000 0.000000 0.000000 -0.626046 0.779786
1760656006.993094 38.336474 -12.413636 0.000000 0.000000 0.000000 -0.626201 0.779662
1760656007.193106 38.462622 -12.818558 0.000000 0.000000 0.000000 -0.627017 0.779006
1760656007.426432 38.584022 -13.222070 0.000000 0.000000 0.000000 -0.627833 0.778348
1760656007.659770 38.690715 -13.630188 0.000000 0.000000 0.000000 -0.628969 0.777431
1760656007.862491 38.804536 -14.039320 0.000000 0.000000 0.000000 -0.629230 0.777219
1760656008.129505 38.913783 -14.449168 0.000000 0.000000 0.000000 -0.629757 0.776792
1760656008.395519 39.051008 -14.801153 0.000000 0.000000 0.000000 -0.627537 0.778587
1760656008.660489 39.185866 -15.168208 0.000000 0.000000 0.000000 -0.625691 0.780071
1760656008.893096 39.320178 -15.547918 0.000000 0.000000 0.000000 -0.624276 0.781204
1760656009.159805 39.440668 -15.888564 0.000000 0.000000 0.000000 -0.623168 0.782088
1760656009.426422 39.560656 -16.245134 0.000000 0.000000 0.000000 -0.622666 0.782488
1760656009.626431 39.561178 -16.246610 0.000000 0.000000 0.000000 -0.622282 0.782793
1760656009.859777 39.676897 -16.590587 0.000000 0.000000 0.000000 -0.622243 0.782824
1760656010.059778 39.788145 -16.944324 0.000000 0.000000 0.000000 -0.622655 0.782496
1760656010.293098 39.899782 -17.300869 0.000000 0.000000 0.000000 -0.622903 0.782299
1760656010.526428 40.009854 -17.666123 0.000000 0.000000 0.000000 -0.622511 0.782611
1760656010.759780 40.112981 -18.040703 0.000000 0.000000 0.000000 -0.622090 0.782946
1760656011.026421 40.216570 -18.423268 0.000000 0.000000 0.000000 -0.620555 0.784163
1760656011.226429 40.216989 -18.424675 0.000000 0.000000 0.000000 -0.620179 0.784461
1760656011.426459 40.319367 -18.845767 0.000000 0.000000 0.000000 -0.619135 0.785285
1760656011.629505 40.423589 -19.261582 0.000000 0.000000 0.000000 -0.617472 0.786593
1760656011.859759 40.527944 -19.674103 0.000000 0.000000 0.000000 -0.615711 0.787972
1760656012.059786 40.528274 -19.675308 0.000000 0.000000 0.000000 -0.614988 0.788536
1760656012.293099 40.634036 -20.118636 0.000000 0.000000 0.000000 -0.613385 0.789784
1760656012.526432 40.738610 -20.559081 0.000000 0.000000 0.000000 -0.612084 0.790793
1760656012.759783 40.838499 -20.997863 0.000000 0.000000 0.000000 -0.610970 0.791654
1760656013.026436 40.938262 -21.435867 0.000000 0.000000 0.000000 -0.610013 0.792392
1760656013.229500 40.938632 -21.437350 0.000000 0.000000 0.000000 -0.609148 0.793056
1760656013.459768 41.046777 -21.908467 0.000000 0.000000 0.000000 -0.609422 0.792846
1760656013.693094 41.159701 -22.369889 0.000000 0.000000 0.000000 -0.609590 0.792717
1760656013.894509 41.268446 -22.825789 0.000000 0.000000 0.000000 -0.610149 0.792287
1760656014.159763 41.384159 -23.269628 0.000000 0.000000 0.000000 -0.610065 0.792351
1760656014.359767 41.384541 -23.271157 0.000000 0.000000 0.000000 -0.609655 0.792667
1760656014.593095 41.509769 -23.746676 0.000000 0.000000 0.000000 -0.610470 0.792040
1760656014.793125 41.621208 -24.215719 0.000000 0.000000 0.000000 -0.611718 0.791076
1760656015.026436 41.723080 -24.674281 0.000000 0.000000 0.000000 -0.612940 0.790129
1760656015.259760 41.822519 -25.130069 0.000000 0.000000 0.000000 -0.613925 0.789365
1760656015.459860 41.918292 -25.584551 0.000000 0.000000 0.000000 -0.614382 0.789008
1760656015.693096 41.918645 -25.586177 0.000000 0.000000 0.000000 -0.614607 0.788833
1760656015.926427 42.025349 -26.068475 0.000000 0.000000 0.000000 -0.614463 0.788946
1760656016.126428 42.128019 -26.543876 0.000000 0.000000 0.000000 -0.614418 0.788981
1760656016.326638 42.232106 -27.007085 0.000000 0.000000 0.000000 -0.614355 0.789030
1760656016.559757 42.336345 -27.462146 0.000000 0.000000 0.000000 -0.614251 0.789110
1760656016.759762 42.336674 -27.463624 0.000000 0.000000 0.000000 -0.614330 0.789049
1760656016.959808 42.447761 -27.948059 0.000000 0.000000 0.000000 -0.614657 0.788795
1760656017.193096 42.521571 -28.415865 0.000000 0.000000 0.000000 -0.616840 0.787088
1760656017.394649 42.590258 -28.880513 0.000000 0.000000 0.000000 -0.619304 0.785151
1760656017.626425 42.664531 -29.336926 0.000000 0.000000 0.000000 -0.621178 0.783670
1760656017.826435 42.664761 -29.338367 0.000000 0.000000 0.000000 -0.621893 0.783102
1760656018.059759 42.746748 -29.824634 0.000000 0.000000 0.000000 -0.623568 0.781769
1760656018.259760 42.833737 -30.303115 0.000000 0.000000 0.000000 -0.624533 0.780999
1760656018.459784 42.914863 -30.770954 0.000000 0.000000 0.000000 -0.625367 0.780331
1760656018.659792 42.915063 -30.772204 0.000000 0.000000 0.000000 -0.626191 0.779670
1760656018.893093 43.035616 -31.238492 0.000000 0.000000 0.000000 -0.624606 0.780940
1760656019.093095 43.156326 -31.698884 0.000000 0.000000 0.000000 -0.623412 0.781893
1760656019.295499 43.270356 -32.150805 0.000000 0.000000 0.000000 -0.622899 0.782302
1760656019.559777 43.385363 -32.596235 0.000000 0.000000 0.000000 -0.622683 0.782474
1760656019.826425 43.499900 -33.047442 0.000000 0.000000 0.000000 -0.622727 0.782439
1760656020.026438 43.500295 -33.049036 0.000000 0.000000 0.000000 -0.622896 0.782304
1760656020.226485 43.581238 -33.526793 0.000000 0.000000 0.000000 -0.625698 0.780066
1760656020.461035 43.662946 -33.993073 0.000000 0.000000 0.000000 -0.627989 0.778222
1760656020.693096 43.742384 -34.455726 0.000000 0.000000 0.000000 -0.629852 0.776715
1760656020.893113 43.827852 -34.913754 0.000000 0.000000 0.000000 -0.631045 0.775746
1760656021.159753 43.916474 -35.364818 0.000000 0.000000 0.000000 -0.632323 0.774705
1760656021.359774 43.916764 -35.366488 0.000000 0.000000 0.000000 -0.633169 0.774014
1760656021.561411 44.013295 -35.852900 0.000000 0.000000 0.000000 -0.633323 0.773888
1760656021.793106 44.072787 -36.321904 0.000000 0.000000 0.000000 -0.637546 0.770413
1760656022.026425 44.138016 -36.785701 0.000000 0.000000 0.000000 -0.640147 0.768252
1760656022.226452 44.138198 -36.787073 0.000000 0.000000 0.000000 -0.641421 0.767189
1760656022.426495 44.220913 -37.274599 0.000000 0.000000 0.000000 -0.641745 0.766918
1760656022.659760 44.305360 -37.748216 0.000000 0.000000 0.000000 -0.641987 0.766715
1760656022.862531 44.389107 -38.216331 0.000000 0.000000 0.000000 -0.641151 0.767415
1760656023.126427 44.467168 -38.676911 0.000000 0.000000 0.000000 -0.640432 0.768015
1760656023.326432 44.467423 -38.678470 0.000000 0.000000 0.000000 -0.641053 0.767496
1760656023.526466 44.554847 -39.171741 0.000000 0.000000 0.000000 -0.638360 0.769738
1760656023.759792 44.649668 -39.648700 0.000000 0.000000 0.000000 -0.635786 0.771865
1760656024.026564 44.742946 -40.119988 0.000000 0.000000 0.000000 -0.633386 0.773836
1760656024.227523 44.743246 -40.121476 0.000000 0.000000 0.000000 -0.633053 0.774108
1760656024.459762 44.846933 -40.622809 0.000000 0.000000 0.000000 -0.630909 0.775856
1760656024.660408 44.943811 -41.113112 0.000000 0.000000 0.000000 -0.629956 0.776631
1760656024.893095 45.043254 -41.587744 0.000000 0.000000 0.000000 -0.629022 0.777387
1760656025.093110 45.043546 -41.589092 0.000000 0.000000 0.000000 -0.628420 0.777874
1760656025.326450 45.151742 -42.087319 0.000000 0.000000 0.000000 -0.628338 0.777940
1760656025.526454 45.267673 -42.569879 0.000000 0.000000 0.000000 -0.628179 0.778069
1760656025.759775 45.379881 -43.038973 0.000000 0.000000 0.000000 -0.628006 0.778209
1760656025.993115 45.380269 -43.040616 0.000000 0.000000 0.000000 -0.627490 0.778625
1760656026.226436 45.502261 -43.538843 0.000000 0.000000 0.000000 -0.627910 0.778286
1760656026.426463 45.627934 -44.022806 0.000000 0.000000 0.000000 -0.627839 0.778343
1760656026.662528 45.628276 -44.024178 0.000000 0.000000 0.000000 -0.627480 0.778633
1760656026.893118 45.760034 -44.528084 0.000000 0.000000 0.000000 -0.627559 0.778569
1760656027.126520 45.880661 -45.018163 0.000000 0.000000 0.000000 -0.628165 0.778080
1760656027.393098 45.997617 -45.497132 0.000000 0.000000 0.000000 -0.628427 0.777868
1760656027.594659 45.997979 -45.498594 0.000000 0.000000 0.000000 -0.628322 0.777953
1760656027.826452 46.124894 -46.002254 0.000000 0.000000 0.000000 -0.628488 0.777820
1760656028.059776 46.255362 -46.488529 0.000000 0.000000 0.000000 -0.627990 0.778222
1760656028.293032 46.255743 -46.490004 0.000000 0.000000 0.000000 -0.627854 0.778331
1760656028.512607 46.361784 -46.996966 0.000000 0.000000 0.000000 -0.630436 0.776241
1760656028.726445 46.470087 -47.483682 0.000000 0.000000 0.000000 -0.631187 0.775631
1760656028.926480 46.470331 -47.484778 0.000000 0.000000 0.000000 -0.631424 0.775438
1760656029.129527 46.584454 -47.984023 0.000000 0.000000 0.000000 -0.631632 0.775268
1760656029.359772 46.695178 -48.463368 0.000000 0.000000 0.000000 -0.631630 0.775270
1760656029.559787 46.695432 -48.464497 0.000000 0.000000 0.000000 -0.631833 0.775105
1760656029.793117 46.812450 -48.960780 0.000000 0.000000 0.000000 -0.631252 0.775578
1760656030.026433 46.926478 -49.442289 0.000000 0.000000 0.000000 -0.630828 0.775923
1760656030.226503 47.033161 -49.913288 0.000000 0.000000 0.000000 -0.630325 0.776331
1760656030.461517 47.033482 -49.914667 0.000000 0.000000 0.000000 -0.630312 0.776342
1760656030.693095 47.145026 -50.406724 0.000000 0.000000 0.000000 -0.629917 0.776662
1760656030.893101 47.247792 -50.886497 0.000000 0.000000 0.000000 -0.630205 0.776429
1760656031.093111 47.384059 -51.315493 0.000000 0.000000 0.000000 -0.623520 0.781807
1760656031.294528 47.384374 -51.316640 0.000000 0.000000 0.000000 -0.622735 0.782433
1760656031.526464 47.511055 -51.715298 0.000000 0.000000 0.000000 -0.617085 0.786896
1760656031.759777 47.632355 -52.114380 0.000000 0.000000 0.000000 -0.613171 0.789950
1760656031.993097 47.754688 -52.513596 0.000000 0.000000 0.000000 -0.610490 0.792024
1760656032.193099 47.755064 -52.514725 0.000000 0.000000 0.000000 -0.608805 0.793320
1760656032.393121 47.917781 -52.908505 0.000000 0.000000 0.000000 -0.602741 0.797937
1760656032.628572 48.066303 -53.299927 0.000000 0.000000 0.000000 -0.598502 0.801121
1760656032.859762 48.214074 -53.692533 0.000000 0.000000 0.000000 -0.595250 0.803540
1760656033.062498 48.354132 -54.088637 0.000000 0.000000 0.000000 -0.592758 0.805380
1760656033.293130 48.354651 -54.089907 0.000000 0.000000 0.000000 -0.589931 0.807454
1760656033.530534 48.491961 -54.516869 0.000000 0.000000 0.000000 -0.589631 0.807672
1760656033.759766 48.629759 -54.940919 0.000000 0.000000 0.000000 -0.588629 0.808403
1760656033.961258 48.760914 -55.363383 0.000000 0.000000 0.000000 -0.587540 0.809195
1760656034.193064 48.884573 -55.782206 0.000000 0.000000 0.000000 -0.585353 0.810778
1760656034.393120 48.885016 -55.783490 0.000000 0.000000 0.000000 -0.583450 0.812149
1760656034.626446 49.024330 -56.228012 0.000000 0.000000 0.000000 -0.579891 0.814694
1760656034.859778 49.158839 -56.668458 0.000000 0.000000 0.000000 -0.575250 0.817977
1760656035.093126 49.239026 -57.087010 0.000000 0.000000 0.000000 -0.571667 0.820486
1760656035.326453 49.239488 -57.088506 0.000000 0.000000 0.000000 -0.568822 0.822461
1760656035.559766 49.308034 -57.539998 0.000000 0.000000 0.000000 -0.566707 0.823919
1760656035.793123 49.381709 -57.985219 0.000000 0.000000 0.000000 -0.560017 0.828481
1760656036.026449 49.452739 -58.426690 0.000000 0.000000 0.000000 -0.551773 0.833994
1760656036.259772 49.453102 -58.428193 0.000000 0.000000 0.000000 -0.547799 0.836610
1760656036.493102 49.536312 -58.898021 0.000000 0.000000 0.000000 -0.538037 0.842921
1760656036.693112 49.570299 -59.339912 0.000000 0.000000 0.000000 -0.527132 0.849783
1760656036.959765 49.594379 -59.773463 0.000000 0.000000 0.000000 -0.513179 0.858282
1760656037.159777 49.594666 -59.774807 0.000000 0.000000 0.000000 -0.507410 0.861705
1760656037.393101 49.622698 -60.238055 0.000000 0.000000 0.000000 -0.492036 0.870575
1760656037.626426 49.618826 -60.685689 0.000000 0.000000 0.000000 -0.479529 0.877526
1760656037.828492 49.629478 -61.126859 0.000000 0.000000 0.000000 -0.466566 0.884486
1760656038.093116 49.648922 -61.560906 0.000000 0.000000 0.000000 -0.450143 0.892957
1760656038.359786 49.689694 -61.994415 0.000000 0.000000 0.000000 -0.431998 0.901874
1760656038.593151 49.690084 -61.996204 0.000000 0.000000 0.000000 -0.420762 0.907171
1760656038.793512 49.760991 -62.457066 0.000000 0.000000 0.000000 -0.406304 0.913738
1760656039.026432 49.851821 -62.898444 0.000000 0.000000 0.000000 -0.388318 0.921525
1760656039.226434 49.929641 -63.336918 0.000000 0.000000 0.000000 -0.375065 0.926998
1760656039.426493 49.930001 -63.338009 0.000000 0.000000 0.000000 -0.363690 0.931520
1760656039.659761 50.029687 -63.791106 0.000000 0.000000 0.000000 -0.351782 0.936082
1760656039.859767 50.119964 -64.238950 0.000000 0.000000 0.000000 -0.343014 0.939330
1760656040.059783 50.203774 -64.676651 0.000000 0.000000 0.000000 -0.337695 0.941256
1760656040.329520 50.312727 -65.094318 0.000000 0.000000 0.000000 -0.325125 0.945671
1760656040.560550 50.449720 -65.501980 0.000000 0.000000 0.000000 -0.315015 0.949087
1760656040.793093 50.599460 -65.905940 0.000000 0.000000 0.000000 -0.306236 0.951956
1760656040.996510 50.725432 -66.314486 0.000000 0.000000 0.000000 -0.305058 0.952334
1760656041.226429 50.867833 -66.713796 0.000000 0.000000 0.000000 -0.302490 0.953152
1760656041.459765 51.029128 -67.106513 0.000000 0.000000 0.000000 -0.300075 0.953915
1760656041.659785 51.336438 -67.866722 0.000000 0.000000 0.000000 -0.307176 0.951653
1760656041.926422 51.671132 -68.554242 0.000000 0.000000 0.000000 -0.309319 0.950958
1760656042.126431 51.846379 -68.906774 0.000000 0.000000 0.000000 -0.311114 0.950373
1760656042.359758 52.181124 -69.608194 0.000000 0.000000 0.000000 -0.320848 0.947131
1760656042.561597 52.517393 -70.289619 0.000000 0.000000 0.000000 -0.334019 0.942566
1760656042.793104 52.841713 -70.891780 0.000000 0.000000 0.000000 -0.343903 0.939005
1760656042.993104 53.180562 -71.496557 0.000000 0.000000 0.000000 -0.354845 0.934925
1760656043.229504 53.526280 -72.094034 0.000000 0.000000 0.000000 -0.367880 0.929873
1760656043.493097 53.904056 -72.707543 0.000000 0.000000 0.000000 -0.382090 0.924125
1760656043.726428 54.314836 -73.343643 0.000000 0.000000 0.000000 -0.394840 0.918750
1760656043.959760 54.761444 -73.982499 0.000000 0.000000 0.000000 -0.406361 0.913713
1760656044.159776 55.007264 -74.310551 0.000000 0.000000 0.000000 -0.414321 0.910131
1760656044.393114 55.519662 -74.971041 0.000000 0.000000 0.000000 -0.424751 0.905310
1760656044.627493 56.034384 -75.616202 0.000000 0.000000 0.000000 -0.437173 0.899378
1760656044.895493 56.553881 -76.252343 0.000000 0.000000 0.000000 -0.454188 0.890906
1760656045.161504 57.088702 -76.911350 0.000000 0.000000 0.000000 -0.471245 0.882002
1760656045.393101 57.372323 -77.258839 0.000000 0.000000 0.000000 -0.483640 0.875267
1760656045.626448 58.161493 -78.273632 0.000000 0.000000 0.000000 -0.505299 0.862945
1760656045.893098 58.801413 -79.128803 0.000000 0.000000 0.000000 -0.525743 0.850644
1760656046.093523 59.000797 -79.404969 0.000000 0.000000 0.000000 -0.537782 0.843084
1760656046.363491 59.432045 -79.979479 0.000000 0.000000 0.000000 -0.556238 0.831023
1760656046.593091 59.668266 -80.290237 0.000000 0.000000 0.000000 -0.570971 0.820970
1760656046.793100 60.161996 -80.930978 0.000000 0.000000 0.000000 -0.584374 0.811484
1760656047.060521 60.593687 -81.514377 0.000000 0.000000 0.000000 -0.600468 0.799649
1760656047.293090 60.824282 -81.806125 0.000000 0.000000 0.000000 -0.615173 0.788392
1760656047.526430 61.064056 -82.123101 0.000000 0.000000 0.000000 -0.629987 0.776605
1760656047.726431 61.065130 -82.125425 0.000000 0.000000 0.000000 -0.641591 0.767047
1760656047.926453 61.330136 -82.492569 0.000000 0.000000 0.000000 -0.650131 0.759822
1760656048.159759 61.587609 -82.871967 0.000000 0.000000 0.000000 -0.662613 0.748962
1760656048.393062 61.836188 -83.266132 0.000000 0.000000 0.000000 -0.675338 0.737509
1760656048.593112 62.079003 -83.672144 0.000000 0.000000 0.000000 -0.685478 0.728094
1760656048.793168 62.079634 -83.673678 0.000000 0.000000 0.000000 -0.695950 0.718090
1760656049.026434 62.362246 -84.081933 0.000000 0.000000 0.000000 -0.694947 0.719061
1760656049.259786 62.651614 -84.424119 0.000000 0.000000 0.000000 -0.692757 0.721172
1760656049.493351 62.923756 -84.779097 0.000000 0.000000 0.000000 -0.693530 0.720428
1760656049.759756 63.181165 -85.145822 0.000000 0.000000 0.000000 -0.696667 0.717395
1760656049.959794 63.182058 -85.147305 0.000000 0.000000 0.000000 -0.702637 0.711548
1760656050.195521 63.442688 -85.554641 0.000000 0.000000 0.000000 -0.700847 0.713311
1760656050.426429 63.679699 -85.966506 0.000000 0.000000 0.000000 -0.700631 0.713523
1760656050.659763 63.895895 -86.381139 0.000000 0.000000 0.000000 -0.700838 0.713321
1760656050.859764 64.089844 -86.799613 0.000000 0.000000 0.000000 -0.700307 0.713842
1760656051.093114 64.263920 -87.217664 0.000000 0.000000 0.000000 -0.700465 0.713687
1760656051.326444 64.264735 -87.219408 0.000000 0.000000 0.000000 -0.703791 0.710407
1760656051.559777 64.431555 -87.675877 0.000000 0.000000 0.000000 -0.701604 0.712567
1760656051.793107 64.582468 -88.130090 0.000000 0.000000 0.000000 -0.700345 0.713804
1760656052.026437 64.718509 -88.582100 0.000000 0.000000 0.000000 -0.699805 0.714334
1760656052.226469 64.836920 -89.033092 0.000000 0.000000 0.000000 -0.699369 0.714761
1760656052.459755 64.947014 -89.479030 0.000000 0.000000 0.000000 -0.699492 0.714641
1760656052.659774 64.947453 -89.480533 0.000000 0.000000 0.000000 -0.700582 0.713572
1760656052.893094 65.063746 -89.957080 0.000000 0.000000 0.000000 -0.700038 0.714105
1760656053.093097 65.170788 -90.429076 0.000000 0.000000 0.000000 -0.700305 0.713843
1760656053.293498 65.263652 -90.892071 0.000000 0.000000 0.000000 -0.701199 0.712965
1760656053.526447 65.350543 -91.348901 0.000000 0.000000 0.000000 -0.702407 0.711776
1760656053.726478 65.350855 -91.350375 0.000000 0.000000 0.000000 -0.703234 0.710958
1760656053.959760 65.430433 -91.838559 0.000000 0.000000 0.000000 -0.704190 0.710012
1760656054.159787 65.499323 -92.320828 0.000000 0.000000 0.000000 -0.705038 0.709170
1760656054.393085 65.564878 -92.792868 0.000000 0.000000 0.000000 -0.705734 0.708477
1760656054.593167 65.565089 -92.794271 0.000000 0.000000 0.000000 -0.706515 0.707698
1760656054.826431 65.631251 -93.295006 0.000000 0.000000 0.000000 -0.706721 0.707492
1760656055.059780 65.662542 -93.777071 0.000000 0.000000 0.000000 -0.708015 0.706198
1760656055.294630 65.686969 -94.253184 0.000000 0.000000 0.000000 -0.708997 0.705211
1760656055.559760 65.755856 -94.688539 0.000000 0.000000 0.000000 -0.705681 0.708530
1760656055.826452 65.823865 -95.129724 0.000000 0.000000 0.000000 -0.703199 0.710993
1760656056.093092 65.934329 -95.525995 0.000000 0.000000 0.000000 -0.697397 0.716685
1760656056.293097 65.934655 -95.527576 0.000000 0.000000 0.000000 -0.696706 0.717357
1760656056.526429 66.045980 -95.959064 0.000000 0.000000 0.000000 -0.692027 0.721872
1760656056.726430 66.145197 -96.389514 0.000000 0.000000 0.000000 -0.689167 0.724602
1760656056.959768 66.208509 -96.723471 0.000000 0.000000 0.000000 -0.686948 0.726707
1760656057.159772 66.246851 -97.063951 0.000000 0.000000 0.000000 -0.686680 0.726960
1760656057.359792 66.247075 -97.065016 0.000000 0.000000 0.000000 -0.685406 0.728161
1760656057.593093 66.282527 -97.436236 0.000000 0.000000 0.000000 -0.685756 0.727831
1760656057.793095 66.319423 -97.813929 0.000000 0.000000 0.000000 -0.685875 0.727719
1760656058.026435 66.391453 -98.173681 0.000000 0.000000 0.000000 -0.684316 0.729186
1760656058.259774 66.447571 -98.542401 0.000000 0.000000 0.000000 -0.683203 0.730228
1760656058.526424 66.515184 -98.917202 0.000000 0.000000 0.000000 -0.681630 0.731697
1760656058.726430 66.515425 -98.918529 0.000000 0.000000 0.000000 -0.680611 0.732645
1760656058.926439 66.582032 -99.331740 0.000000 0.000000 0.000000 -0.680222 0.733006
1760656059.126453 66.644471 -99.742367 0.000000 0.000000 0.000000 -0.679853 0.733348
1760656059.359782 66.709441 -100.150308 0.000000 0.000000 0.000000 -0.679501 0.733675
1760656059.593091 66.781168 -100.468495 0.000000 0.000000 0.000000 -0.679707 0.733484
1760656059.793105 66.781384 -100.469642 0.000000 0.000000 0.000000 -0.679032 0.734109
1760656060.026431 66.847387 -100.824223 0.000000 0.000000 0.000000 -0.680297 0.732936
1760656060.226454 66.954470 -101.149426 0.000000 0.000000 0.000000 -0.679265 0.733893
1760656060.459757 67.069648 -101.478561 0.000000 0.000000 0.000000 -0.677505 0.735518
1760656060.659773 67.069934 -101.479561 0.000000 0.000000 0.000000 -0.676868 0.736104
1760656060.893163 67.181572 -101.843858 0.000000 0.000000 0.000000 -0.675394 0.737457
1760656061.097508 67.282205 -102.215423 0.000000 0.000000 0.000000 -0.674641 0.738146
1760656061.326427 67.376690 -102.589703 0.000000 0.000000 0.000000 -0.673485 0.739201
1760656061.528500 67.499561 -102.950630 0.000000 0.000000 0.000000 -0.670238 0.742146
1760656061.793086 67.610343 -103.317772 0.000000 0.000000 0.000000 -0.667628 0.744495
1760656061.993093 67.610756 -103.319047 0.000000 0.000000 0.000000 -0.666439 0.745559
1760656062.193093 67.725765 -103.724567 0.000000 0.000000 0.000000 -0.665367 0.746516
1760656062.393103 67.834311 -104.128353 0.000000 0.000000 0.000000 -0.664947 0.746890
1760656062.626433 67.932796 -104.531660 0.000000 0.000000 0.000000 -0.664692 0.747117
1760656062.859775 67.985453 -104.925068 0.000000 0.000000 0.000000 -0.666261 0.745719
1760656063.059779 67.985731 -104.926274 0.000000 0.000000 0.000000 -0.665593 0.746314
1760656063.293167 68.037940 -105.352891 0.000000 0.000000 0.000000 -0.668127 0.744048
1760656063.526445 68.088424 -105.780249 0.000000 0.000000 0.000000 -0.669871 0.742478
1760656063.761511 68.136970 -106.208389 0.000000 0.000000 0.000000 -0.671272 0.741212
1760656063.993093 68.186273 -106.638202 0.000000 0.000000 0.000000 -0.672599 0.740007
1760656064.226450 68.237475 -107.069670 0.000000 0.000000 0.000000 -0.673370 0.739306
1760656064.426466 68.237635 -107.071064 0.000000 0.000000 0.000000 -0.673656 0.739045
1760656064.659808 68.290045 -107.533818 0.000000 0.000000 0.000000 -0.674510 0.738266
1760656064.893098 68.341799 -107.992894 0.000000 0.000000 0.000000 -0.674361 0.738401
1760656065.126430 68.388879 -108.448734 0.000000 0.000000 0.000000 -0.673752 0.738957
1760656065.326435 68.389024 -108.450077 0.000000 0.000000 0.000000 -0.673924 0.738801
1760656065.526463 68.430790 -108.933399 0.000000 0.000000 0.000000 -0.672731 0.739888
1760656065.726500 68.469597 -109.404145 0.000000 0.000000 0.000000 -0.671519 0.740987
1760656065.993180 68.507571 -109.865303 0.000000 0.000000 0.000000 -0.670336 0.742058
1760656066.259793 68.543780 -110.330063 0.000000 0.000000 0.000000 -0.669360 0.742938
1760656066.493111 68.543955 -110.331937 0.000000 0.000000 0.000000 -0.668992 0.743270
1760656066.726433 68.582301 -110.834448 0.000000 0.000000 0.000000 -0.668678 0.743552
1760656066.926435 68.620834 -111.325973 0.000000 0.000000 0.000000 -0.668557 0.743661
1760656067.126453 68.658284 -111.803220 0.000000 0.000000 0.000000 -0.668487 0.743724
1760656067.329524 68.658391 -111.804491 0.000000 0.000000 0.000000 -0.668216 0.743967
1760656067.559768 68.694061 -112.302366 0.000000 0.000000 0.000000 -0.668285 0.743905
1760656067.759803 68.727568 -112.790070 0.000000 0.000000 0.000000 -0.668430 0.743775
1760656068.028591 68.714713 -113.237691 0.000000 0.000000 0.000000 -0.671620 0.740896
1760656068.293095 68.705493 -113.689681 0.000000 0.000000 0.000000 -0.674082 0.738656
1760656068.493104 68.705499 -113.691207 0.000000 0.000000 0.000000 -0.674517 0.738260
1760656068.695498 68.665740 -114.156643 0.000000 0.000000 0.000000 -0.677418 0.735598
1760656068.926452 68.634978 -114.611889 0.000000 0.000000 0.000000 -0.679155 0.733995
1760656069.159750 68.605988 -115.063223 0.000000 0.000000 0.000000 -0.680638 0.732620
1760656069.359798 68.605896 -115.064524 0.000000 0.000000 0.000000 -0.681497 0.731821
1760656069.560700 68.577966 -115.542514 0.000000 0.000000 0.000000 -0.682469 0.730915
1760656069.793108 68.555580 -116.008310 0.000000 0.000000 0.000000 -0.683497 0.729953
1760656070.026436 68.536839 -116.469341 0.000000 0.000000 0.000000 -0.684577 0.728940
1760656070.259696 68.536737 -116.470920 0.000000 0.000000 0.000000 -0.685594 0.727984
1760656070.461520 68.519690 -116.962663 0.000000 0.000000 0.000000 -0.685716 0.727869
1760656070.693105 68.525968 -117.406115 0.000000 0.000000 0.000000 -0.683060 0.730362
1760656070.926437 68.499581 -117.761772 0.000000 0.000000 0.000000 -0.681383 0.731927
1760656071.159710 68.480819 -118.126122 0.000000 0.000000 0.000000 -0.680221 0.733007
1760656071.359787 68.480775 -118.127306 0.000000 0.000000 0.000000 -0.680223 0.733006
1760656071.559793 68.467115 -118.523679 0.000000 0.000000 0.000000 -0.679232 0.733923
1760656071.793520 68.415436 -118.897666 0.000000 0.000000 0.000000 -0.683711 0.729753
1760656072.026463 68.415334 -118.898919 0.000000 0.000000 0.000000 -0.684180 0.729313
1760656072.259766 68.364972 -119.307380 0.000000 0.000000 0.000000 -0.688122 0.725595
1760656072.459773 68.324561 -119.715686 0.000000 0.000000 0.000000 -0.690506 0.723326
1760656072.726459 68.285419 -120.120360 0.000000 0.000000 0.000000 -0.692776 0.721152
1760656072.926860 68.285273 -120.121565 0.000000 0.000000 0.000000 -0.693838 0.720131
1760656073.159766 68.246215 -120.559058 0.000000 0.000000 0.000000 -0.695149 0.718866
1760656073.426463 68.217429 -120.992469 0.000000 0.000000 0.000000 -0.695963 0.718078
1760656073.659781 68.217287 -120.993860 0.000000 0.000000 0.000000 -0.697127 0.716947
1760656073.859822 68.189461 -121.459775 0.000000 0.000000 0.000000 -0.696830 0.717236
1760656074.060456 68.140563 -121.813390 0.000000 0.000000 0.000000 -0.697045 0.717028
1760656074.293093 68.140451 -121.814436 0.000000 0.000000 0.000000 -0.697957 0.716140
1760656074.493094 68.116126 -122.172758 0.000000 0.000000 0.000000 -0.695801 0.718235
1760656074.693107 68.097577 -122.532390 0.000000 0.000000 0.000000 -0.694635 0.719363
1760656074.927507 68.085061 -122.893948 0.000000 0.000000 0.000000 -0.693952 0.720021
1760656075.193095 68.070773 -123.263035 0.000000 0.000000 0.000000 -0.693716 0.720248
1760656075.393101 68.070718 -123.264164 0.000000 0.000000 0.000000 -0.693838 0.720131
1760656075.593102 68.047589 -123.667433 0.000000 0.000000 0.000000 -0.694382 0.719606
1760656075.826443 68.029206 -124.067707 0.000000 0.000000 0.000000 -0.694824 0.719180
1760656076.059758 67.968077 -124.412440 0.000000 0.000000 0.000000 -0.697408 0.716675
1760656076.259762 67.967971 -124.413456 0.000000 0.000000 0.000000 -0.697869 0.716225
1760656076.496500 67.911407 -124.790590 0.000000 0.000000 0.000000 -0.699985 0.714157
1760656076.726444 67.865344 -125.170860 0.000000 0.000000 0.000000 -0.701183 0.712981
1760656076.959796 67.828304 -125.555228 0.000000 0.000000 0.000000 -0.702214 0.711966
1760656077.193105 67.794503 -125.944847 0.000000 0.000000 0.000000 -0.703091 0.711099
1760656077.426449 67.794342 -125.946242 0.000000 0.000000 0.000000 -0.703924 0.710276
1760656077.659763 67.760479 -126.370891 0.000000 0.000000 0.000000 -0.704486 0.709718
1760656077.893123 67.683280 -126.741426 0.000000 0.000000 0.000000 -0.707668 0.706545
1760656078.126454 67.609903 -127.117189 0.000000 0.000000 0.000000 -0.709764 0.704440
1760656078.359757 67.541652 -127.498993 0.000000 0.000000 0.000000 -0.711255 0.702934
1760656078.559763 67.541432 -127.500155 0.000000 0.000000 0.000000 -0.712330 0.701845
1760656078.760364 67.480010 -127.912696 0.000000 0.000000 0.000000 -0.712482 0.701690
1760656078.993110 67.421967 -128.321681 0.000000 0.000000 0.000000 -0.712826 0.701341
1760656079.226439 67.372127 -128.732818 0.000000 0.000000 0.000000 -0.713155 0.701007
1760656079.459788 67.371908 -128.734233 0.000000 0.000000 0.000000 -0.714088 0.700056
1760656079.660527 67.326764 -129.179153 0.000000 0.000000 0.000000 -0.713592 0.700561
1760656079.893102 67.279238 -129.615068 0.000000 0.000000 0.000000 -0.713936 0.700211
1760656080.129512 67.240964 -130.049114 0.000000 0.000000 0.000000 -0.714195 0.699946
1760656080.393110 67.206818 -130.483669 0.000000 0.000000 0.000000 -0.714386 0.699752
1760656080.626460 67.206643 -130.485377 0.000000 0.000000 0.000000 -0.714970 0.699156
1760656080.860516 67.169688 -130.957314 0.000000 0.000000 0.000000 -0.714781 0.699348
1760656081.093110 67.139409 -131.422037 0.000000 0.000000 0.000000 -0.714925 0.699201
1760656081.326451 67.113154 -131.880620 0.000000 0.000000 0.000000 -0.715227 0.698892
1760656081.559775 67.089029 -132.335499 0.000000 0.000000 0.000000 -0.715382 0.698734
1760656081.793111 67.088914 -132.337187 0.000000 0.000000 0.000000 -0.715777 0.698329
1760656082.026420 67.069118 -132.823479 0.000000 0.000000 0.000000 -0.715829 0.698275
1760656082.226464 67.051834 -133.300649 0.000000 0.000000 0.000000 -0.716036 0.698063
1760656082.493097 67.043322 -133.765335 0.000000 0.000000 0.000000 -0.716115 0.697983
1760656082.693099 67.043263 -133.766824 0.000000 0.000000 0.000000 -0.716376 0.697714
1760656082.893102 67.031365 -134.261479 0.000000 0.000000 0.000000 -0.717140 0.696929
1760656083.093117 67.019050 -134.740691 0.000000 0.000000 0.000000 -0.718498 0.695529
1760656083.293118 67.019009 -134.741783 0.000000 0.000000 0.000000 -0.718936 0.695076
1760656083.526441 67.005715 -135.238397 0.000000 0.000000 0.000000 -0.721084 0.692848
1760656083.726590 66.992311 -135.723894 0.000000 0.000000 0.000000 -0.723685 0.690131
1760656083.959802 66.980594 -136.196038 0.000000 0.000000 0.000000 -0.726973 0.686666
1760656084.227502 66.975743 -136.663672 0.000000 0.000000 0.000000 -0.730590 0.682816
1760656084.493109 66.968110 -137.133884 0.000000 0.000000 0.000000 -0.734516 0.678592
1760656084.726422 66.968003 -137.135817 0.000000 0.000000 0.000000 -0.736341 0.676611
1760656084.926430 66.955700 -137.642424 0.000000 0.000000 0.000000 -0.739222 0.673462
1760656085.159759 66.943305 -138.132573 0.000000 0.000000 0.000000 -0.742564 0.669775
1760656085.393106 66.919034 -138.612634 0.000000 0.000000 0.000000 -0.745377 0.666643
1760656085.593117 66.918931 -138.614014 0.000000 0.000000 0.000000 -0.747287 0.664501
1760656085.793118 66.880740 -139.015108 0.000000 0.000000 0.000000 -0.748150 0.663530
1760656086.026459 66.839598 -139.413440 0.000000 0.000000 0.000000 -0.749137 0.662415
1760656086.226783 66.794863 -139.813944 0.000000 0.000000 0.000000 -0.749879 0.661576
1760656086.493109 66.746404 -140.213333 0.000000 0.000000 0.000000 -0.751212 0.660061
1760656086.693112 66.746232 -140.214691 0.000000 0.000000 0.000000 -0.752672 0.658395
1760656086.926939 66.687900 -140.648668 0.000000 0.000000 0.000000 -0.752653 0.658417
1760656087.159764 66.638512 -141.081272 0.000000 0.000000 0.000000 -0.751907 0.659269
1760656087.359784 66.593245 -141.512684 0.000000 0.000000 0.000000 -0.750258 0.661145
1760656087.593129 66.593088 -141.514023 0.000000 0.000000 0.000000 -0.751089 0.660201
1760656087.826428 66.546124 -141.973165 0.000000 0.000000 0.000000 -0.748509 0.663124
1760656088.026432 66.498768 -142.426470 0.000000 0.000000 0.000000 -0.746253 0.665663
1760656088.227986 66.448382 -142.870117 0.000000 0.000000 0.000000 -0.744417 0.667715
1760656088.493131 66.391753 -143.307064 0.000000 0.000000 0.000000 -0.742932 0.669367
1760656088.726419 66.391572 -143.308875 0.000000 0.000000 0.000000 -0.742565 0.669774
1760656088.926432 66.328098 -143.784366 0.000000 0.000000 0.000000 -0.741373 0.671093
1760656089.126432 66.270448 -144.248160 0.000000 0.000000 0.000000 -0.740316 0.672259
1760656089.361491 66.213303 -144.702271 0.000000 0.000000 0.000000 -0.739320 0.673354
1760656089.626416 66.151663 -145.154138 0.000000 0.000000 0.000000 -0.738125 0.674664
1760656089.826437 66.151494 -145.155629 0.000000 0.000000 0.000000 -0.737529 0.675315
1760656090.026457 66.079586 -145.639530 0.000000 0.000000 0.000000 -0.736191 0.676774
1760656090.259768 66.015543 -146.111118 0.000000 0.000000 0.000000 -0.734210 0.678922
1760656090.526536 65.945980 -146.576422 0.000000 0.000000 0.000000 -0.732349 0.680930
1760656090.793112 65.879243 -147.043971 0.000000 0.000000 0.000000 -0.730382 0.683039
1760656090.993114 65.879058 -147.045519 0.000000 0.000000 0.000000 -0.729385 0.684103
1760656091.226428 65.818137 -147.544561 0.000000 0.000000 0.000000 -0.727313 0.686306
1760656091.426435 65.760247 -148.032985 0.000000 0.000000 0.000000 -0.725465 0.688259
1760656091.659778 65.745767 -148.490317 0.000000 0.000000 0.000000 -0.719593 0.694397
1760656091.893124 65.745672 -148.492004 0.000000 0.000000 0.000000 -0.717606 0.696449
1760656092.126431 65.742546 -148.979461 0.000000 0.000000 0.000000 -0.712043 0.702136
1760656092.326466 65.736681 -149.457502 0.000000 0.000000 0.000000 -0.708033 0.706179
1760656092.559771 65.727108 -149.922998 0.000000 0.000000 0.000000 -0.704023 0.710177
1760656092.759771 65.727135 -149.924335 0.000000 0.000000 0.000000 -0.701532 0.712638
1760656092.993103 65.714442 -150.414544 0.000000 0.000000 0.000000 -0.698871 0.715248
1760656093.193122 65.703607 -150.895293 0.000000 0.000000 0.000000 -0.695902 0.718137
1760656093.426437 65.693692 -151.363747 0.000000 0.000000 0.000000 -0.691268 0.722598
1760656093.626451 65.693729 -151.365077 0.000000 0.000000 0.000000 -0.688521 0.725217
1760656093.859763 65.683294 -151.859075 0.000000 0.000000 0.000000 -0.683572 0.729883
1760656094.059779 65.673674 -152.343513 0.000000 0.000000 0.000000 -0.678307 0.734779
1760656094.293108 65.671059 -152.815110 0.000000 0.000000 0.000000 -0.670057 0.742309
1760656094.493126 65.671133 -152.816443 0.000000 0.000000 0.000000 -0.666265 0.745715
1760656094.726449 65.670390 -153.313880 0.000000 0.000000 0.000000 -0.658044 0.752980
1760656094.959771 65.674386 -153.800987 0.000000 0.000000 0.000000 -0.648770 0.760984
1760656095.161617 65.677202 -154.280188 0.000000 0.000000 0.000000 -0.640029 0.768351
1760656095.429493 65.680366 -154.747827 0.000000 0.000000 0.000000 -0.628956 0.777441
1760656095.693088 65.724204 -155.196623 0.000000 0.000000 0.000000 -0.615373 0.788236
1760656095.893118 65.724455 -155.198202 0.000000 0.000000 0.000000 -0.608811 0.793315
1760656096.093127 65.771001 -155.679514 0.000000 0.000000 0.000000 -0.598645 0.801014
1760656096.326431 65.811554 -156.098195 0.000000 0.000000 0.000000 -0.591084 0.806610
1760656096.526432 65.811797 -156.099395 0.000000 0.000000 0.000000 -0.584037 0.811727
1760656096.759764 65.853374 -156.545376 0.000000 0.000000 0.000000 -0.576195 0.817313
1760656096.959785 65.898941 -156.986248 0.000000 0.000000 0.000000 -0.566200 0.824268
1760656097.195517 65.947625 -157.418723 0.000000 0.000000 0.000000 -0.551239 0.834347
1760656097.459773 66.005343 -157.849719 0.000000 0.000000 0.000000 -0.532470 0.846449
1760656097.693102 66.005791 -157.851379 0.000000 0.000000 0.000000 -0.521658 0.853155
1760656097.893102 66.105180 -158.296909 0.000000 0.000000 0.000000 -0.506402 0.862297
1760656098.093759 66.208345 -158.731055 0.000000 0.000000 0.000000 -0.490650 0.871357
1760656098.359761 66.314210 -159.156659 0.000000 0.000000 0.000000 -0.470916 0.882178
1760656098.559775 66.314732 -159.157917 0.000000 0.000000 0.000000 -0.459344 0.888259
1760656098.793105 66.434382 -159.612739 0.000000 0.000000 0.000000 -0.447302 0.894383
1760656098.993112 66.562932 -160.056580 0.000000 0.000000 0.000000 -0.436366 0.899769
1760656099.193115 66.563345 -160.057512 0.000000 0.000000 0.000000 -0.424813 0.905281
1760656099.426431 66.709105 -160.513436 0.000000 0.000000 0.000000 -0.417676 0.908596
1760656099.659764 66.888419 -160.910333 0.000000 0.000000 0.000000 -0.404582 0.914502
1760656099.859773 67.064310 -161.305621 0.000000 0.000000 0.000000 -0.394455 0.918915
1760656100.096516 67.064968 -161.306800 0.000000 0.000000 0.000000 -0.381431 0.924397
1760656100.326468 67.262081 -161.720473 0.000000 0.000000 0.000000 -0.375567 0.926795
1760656100.559772 67.433997 -162.081152 0.000000 0.000000 0.000000 -0.372081 0.928200
1760656100.793086 67.617477 -162.436665 0.000000 0.000000 0.000000 -0.367478 0.930032
1760656100.993109 67.618074 -162.437657 0.000000 0.000000 0.000000 -0.358784 0.933420
1760656101.193109 67.814998 -162.817822 0.000000 0.000000 0.000000 -0.360218 0.932868
1760656101.393113 68.011265 -163.190818 0.000000 0.000000 0.000000 -0.359061 0.933314
1760656101.626433 68.011873 -163.191835 0.000000 0.000000 0.000000 -0.351079 0.936346
1760656101.859768 68.182870 -163.584952 0.000000 0.000000 0.000000 -0.355045 0.934849
1760656102.093096 68.377663 -163.914290 0.000000 0.000000 0.000000 -0.350060 0.936727
1760656102.293511 68.583986 -164.238935 0.000000 0.000000 0.000000 -0.346786 0.937944
1760656102.559775 68.764044 -164.522263 0.000000 0.000000 0.000000 -0.343155 0.939279
1760656102.759810 68.764708 -164.523278 0.000000 0.000000 0.000000 -0.338360 0.941017
1760656102.961767 68.976387 -164.827412 0.000000 0.000000 0.000000 -0.339681 0.940541
1760656103.193607 69.197011 -165.126711 0.000000 0.000000 0.000000 -0.339728 0.940524
1760656103.459775 69.419273 -165.432311 0.000000 0.000000 0.000000 -0.339725 0.940525
1760656103.659808 69.419948 -165.433233 0.000000 0.000000 0.000000 -0.336700 0.941612
1760656103.893105 69.682166 -165.739240 0.000000 0.000000 0.000000 -0.337670 0.941265
1760656104.126429 69.951732 -166.039255 0.000000 0.000000 0.000000 -0.337840 0.941203
1760656104.359762 70.227328 -166.335243 0.000000 0.000000 0.000000 -0.338414 0.940997
1760656104.593085 70.510708 -166.626572 0.000000 0.000000 0.000000 -0.338720 0.940887
1760656104.793121 70.511514 -166.627447 0.000000 0.000000 0.000000 -0.337181 0.941440
1760656105.026432 70.812867 -166.942287 0.000000 0.000000 0.000000 -0.339200 0.940714
1760656105.259765 71.116738 -167.251253 0.000000 0.000000 0.000000 -0.339952 0.940443
1760656105.493093 71.422744 -167.555718 0.000000 0.000000 0.000000 -0.340219 0.940346
1760656105.726424 71.719832 -167.867399 0.000000 0.000000 0.000000 -0.340652 0.940190
1760656105.959781 72.020141 -168.177672 0.000000 0.000000 0.000000 -0.340191 0.940357
1760656106.193125 72.021315 -168.178884 0.000000 0.000000 0.000000 -0.339547 0.940589
1760656106.426430 72.345792 -168.514145 0.000000 0.000000 0.000000 -0.338019 0.941139
1760656106.629543 72.666229 -168.845782 0.000000 0.000000 0.000000 -0.335323 0.942103
1760656106.893140 72.982052 -169.169828 0.000000 0.000000 0.000000 -0.331776 0.943358
1760656107.093155 72.983083 -169.170856 0.000000 0.000000 0.000000 -0.330629 0.943761
1760656107.326427 73.323913 -169.514273 0.000000 0.000000 0.000000 -0.326548 0.945181
1760656107.526500 73.665724 -169.842871 0.000000 0.000000 0.000000 -0.322613 0.946531
1760656107.793114 74.000054 -170.162648 0.000000 0.000000 0.000000 -0.317859 0.948138
1760656107.994263 74.001129 -170.163637 0.000000 0.000000 0.000000 -0.315845 0.948811
1760656108.226452 74.364968 -170.494977 0.000000 0.000000 0.000000 -0.311494 0.950248
1760656108.459788 74.723254 -170.817307 0.000000 0.000000 0.000000 -0.306916 0.951737
1760656108.726417 75.078505 -171.131045 0.000000 0.000000 0.000000 -0.301025 0.953616
1760656108.927506 75.079620 -171.131977 0.000000 0.000000 0.000000 -0.298270 0.954482
1760656109.159782 75.461258 -171.458283 0.000000 0.000000 0.000000 -0.292150 0.956373
1760656109.393117 75.831366 -171.779008 0.000000 0.000000 0.000000 -0.285040 0.958516
1760656109.659769 76.193168 -172.094518 0.000000 0.000000 0.000000 -0.275751 0.961229
1760656109.859779 76.194326 -172.095412 0.000000 0.000000 0.000000 -0.271767 0.962363
1760656110.093107 76.579987 -172.424734 0.000000 0.000000 0.000000 -0.261681 0.965154
1760656110.293116 76.955956 -172.744771 0.000000 0.000000 0.000000 -0.251778 0.967785
1760656110.526429 77.323810 -173.049841 0.000000 0.000000 0.000000 -0.239394 0.970922
1760656110.726467 77.324910 -173.050616 0.000000 0.000000 0.000000 -0.233465 0.972365
1760656110.959771 77.715209 -173.364452 0.000000 0.000000 0.000000 -0.218072 0.975933
1760656111.161517 78.102495 -173.661937 0.000000 0.000000 0.000000 -0.201782 0.979430
1760656111.426453 78.483389 -173.944804 0.000000 0.000000 0.000000 -0.179278 0.983798
1760656111.664510 78.484980 -173.945714 0.000000 0.000000 0.000000 -0.168153 0.985761
1760656111.893121 78.899598 -174.239998 0.000000 0.000000 0.000000 -0.148333 0.988937
1760656112.094528 79.307971 -174.517344 0.000000 0.000000 0.000000 -0.129956 0.991520
1760656112.359811 79.709710 -174.775041 0.000000 0.000000 0.000000 -0.106254 0.994339
1760656112.593106 79.711329 -174.775771 0.000000 0.000000 0.000000 -0.091905 0.995768
1760656112.793108 80.146163 -175.040684 0.000000 0.000000 0.000000 -0.078556 0.996910
1760656112.993117 80.570669 -175.283209 0.000000 0.000000 0.000000 -0.063895 0.997957
1760656113.259775 80.989045 -175.500401 0.000000 0.000000 0.000000 -0.044874 0.998993
1760656113.493093 80.990691 -175.501002 0.000000 0.000000 0.000000 -0.029771 0.999557
1760656113.693105 81.442754 -175.725840 0.000000 0.000000 0.000000 -0.024290 0.999705
1760656113.926442 81.880690 -175.938939 0.000000 0.000000 0.000000 -0.016017 0.999872
1760656114.126452 81.881807 -175.939329 0.000000 0.000000 0.000000 -0.004548 0.999990
1760656114.359787 82.343069 -176.143339 0.000000 0.000000 0.000000 -0.002283 0.999997
1760656114.597916 82.794962 -176.333337 0.000000 0.000000 0.000000 0.001886 0.999998
1760656114.826429 83.241228 -176.508337 0.000000 0.000000 0.000000 0.006042 0.999982
1760656115.026430 83.242418 -176.508730 0.000000 0.000000 0.000000 0.014685 0.999892
1760656115.226431 83.711099 -176.681675 0.000000 0.000000 0.000000 0.012237 0.999925
1760656115.459772 84.167100 -176.832900 0.000000 0.000000 0.000000 0.013523 0.999909
1760656115.693098 84.168507 -176.833332 0.000000 0.000000 0.000000 0.021189 0.999775
1760656115.893403 84.651991 -176.973118 0.000000 0.000000 0.000000 0.017704 0.999843
1760656116.126436 85.119764 -177.092938 0.000000 0.000000 0.000000 0.018655 0.999826
1760656116.359841 85.580287 -177.200400 0.000000 0.000000 0.000000 0.020079 0.999798
1760656116.593155 85.581782 -177.200758 0.000000 0.000000 0.000000 0.025178 0.999683
1760656116.826430 86.055403 -177.339180 0.000000 0.000000 0.000000 0.021535 0.999768
1760656117.026463 86.519648 -177.455368 0.000000 0.000000 0.000000 0.020848 0.999783
1760656117.293071 86.972426 -177.555265 0.000000 0.000000 0.000000 0.022579 0.999745
1760656117.493094 86.973811 -177.555586 0.000000 0.000000 0.000000 0.025279 0.999680
1760656117.695499 87.455945 -177.649617 0.000000 0.000000 0.000000 0.025159 0.999683
1760656117.926446 87.924011 -177.732346 0.000000 0.000000 0.000000 0.026499 0.999649
1760656118.193087 88.385526 -177.804978 0.000000 0.000000 0.000000 0.029045 0.999578
1760656118.393096 88.386909 -177.805210 0.000000 0.000000 0.000000 0.031209 0.999513
1760656118.626439 88.874734 -177.891726 0.000000 0.000000 0.000000 0.030500 0.999535
1760656118.859774 89.352256 -177.965359 0.000000 0.000000 0.000000 0.031927 0.999490
1760656119.093086 89.821059 -178.022221 0.000000 0.000000 0.000000 0.033490 0.999439
1760656119.295524 89.822366 -178.022397 0.000000 0.000000 0.000000 0.035180 0.999381
1760656119.526435 90.314854 -178.073565 0.000000 0.000000 0.000000 0.036452 0.999335
1760656119.759781 90.796210 -178.116116 0.000000 0.000000 0.000000 0.037669 0.999290
1760656119.993150 91.269033 -178.148997 0.000000 0.000000 0.000000 0.037981 0.999278
1760656120.226441 91.270642 -178.149130 0.000000 0.000000 0.000000 0.039554 0.999217
1760656120.426460 91.770900 -178.173406 0.000000 0.000000 0.000000 0.038363 0.999264
1760656120.659774 92.253985 -178.190728 0.000000 0.000000 0.000000 0.037380 0.999301
1760656120.893118 92.728467 -178.200391 0.000000 0.000000 0.000000 0.036386 0.999338
1760656121.126436 92.730079 -178.200459 0.000000 0.000000 0.000000 0.037068 0.999313
1760656121.359767 93.232979 -178.204487 0.000000 0.000000 0.000000 0.035235 0.999379
1760656121.559774 93.723437 -178.207872 0.000000 0.000000 0.000000 0.033275 0.999446
1760656121.826469 94.148552 -178.210809 0.000000 0.000000 0.000000 0.031907 0.999491
1760656122.059795 94.150281 -178.210847 0.000000 0.000000 0.000000 0.031772 0.999495
1760656122.262546 94.610992 -178.214226 0.000000 0.000000 0.000000 0.029571 0.999563
1760656122.493095 95.060212 -178.212332 0.000000 0.000000 0.000000 0.027579 0.999620
1760656122.726426 95.504407 -178.214182 0.000000 0.000000 0.000000 0.025182 0.999683
1760656122.926429 95.505624 -178.214205 0.000000 0.000000 0.000000 0.024452 0.999701
1760656123.126437 95.974426 -178.210359 0.000000 0.000000 0.000000 0.022945 0.999737
1760656123.326456 95.975329 -178.210371 0.000000 0.000000 0.000000 0.022125 0.999755
1760656123.559774 96.459658 -178.205537 0.000000 0.000000 0.000000 0.021604 0.999767
1760656123.759778 96.931909 -178.199592 0.000000 0.000000 0.000000 0.022820 0.999740
1760656123.993146 97.390737 -178.192486 0.000000 0.000000 0.000000 0.024686 0.999695
1760656124.226434 97.392195 -178.192473 0.000000 0.000000 0.000000 0.024359 0.999703
1760656124.430518 97.879473 -178.183271 0.000000 0.000000 0.000000 0.028163 0.999603
1760656124.659765 98.351549 -178.178699 0.000000 0.000000 0.000000 0.030702 0.999529
1760656124.893099 98.815729 -178.173047 0.000000 0.000000 0.000000 0.033383 0.999443
1760656125.159792 99.274435 -178.157441 0.000000 0.000000 0.000000 0.035782 0.999360
1760656125.362529 99.275926 -178.157386 0.000000 0.000000 0.000000 0.036635 0.999329
1760656125.593098 99.765499 -178.135630 0.000000 0.000000 0.000000 0.038375 0.999263
1760656125.795177 100.244705 -178.111752 0.000000 0.000000 0.000000 0.039617 0.999215
1760656126.059788 100.668915 -178.140826 0.000000 0.000000 0.000000 0.031498 0.999504
1760656126.295524 100.670649 -178.140828 0.000000 0.000000 0.000000 0.031410 0.999507
1760656126.495724 101.131248 -178.165064 0.000000 0.000000 0.000000 0.024335 0.999704
1760656126.727873 101.580523 -178.182534 0.000000 0.000000 0.000000 0.019551 0.999809
1760656126.993121 102.025590 -178.195703 0.000000 0.000000 0.000000 0.016267 0.999868
1760656127.226430 102.027221 -178.195795 0.000000 0.000000 0.000000 0.014582 0.999894
1760656127.426487 102.501855 -178.185838 0.000000 0.000000 0.000000 0.013754 0.999905
1760656127.663525 102.962316 -178.171296 0.000000 0.000000 0.000000 0.013360 0.999911
1760656127.926444 103.417460 -178.157811 0.000000 0.000000 0.000000 0.012378 0.999923
1760656128.159780 103.419095 -178.157810 0.000000 0.000000 0.000000 0.011007 0.999939
1760656128.359794 103.906819 -178.139196 0.000000 0.000000 0.000000 0.011710 0.999931
1760656128.593117 104.378207 -178.119132 0.000000 0.000000 0.000000 0.011948 0.999929
1760656128.826438 104.379614 -178.119098 0.000000 0.000000 0.000000 0.010989 0.999940
1760656129.060597 104.876168 -178.104676 0.000000 0.000000 0.000000 0.010777 0.999942
1760656129.261523 105.359045 -178.089832 0.000000 0.000000 0.000000 0.010756 0.999942
1760656129.493134 105.826773 -178.075326 0.000000 0.000000 0.000000 0.010399 0.999946
1760656129.759761 106.288651 -178.061978 0.000000 0.000000 0.000000 0.009994 0.999950
1760656129.959761 106.290122 -178.061941 0.000000 0.000000 0.000000 0.009419 0.999956
1760656130.193091 106.781630 -178.044934 0.000000 0.000000 0.000000 0.009593 0.999954
1760656130.426426 107.262147 -178.022382 0.000000 0.000000 0.000000 0.009635 0.999954
1760656130.626435 107.733750 -177.995625 0.000000 0.000000 0.000000 0.009743 0.999953
1760656130.859777 108.194731 -177.967558 0.000000 0.000000 0.000000 0.010213 0.999948
1760656131.059789 108.196147 -177.967488 0.000000 0.000000 0.000000 0.009953 0.999950
1760656131.293031 108.683804 -177.933683 0.000000 0.000000 0.000000 0.010578 0.999944
1760656131.493094 109.163216 -177.900493 0.000000 0.000000 0.000000 0.011396 0.999935
1760656131.726422 109.629872 -177.882062 0.000000 0.000000 0.000000 0.011929 0.999929
1760656131.926426 109.631232 -177.881985 0.000000 0.000000 0.000000 0.011949 0.999929
1760656132.126427 110.124261 -177.859294 0.000000 0.000000 0.000000 0.012354 0.999924
1760656132.326445 110.503389 -177.828279 0.000000 0.000000 0.000000 0.012206 0.999925
1760656132.559777 110.504648 -177.828200 0.000000 0.000000 0.000000 0.012251 0.999925
1760656132.793092 110.913685 -177.804092 0.000000 0.000000 0.000000 0.011627 0.999932
1760656132.993096 111.320275 -177.766179 0.000000 0.000000 0.000000 0.013272 0.999912
1760656133.226426 111.723854 -177.736323 0.000000 0.000000 0.000000 0.013909 0.999903
1760656133.426432 111.724980 -177.736235 0.000000 0.000000 0.000000 0.014111 0.999900
1760656133.659760 112.157137 -177.700291 0.000000 0.000000 0.000000 0.015055 0.999887
1760656133.893091 112.586424 -177.671054 0.000000 0.000000 0.000000 0.015697 0.999877
1760656134.093092 113.013458 -177.635720 0.000000 0.000000 0.000000 0.016838 0.999858
1760656134.326426 113.387254 -177.604791 0.000000 0.000000 0.000000 0.017709 0.999843
1760656134.593084 113.768928 -177.571841 0.000000 0.000000 0.000000 0.018165 0.999835
1760656134.793167 113.770302 -177.571719 0.000000 0.000000 0.000000 0.018601 0.999827
1760656135.026426 114.188749 -177.533065 0.000000 0.000000 0.000000 0.018316 0.999832
1760656135.229501 114.595033 -177.465120 0.000000 0.000000 0.000000 0.020046 0.999799
1760656135.459767 114.950187 -177.405735 0.000000 0.000000 0.000000 0.021276 0.999774
1760656135.693091 115.314457 -177.357527 0.000000 0.000000 0.000000 0.020427 0.999791
1760656135.928493 115.688008 -177.314625 0.000000 0.000000 0.000000 0.019348 0.999813
1760656136.193104 116.025573 -177.280928 0.000000 0.000000 0.000000 0.018067 0.999837
1760656136.462516 116.379531 -177.243633 0.000000 0.000000 0.000000 0.016229 0.999868
1760656136.726421 116.652317 -177.210920 0.000000 0.000000 0.000000 0.014770 0.999891
1760656136.926427 116.653570 -177.210784 0.000000 0.000000 0.000000 0.014454 0.999896
1760656137.126427 116.967139 -177.173651 0.000000 0.000000 0.000000 0.012845 0.999918
1760656137.326432 117.291126 -177.140526 0.000000 0.000000 0.000000 0.011306 0.999936
1760656137.559759 117.623977 -177.112584 0.000000 0.000000 0.000000 0.010095 0.999949
1760656137.793087 117.968623 -177.078638 0.000000 0.000000 0.000000 0.009341 0.999956
1760656137.993089 117.969687 -177.078542 0.000000 0.000000 0.000000 0.008696 0.999962
1760656138.193097 118.348069 -177.033990 0.000000 0.000000 0.000000 0.008719 0.999962
1760656138.426439 118.728258 -176.988659 0.000000 0.000000 0.000000 0.008532 0.999964
1760656138.626539 119.114457 -176.941299 0.000000 0.000000 0.000000 0.008694 0.999962
1760656138.859756 119.455082 -176.899529 0.000000 0.000000 0.000000 0.008779 0.999961
1760656139.059759 119.456208 -176.899400 0.000000 0.000000 0.000000 0.008409 0.999965
1760656139.259765 119.832409 -176.855270 0.000000 0.000000 0.000000 0.008807 0.999961
1760656139.493099 120.211460 -176.815813 0.000000 0.000000 0.000000 0.008648 0.999963
1760656139.726427 120.597511 -176.782766 0.000000 0.000000 0.000000 0.008182 0.999967
1760656139.926432 120.990394 -176.750486 0.000000 0.000000 0.000000 0.007809 0.999970
1760656140.193495 121.384584 -176.711094 0.000000 0.000000 0.000000 0.007601 0.999971
1760656140.459777 121.789530 -176.661832 0.000000 0.000000 0.000000 0.007575 0.999971
1760656140.727488 122.205703 -176.615299 0.000000 0.000000 0.000000 0.007664 0.999971
1760656140.993090 122.631761 -176.568671 0.000000 0.000000 0.000000 0.007544 0.999972
1760656141.193096 122.633361 -176.568499 0.000000 0.000000 0.000000 0.007371 0.999973
1760656141.393112 123.075792 -176.482981 0.000000 0.000000 0.000000 0.017780 0.999842
1760656141.626438 123.459610 -176.392881 0.000000 0.000000 0.000000 0.025613 0.999672
1760656141.859761 123.849260 -176.312933 0.000000 0.000000 0.000000 0.030570 0.999533
1760656142.093838 124.244622 -176.235619 0.000000 0.000000 0.000000 0.034085 0.999419
1760656142.326449 124.246180 -176.235261 0.000000 0.000000 0.000000 0.036650 0.999328
1760656142.559765 124.625865 -176.161074 0.000000 0.000000 0.000000 0.037866 0.999283
1760656142.759768 125.009515 -176.083556 0.000000 0.000000 0.000000 0.038234 0.999269
1760656142.993096 125.393818 -176.012060 0.000000 0.000000 0.000000 0.038436 0.999261
1760656143.195492 125.784386 -175.947654 0.000000 0.000000 0.000000 0.037537 0.999295
1760656143.461574 126.177259 -175.887098 0.000000 0.000000 0.000000 0.036711 0.999326
1760656143.726420 126.573093 -175.859208 0.000000 0.000000 0.000000 0.031262 0.999511
1760656143.959777 126.980017 -175.830453 0.000000 0.000000 0.000000 0.026553 0.999647
1760656144.226418 127.392805 -175.805025 0.000000 0.000000 0.000000 0.021900 0.999760
1760656144.426427 127.394390 -175.804912 0.000000 0.000000 0.000000 0.021113 0.999777
1760656144.629519 127.792904 -175.780383 0.000000 0.000000 0.000000 0.017622 0.999845
1760656144.859759 128.191894 -175.757821 0.000000 0.000000 0.000000 0.014177 0.999900
1760656145.059771 128.594607 -175.736019 0.000000 0.000000 0.000000 0.011877 0.999929
1760656145.326440 128.997740 -175.715357 0.000000 0.000000 0.000000 0.009246 0.999957
1760656145.526443 128.999172 -175.715309 0.000000 0.000000 0.000000 0.007725 0.999970
1760656145.726915 129.439441 -175.692034 0.000000 0.000000 0.000000 0.006973 0.999976
1760656145.959769 129.873964 -175.668490 0.000000 0.000000 0.000000 0.006674 0.999978
1760656146.193100 130.308561 -175.645761 0.000000 0.000000 0.000000 0.007462 0.999972
1760656146.426419 130.743677 -175.633955 0.000000 0.000000 0.000000 0.008725 0.999962
1760656146.628528 130.745018 -175.633905 0.000000 0.000000 0.000000 0.007980 0.999968
1760656146.863516 131.210856 -175.622762 0.000000 0.000000 0.000000 0.012215 0.999925
1760656147.093092 131.672452 -175.615427 0.000000 0.000000 0.000000 0.017641 0.999844
1760656147.293398 132.129121 -175.607577 0.000000 0.000000 0.000000 0.023100 0.999733
1760656147.526423 132.578736 -175.607050 0.000000 0.000000 0.000000 0.028220 0.999602
1760656147.726439 132.580149 -175.606985 0.000000 0.000000 0.000000 0.029709 0.999559
1760656147.961521 133.059623 -175.605116 0.000000 0.000000 0.000000 0.034833 0.999393
1760656148.193093 133.533439 -175.598551 0.000000 0.000000 0.000000 0.040210 0.999191
1760656148.394405 134.001884 -175.596158 0.000000 0.000000 0.000000 0.043843 0.999038
1760656148.626426 134.461925 -175.585976 0.000000 0.000000 0.000000 0.047915 0.998851
1760656148.859754 134.921431 -175.575502 0.000000 0.000000 0.000000 0.051013 0.998698
1760656149.059755 134.922934 -175.575419 0.000000 0.000000 0.000000 0.053573 0.998564
1760656149.259771 135.413075 -175.565584 0.000000 0.000000 0.000000 0.054186 0.998531
1760656149.493075 135.891920 -175.554410 0.000000 0.000000 0.000000 0.055719 0.998446
1760656149.693097 136.358613 -175.518876 0.000000 0.000000 0.000000 0.057957 0.998319
1760656149.926435 136.818539 -175.484516 0.000000 0.000000 0.000000 0.059928 0.998203
1760656150.193100 137.278779 -175.446004 0.000000 0.000000 0.000000 0.061664 0.998097
1760656150.459757 137.743097 -175.397151 0.000000 0.000000 0.000000 0.062473 0.998047
1760656150.659759 137.744811 -175.396980 0.000000 0.000000 0.000000 0.064262 0.997933
1760656150.859766 138.244901 -175.347425 0.000000 0.000000 0.000000 0.061741 0.998092
1760656151.093093 138.730897 -175.293688 0.000000 0.000000 0.000000 0.059551 0.998225
1760656151.327509 139.211472 -175.244638 0.000000 0.000000 0.000000 0.056597 0.998397
1760656151.559758 139.688467 -175.202497 0.000000 0.000000 0.000000 0.052860 0.998602
1760656151.759765 139.689978 -175.202369 0.000000 0.000000 0.000000 0.052804 0.998605
1760656151.993093 140.194672 -175.160456 0.000000 0.000000 0.000000 0.047728 0.998860
1760656152.195501 140.690367 -175.121297 0.000000 0.000000 0.000000 0.044504 0.999009
1760656152.426464 141.172683 -175.080047 0.000000 0.000000 0.000000 0.041768 0.999127
1760656152.659766 141.644879 -175.063458 0.000000 0.000000 0.000000 0.037784 0.999286
1760656152.895493 142.090249 -175.044399 0.000000 0.000000 0.000000 0.034870 0.999392
1760656153.159758 142.490123 -175.027286 0.000000 0.000000 0.000000 0.032580 0.999469
1760656153.359779 142.491763 -175.027242 0.000000 0.000000 0.000000 0.031001 0.999519
1760656153.593090 142.929012 -175.011407 0.000000 0.000000 0.000000 0.030278 0.999542
1760656153.793093 143.354781 -175.020756 0.000000 0.000000 0.000000 0.027278 0.999628
1760656154.026454 143.727726 -175.028936 0.000000 0.000000 0.000000 0.025026 0.999687
1760656154.259762 144.108736 -175.040357 0.000000 0.000000 0.000000 0.022469 0.999748
1760656154.459766 144.496265 -175.039546 0.000000 0.000000 0.000000 0.022053 0.999757
1760656154.661494 144.497453 -175.039574 0.000000 0.000000 0.000000 0.020466 0.999791
1760656154.893090 144.912420 -175.036928 0.000000 0.000000 0.000000 0.020963 0.999780
1760656155.093099 145.329958 -175.033725 0.000000 0.000000 0.000000 0.021066 0.999778
1760656155.326425 145.744627 -175.021594 0.000000 0.000000 0.000000 0.020856 0.999782
1760656155.563500 146.163374 -175.004178 0.000000 0.000000 0.000000 0.021218 0.999775
1760656155.793112 146.583472 -175.001671 0.000000 0.000000 0.000000 0.020092 0.999798
1760656156.026436 146.585140 -175.001657 0.000000 0.000000 0.000000 0.019091 0.999818
1760656156.226461 147.040956 -175.011590 0.000000 0.000000 0.000000 0.016899 0.999857
1760656156.459758 147.489491 -175.019748 0.000000 0.000000 0.000000 0.015438 0.999881
1760656156.659759 147.936872 -175.026454 0.000000 0.000000 0.000000 0.014512 0.999895
1760656156.894503 148.378443 -175.022327 0.000000 0.000000 0.000000 0.014015 0.999902
1760656157.160564 148.821032 -175.010208 0.000000 0.000000 0.000000 0.013783 0.999905
1760656157.393084 149.271026 -174.994564 0.000000 0.000000 0.000000 0.014090 0.999901
1760656157.593091 149.272522 -174.994548 0.000000 0.000000 0.000000 0.013405 0.999910
1760656157.793096 149.753382 -174.985043 0.000000 0.000000 0.000000 0.013318 0.999911
1760656158.026426 150.224023 -174.972939 0.000000 0.000000 0.000000 0.013238 0.999912
1760656158.226748 150.690631 -174.953271 0.000000 0.000000 0.000000 0.013509 0.999909
1760656158.459754 151.102780 -174.935903 0.000000 0.000000 0.000000 0.013670 0.999907
1760656158.659936 151.104221 -174.935859 0.000000 0.000000 0.000000 0.013294 0.999912
1760656158.893097 151.548906 -174.912031 0.000000 0.000000 0.000000 0.014735 0.999891
1760656159.093106 151.992645 -174.887705 0.000000 0.000000 0.000000 0.015593 0.999878
1760656159.326460 152.429645 -174.876400 0.000000 0.000000 0.000000 0.014219 0.999899
1760656159.560555 152.867961 -174.860044 0.000000 0.000000 0.000000 0.013239 0.999912
1760656159.793082 153.308765 -174.843028 0.000000 0.000000 0.000000 0.011648 0.999932
1760656159.993092 153.310200 -174.842981 0.000000 0.000000 0.000000 0.011216 0.999937
1760656160.226427 153.782821 -174.824759 0.000000 0.000000 0.000000 0.009246 0.999957
1760656160.459786 154.251385 -174.806329 0.000000 0.000000 0.000000 0.007269 0.999974
1760656160.693095 154.716088 -174.795687 0.000000 0.000000 0.000000 0.004715 0.999989
1760656160.893099 155.178557 -174.783239 0.000000 0.000000 0.000000 0.002333 0.999997
1760656161.126421 155.541683 -174.778213 0.000000 0.000000 0.000000 0.000432 1.000000
1760656161.326424 155.543120 -174.778202 0.000000 0.000000 0.000000 -0.000740 1.000000
1760656161.526432 155.941293 -174.769873 0.000000 0.000000 0.000000 -0.005790 0.999983
1760656161.759767 156.340059 -174.764966 0.000000 0.000000 0.000000 -0.009776 0.999952
1760656161.993095 156.730555 -174.793321 0.000000 0.000000 0.000000 -0.021558 0.999768
1760656162.226426 157.127250 -174.811605 0.000000 0.000000 0.000000 -0.035242 0.999379
1760656162.459756 157.529354 -174.829492 0.000000 0.000000 0.000000 -0.051252 0.998686
1760656162.659758 157.530664 -174.829649 0.000000 0.000000 0.000000 -0.056663 0.998393
1760656162.859759 157.966011 -174.842128 0.000000 0.000000 0.000000 -0.076652 0.997058
1760656163.059762 158.300033 -174.841570 0.000000 0.000000 0.000000 -0.090977 0.995853
1760656163.259764 158.640273 -174.827207 0.000000 0.000000 0.000000 -0.109247 0.994015
1760656163.526423 158.978671 -174.824196 0.000000 0.000000 0.000000 -0.133911 0.990993
1760656163.726429 158.979904 -174.824406 0.000000 0.000000 0.000000 -0.144408 0.989518
1760656163.959760 159.298784 -174.845853 0.000000 0.000000 0.000000 -0.160323 0.987065
1760656164.193090 159.614808 -174.872109 0.000000 0.000000 0.000000 -0.179808 0.983702
1760656164.395491 159.944002 -174.900690 0.000000 0.000000 0.000000 -0.199727 0.979852
1760656164.628488 160.250191 -174.966594 0.000000 0.000000 0.000000 -0.223677 0.974663
1760656164.893106 160.524596 -175.025652 0.000000 0.000000 0.000000 -0.242628 0.970119
1760656165.159798 160.820941 -175.071548 0.000000 0.000000 0.000000 -0.263728 0.964597
1760656165.426421 161.137834 -175.119215 0.000000 0.000000 0.000000 -0.286340 0.958128
1760656165.626422 161.138938 -175.119623 0.000000 0.000000 0.000000 -0.300532 0.953772
1760656165.826425 161.494312 -175.153276 0.000000 0.000000 0.000000 -0.313995 0.949425
1760656166.026430 161.851125 -175.201049 0.000000 0.000000 0.000000 -0.326975 0.945033
1760656166.228508 162.209204 -175.260087 0.000000 0.000000 0.000000 -0.343731 0.939068
1760656166.496491 162.570685 -175.328876 0.000000 0.000000 0.000000 -0.367608 0.929981
1760656166.759758 162.899172 -175.391349 0.000000 0.000000 0.000000 -0.383425 0.923572
1760656166.959795 162.900324 -175.391795 0.000000 0.000000 0.000000 -0.397442 0.917627
1760656167.193114 163.266927 -175.464054 0.000000 0.000000 0.000000 -0.406904 0.913471
1760656167.426427 163.632442 -175.556339 0.000000 0.000000 0.000000 -0.421291 0.906926
1760656167.626433 163.997095 -175.664728 0.000000 0.000000 0.000000 -0.433495 0.901156
1760656167.859779 164.317613 -175.760002 0.000000 0.000000 0.000000 -0.443496 0.896276
1760656168.126420 164.638676 -175.879182 0.000000 0.000000 0.000000 -0.459108 0.888380
1760656168.327816 164.639830 -175.879750 0.000000 0.000000 0.000000 -0.471150 0.882053
1760656168.559758 164.983221 -176.033599 0.000000 0.000000 0.000000 -0.477000 0.878903
1760656168.759791 165.322953 -176.203444 0.000000 0.000000 0.000000 -0.479151 0.877732
1760656168.996335 165.657009 -176.384659 0.000000 0.000000 0.000000 -0.487987 0.872851
1760656169.259780 165.988713 -176.581697 0.000000 0.000000 0.000000 -0.501376 0.865229
1760656169.526419 166.317381 -176.798722 0.000000 0.000000 0.000000 -0.512539 0.858664
1760656169.726425 166.318475 -176.799540 0.000000 0.000000 0.000000 -0.521833 0.853048
1760656169.926432 166.666381 -177.048755 0.000000 0.000000 0.000000 -0.525789 0.850615
1760656170.126434 166.994671 -177.308435 0.000000 0.000000 0.000000 -0.529329 0.848416
1760656170.362490 167.307464 -177.577837 0.000000 0.000000 0.000000 -0.536894 0.843650
1760656170.626428 167.611357 -177.860156 0.000000 0.000000 0.000000 -0.544104 0.839018
1760656170.893093 167.911081 -178.156917 0.000000 0.000000 0.000000 -0.549948 0.835199
1760656171.126439 168.200735 -178.470206 0.000000 0.000000 0.000000 -0.553224 0.833032
1760656171.359795 168.201881 -178.471488 0.000000 0.000000 0.000000 -0.560578 0.828101
1760656171.593096 168.501255 -178.820195 0.000000 0.000000 0.000000 -0.558902 0.829234
1760656171.794542 168.764625 -179.126900 0.000000 0.000000 0.000000 -0.556837 0.830622
1760656172.026429 169.015558 -179.439733 0.000000 0.000000 0.000000 -0.556378 0.830929
1760656172.263497 169.258224 -179.762596 0.000000 0.000000 0.000000 -0.556321 0.830968
1760656172.493089 169.495068 -180.095314 0.000000 0.000000 0.000000 -0.555800 0.831316
1760656172.693090 169.495871 -180.096384 0.000000 0.000000 0.000000 -0.558587 0.829446
1760656172.893092 169.697909 -180.367153 0.000000 0.000000 0.000000 -0.555417 0.831572
1760656173.126429 169.895709 -180.649388 0.000000 0.000000 0.000000 -0.553514 0.832840
1760656173.326430 170.090355 -180.945260 0.000000 0.000000 0.000000 -0.551967 0.833866
1760656173.593103 170.280528 -181.250754 0.000000 0.000000 0.000000 -0.550981 0.834518
1760656173.859750 170.475665 -181.570671 0.000000 0.000000 0.000000 -0.549686 0.835372
1760656174.059774 170.476387 -181.571767 0.000000 0.000000 0.000000 -0.550331 0.834946
1760656174.259841 170.685309 -181.927422 0.000000 0.000000 0.000000 -0.548273 0.836300
1760656174.493094 170.886566 -182.284247 0.000000 0.000000 0.000000 -0.546939 0.837173
1760656174.726427 171.064935 -182.600503 0.000000 0.000000 0.000000 -0.545933 0.837829
1760656174.926442 171.065513 -182.601470 0.000000 0.000000 0.000000 -0.545934 0.837828
1760656175.126477 171.256382 -182.947928 0.000000 0.000000 0.000000 -0.545176 0.838322
1760656175.359758 171.442741 -183.295725 0.000000 0.000000 0.000000 -0.544653 0.838661
1760656175.559868 171.628291 -183.648535 0.000000 0.000000 0.000000 -0.544463 0.838785
1760656175.826446 171.809903 -184.003865 0.000000 0.000000 0.000000 -0.544462 0.838785
1760656176.026456 171.810532 -184.005031 0.000000 0.000000 0.000000 -0.544335 0.838868
1760656176.264522 172.004409 -184.395024 0.000000 0.000000 0.000000 -0.544595 0.838699
1760656176.493091 172.192115 -184.787146 0.000000 0.000000 0.000000 -0.545361 0.838201
1760656176.726425 172.377388 -185.178637 0.000000 0.000000 0.000000 -0.545948 0.837819
1760656176.959761 172.554859 -185.573595 0.000000 0.000000 0.000000 -0.546967 0.837154
1760656177.159771 172.731784 -185.970324 0.000000 0.000000 0.000000 -0.547618 0.836728
1760656177.359867 172.732304 -185.971459 0.000000 0.000000 0.000000 -0.547846 0.836579
1760656177.593244 172.918762 -186.392348 0.000000 0.000000 0.000000 -0.548155 0.836377
1760656177.826427 173.105947 -186.809671 0.000000 0.000000 0.000000 -0.548267 0.836303
1760656178.026434 173.291150 -187.225068 0.000000 0.000000 0.000000 -0.548426 0.836199
1760656178.226443 173.473114 -187.635251 0.000000 0.000000 0.000000 -0.548608 0.836080
1760656178.459779 173.473762 -187.636711 0.000000 0.000000 0.000000 -0.548841 0.835927
1760656178.693100 173.666557 -188.076031 0.000000 0.000000 0.000000 -0.549436 0.835536
1760656178.926429 173.837029 -188.464465 0.000000 0.000000 0.000000 -0.549822 0.835282
1760656179.159762 174.008277 -188.853744 0.000000 0.000000 0.000000 -0.550169 0.835053
1760656179.393100 174.117801 -189.222055 0.000000 0.000000 0.000000 -0.554538 0.832158
1760656179.594498 174.255973 -189.577536 0.000000 0.000000 0.000000 -0.554821 0.831970
1760656179.859749 174.395631 -189.936713 0.000000 0.000000 0.000000 -0.555127 0.831765
1760656180.060795 174.396167 -189.938135 0.000000 0.000000 0.000000 -0.555725 0.831366
1760656180.293092 174.552134 -190.332870 0.000000 0.000000 0.000000 -0.554607 0.832112
1760656180.495793 174.691131 -190.732361 0.000000 0.000000 0.000000 -0.554017 0.832505
1760656180.726432 174.813926 -191.131982 0.000000 0.000000 0.000000 -0.554015 0.832507
1760656180.959759 174.925715 -191.536761 0.000000 0.000000 0.000000 -0.554101 0.832449
1760656181.159773 175.007652 -191.943573 0.000000 0.000000 0.000000 -0.555509 0.831511
1760656181.426418 175.093613 -192.347599 0.000000 0.000000 0.000000 -0.556179 0.831063
1760656181.626432 175.093996 -192.349127 0.000000 0.000000 0.000000 -0.556542 0.830819
1760656181.859757 175.138815 -192.708827 0.000000 0.000000 0.000000 -0.556370 0.830935
1760656182.059772 175.191648 -193.076280 0.000000 0.000000 0.000000 -0.555705 0.831380
1760656182.293095 175.251825 -193.445717 0.000000 0.000000 0.000000 -0.554453 0.832215
1760656182.493108 175.332875 -193.815634 0.000000 0.000000 0.000000 -0.552837 0.833289
1760656182.759776 175.434651 -194.180466 0.000000 0.000000 0.000000 -0.550348 0.834935
1760656183.026425 175.549035 -194.555560 0.000000 0.000000 0.000000 -0.547185 0.837012
1760656183.226436 175.549407 -194.556944 0.000000 0.000000 0.000000 -0.546450 0.837492
1760656183.429508 175.686046 -194.964242 0.000000 0.000000 0.000000 -0.543189 0.839610
1760656183.659783 175.835438 -195.361053 0.000000 0.000000 0.000000 -0.539257 0.842141
1760656183.861284 175.998302 -195.751535 0.000000 0.000000 0.000000 -0.536226 0.844075
1760656184.093088 176.170157 -196.135185 0.000000 0.000000 0.000000 -0.531801 0.846869
1760656184.293095 176.170679 -196.136404 0.000000 0.000000 0.000000 -0.529972 0.848015
1760656184.493119 176.334878 -196.502901 0.000000 0.000000 0.000000 -0.527560 0.849518
1760656184.726426 176.500691 -196.868500 0.000000 0.000000 0.000000 -0.525073 0.851057
1760656184.926428 176.664676 -197.239653 0.000000 0.000000 0.000000 -0.523006 0.852329
1760656185.159757 176.850774 -197.590537 0.000000 0.000000 0.000000 -0.519620 0.854397
1760656185.359806 176.851344 -197.591661 0.000000 0.000000 0.000000 -0.517547 0.855655
1760656185.593091 177.049096 -197.974434 0.000000 0.000000 0.000000 -0.514789 0.857317
1760656185.793093 177.244188 -198.359037 0.000000 0.000000 0.000000 -0.512102 0.858924
1760656185.993099 177.413940 -198.745300 0.000000 0.000000 0.000000 -0.510103 0.860113
1760656186.193115 177.586497 -199.128586 0.000000 0.000000 0.000000 -0.504231 0.863569
1760656186.426424 177.587166 -199.129882 0.000000 0.000000 0.000000 -0.501187 0.865339
1760656186.626434 177.761181 -199.547345 0.000000 0.000000 0.000000 -0.497383 0.867531
1760656186.826441 177.960812 -199.928084 0.000000 0.000000 0.000000 -0.488641 0.872485
1760656187.059758 178.158873 -200.306212 0.000000 0.000000 0.000000 -0.476394 0.879232
1760656187.293057 178.358244 -200.687736 0.000000 0.000000 0.000000 -0.460775 0.887517
1760656187.493097 178.358953 -200.688862 0.000000 0.000000 0.000000 -0.455081 0.890450
1760656187.726424 178.563423 -201.102850 0.000000 0.000000 0.000000 -0.440988 0.897513
1760656187.926454 178.738007 -201.518866 0.000000 0.000000 0.000000 -0.428388 0.903595
1760656188.159767 178.891280 -201.884072 0.000000 0.000000 0.000000 -0.418645 0.908150
1760656188.393089 179.051892 -202.252487 0.000000 0.000000 0.000000 -0.406169 0.913798
1760656188.593098 179.052562 -202.253595 0.000000 0.000000 0.000000 -0.398173 0.917310
1760656188.826428 179.233938 -202.647696 0.000000 0.000000 0.000000 -0.383363 0.923598
1760656189.026434 179.419898 -203.039239 0.000000 0.000000 0.000000 -0.366534 0.930405
1760656189.259754 179.610937 -203.422501 0.000000 0.000000 0.000000 -0.352224 0.935916
1760656189.493087 179.808431 -203.804785 0.000000 0.000000 0.000000 -0.334297 0.942468
1760656189.693089 179.809196 -203.805870 0.000000 0.000000 0.000000 -0.323416 0.946257
1760656189.893091 180.032625 -204.207579 0.000000 0.000000 0.000000 -0.307438 0.951568
1760656190.093094 180.259686 -204.597018 0.000000 0.000000 0.000000 -0.288419 0.957504
1760656190.326426 180.446129 -204.977960 0.000000 0.000000 0.000000 -0.273290 0.961932
1760656190.526429 180.446911 -204.978963 0.000000 0.000000 0.000000 -0.260663 0.965430
1760656190.759760 180.607496 -205.389932 0.000000 0.000000 0.000000 -0.257698 0.966225
1760656190.993095 180.782949 -205.790047 0.000000 0.000000 0.000000 -0.247144 0.968979
1760656191.226427 180.889294 -206.136830 0.000000 0.000000 0.000000 -0.239108 0.970993
1760656191.426448 181.023668 -206.473470 0.000000 0.000000 0.000000 -0.227487 0.973781
1760656191.626470 181.024186 -206.474393 0.000000 0.000000 0.000000 -0.216752 0.976227
1760656191.859759 181.185242 -206.828538 0.000000 0.000000 0.000000 -0.202130 0.979359
1760656192.093091 181.373557 -207.161475 0.000000 0.000000 0.000000 -0.191450 0.981502
1760656192.293093 181.578929 -207.487318 0.000000 0.000000 0.000000 -0.177717 0.984082
1760656192.493113 181.579524 -207.488141 0.000000 0.000000 0.000000 -0.166539 0.986035
1760656192.726427 181.811482 -207.826729 0.000000 0.000000 0.000000 -0.152414 0.988317
1760656192.926440 182.057031 -208.154427 0.000000 0.000000 0.000000 -0.136106 0.990694
1760656193.126441 182.310163 -208.471857 0.000000 0.000000 0.000000 -0.118418 0.992964
1760656193.393086 182.574071 -208.777181 0.000000 0.000000 0.000000 -0.093438 0.995625
1760656193.593093 182.575082 -208.778107 0.000000 0.000000 0.000000 -0.079871 0.996805
1760656193.793093 182.876515 -209.093720 0.000000 0.000000 0.000000 -0.067285 0.997734
1760656194.026426 183.188310 -209.381465 0.000000 0.000000 0.000000 -0.049223 0.998788
1760656194.226535 183.512756 -209.647478 0.000000 0.000000 0.000000 -0.039017 0.999239
1760656194.459768 183.817350 -209.839831 0.000000 0.000000 0.000000 -0.021804 0.999762
1760656194.726424 184.137781 -210.019661 0.000000 0.000000 0.000000 -0.000522 1.000000
1760656194.926430 184.138998 -210.020262 0.000000 0.000000 0.000000 0.013363 0.999911
1760656195.159760 184.499809 -210.199076 0.000000 0.000000 0.000000 0.022572 0.999745
1760656195.393092 184.868840 -210.352677 0.000000 0.000000 0.000000 0.029531 0.999564
1760656195.593092 185.245006 -210.487150 0.000000 0.000000 0.000000 0.034118 0.999418
1760656195.826432 185.598210 -210.644225 0.000000 0.000000 0.000000 0.035449 0.999371
1760656196.026459 185.962271 -210.785536 0.000000 0.000000 0.000000 0.034191 0.999415
1760656196.293092 186.285539 -210.911007 0.000000 0.000000 0.000000 0.034870 0.999392
1760656196.561496 186.627804 -211.029952 0.000000 0.000000 0.000000 0.031400 0.999507
1760656196.826422 186.963822 -211.179446 0.000000 0.000000 0.000000 0.020493 0.999790
1760656197.026432 186.965151 -211.179972 0.000000 0.000000 0.000000 0.024184 0.999708
1760656197.259757 187.289691 -211.324460 0.000000 0.000000 0.000000 0.009392 0.999956
1760656197.459761 187.626945 -211.448708 0.000000 0.000000 0.000000 -0.006687 0.999978
1760656197.693093 187.971162 -211.561013 0.000000 0.000000 0.000000 -0.018180 0.999835
1760656197.893093 188.278513 -211.613923 0.000000 0.000000 0.000000 -0.024993 0.999688
1760656198.126947 188.598126 -211.661505 0.000000 0.000000 0.000000 -0.034596 0.999401
1760656198.393496 188.932930 -211.709728 0.000000 0.000000 0.000000 -0.045906 0.998946
1760656198.659756 189.285854 -211.753122 0.000000 0.000000 0.000000 -0.057434 0.998349
1760656198.893093 189.648798 -211.814914 0.000000 0.000000 0.000000 -0.069708 0.997567
1760656199.162516 190.022505 -211.873140 0.000000 0.000000 0.000000 -0.082037 0.996629
1760656199.426421 190.410367 -211.932951 0.000000 0.000000 0.000000 -0.091323 0.995821
1760656199.626448 190.411818 -211.933333 0.000000 0.000000 0.000000 -0.097494 0.995236
1760656199.859734 190.824354 -211.958731 0.000000 0.000000 0.000000 -0.096659 0.995318
1760656200.059757 191.237388 -211.994762 0.000000 0.000000 0.000000 -0.098545 0.995133
1760656200.259796 191.647671 -212.032588 0.000000 0.000000 0.000000 -0.100095 0.994978
1760656200.493096 192.057165 -212.072450 0.000000 0.000000 0.000000 -0.103894 0.994588
1760656200.726435 192.466848 -212.129643 0.000000 0.000000 0.000000 -0.108340 0.994114
1760656200.926461 192.468206 -212.129867 0.000000 0.000000 0.000000 -0.112626 0.993637
1760656201.159771 192.909752 -212.198102 0.000000 0.000000 0.000000 -0.114325 0.993443
1760656201.393093 193.350934 -212.263027 0.000000 0.000000 0.000000 -0.115397 0.993319
1760656201.593118 193.790804 -212.330229 0.000000 0.000000 0.000000 -0.114626 0.993409
1760656201.796493 194.178760 -212.348673 0.000000 0.000000 0.000000 -0.111779 0.993733
1760656202.059766 194.569287 -212.376677 0.000000 0.000000 0.000000 -0.108999 0.994042
1760656202.326423 194.971187 -212.413612 0.000000 0.000000 0.000000 -0.104884 0.994485
1760656202.526464 194.972705 -212.413757 0.000000 0.000000 0.000000 -0.105836 0.994384
1760656202.762515 195.408706 -212.470489 0.000000 0.000000 0.000000 -0.097670 0.995219
1760656202.993093 195.844112 -212.531138 0.000000 0.000000 0.000000 -0.091340 0.995820
1760656203.227356 196.277276 -212.597783 0.000000 0.000000 0.000000 -0.085569 0.996332
1760656203.460595 196.710470 -212.668431 0.000000 0.000000 0.000000 -0.077166 0.997018
1760656203.661788 197.142803 -212.747632 0.000000 0.000000 0.000000 -0.070704 0.997497
1760656203.893087 197.572613 -212.826423 0.000000 0.000000 0.000000 -0.062633 0.998037
1760656204.096495 197.574150 -212.826590 0.000000 0.000000 0.000000 -0.059361 0.998237
1760656204.326432 198.037013 -212.908338 0.000000 0.000000 0.000000 -0.051123 0.998692
1760656204.559757 198.496160 -212.990622 0.000000 0.000000 0.000000 -0.042267 0.999106
1760656204.759949 198.941559 -213.033053 0.000000 0.000000 0.000000 -0.031186 0.999514
1760656204.961511 199.286535 -213.071826 0.000000 0.000000 0.000000 -0.022993 0.999736
1760656205.226423 199.639831 -213.112647 0.000000 0.000000 0.000000 -0.011653 0.999932
1760656205.426430 199.641295 -213.112700 0.000000 0.000000 0.000000 -0.005763 0.999983
1760656205.626449 200.034693 -213.157223 0.000000 0.000000 0.000000 -0.000450 1.000000
1760656205.859756 200.429358 -213.196533 0.000000 0.000000 0.000000 0.004720 0.999989
1760656206.059760 200.829355 -213.234124 0.000000 0.000000 0.000000 0.007829 0.999969
1760656206.293090 201.230653 -213.268036 0.000000 0.000000 0.000000 0.011424 0.999935
1760656206.529535 201.638821 -213.299887 0.000000 0.000000 0.000000 0.015137 0.999885
1760656206.793090 202.051751 -213.341017 0.000000 0.000000 0.000000 0.018833 0.999823
1760656207.059754 202.468566 -213.397371 0.000000 0.000000 0.000000 0.020189 0.999796
1760656207.293084 202.895714 -213.450818 0.000000 0.000000 0.000000 0.021065 0.999778
1760656207.493123 202.897196 -213.450936 0.000000 0.000000 0.000000 0.024594 0.999698
1760656207.726429 203.356921 -213.501542 0.000000 0.000000 0.000000 0.022837 0.999739
1760656207.959757 203.814006 -213.551640 0.000000 0.000000 0.000000 0.022224 0.999753
1760656208.159782 204.267350 -213.585423 0.000000 0.000000 0.000000 0.021306 0.999773
1760656208.393095 204.708695 -213.635512 0.000000 0.000000 0.000000 0.021254 0.999774
1760656208.593104 205.133154 -213.718381 0.000000 0.000000 0.000000 0.012204 0.999926
1760656208.859762 205.536177 -213.831332 0.000000 0.000000 0.000000 0.003625 0.999993
1760656209.126423 205.951082 -213.926966 0.000000 0.000000 0.000000 -0.002666 0.999996
1760656209.326443 205.952711 -213.927345 0.000000 0.000000 0.000000 -0.003847 0.999993
1760656209.559759 206.307535 -214.003080 0.000000 0.000000 0.000000 -0.007596 0.999971
1760656209.759761 206.672044 -214.065479 0.000000 0.000000 0.000000 -0.009195 0.999958
1760656209.993098 207.040696 -214.121017 0.000000 0.000000 0.000000 -0.010460 0.999945
1760656210.226434 207.417327 -214.180264 0.000000 0.000000 0.000000 -0.012319 0.999924
1760656210.463277 207.711179 -214.251802 0.000000 0.000000 0.000000 -0.013790 0.999905
1760656210.693096 208.022911 -214.313159 0.000000 0.000000 0.000000 -0.015328 0.999883
1760656210.894509 208.024057 -214.313406 0.000000 0.000000 0.000000 -0.016740 0.999860
1760656211.126424 208.353422 -214.395143 0.000000 0.000000 0.000000 -0.019997 0.999800
1760656211.326426 208.679689 -214.503314 0.000000 0.000000 0.000000 -0.026804 0.999641
1760656211.526440 209.014858 -214.600466 0.000000 0.000000 0.000000 -0.031506 0.999504
1760656211.759790 209.358807 -214.690481 0.000000 0.000000 0.000000 -0.035184 0.999381
1760656212.026423 209.715218 -214.778397 0.000000 0.000000 0.000000 -0.039130 0.999234
1760656212.226425 209.716460 -214.778771 0.000000 0.000000 0.000000 -0.041751 0.999128
1760656212.459800 210.095542 -214.894240 0.000000 0.000000 0.000000 -0.046351 0.998925
1760656212.693100 210.443925 -215.038717 0.000000 0.000000 0.000000 -0.052470 0.998623
1760656212.926425 210.802010 -215.167628 0.000000 0.000000 0.000000 -0.056319 0.998413
1760656213.126429 211.169229 -215.287235 0.000000 0.000000 0.000000 -0.058376 0.998295
1760656213.360503 211.540197 -215.397886 0.000000 0.000000 0.000000 -0.060430 0.998172
1760656213.626422 211.920965 -215.492221 0.000000 0.000000 0.000000 -0.062073 0.998072
1760656213.859750 212.314377 -215.582354 0.000000 0.000000 0.000000 -0.061975 0.998078
1760656214.059778 212.315683 -215.582743 0.000000 0.000000 0.000000 -0.064210 0.997936
1760656214.293090 212.723276 -215.631202 0.000000 0.000000 0.000000 -0.059863 0.998207
1760656214.493624 213.133960 -215.680259 0.000000 0.000000 0.000000 -0.057499 0.998346
1760656214.726875 213.543035 -215.722262 0.000000 0.000000 0.000000 -0.054616 0.998507
1760656214.959765 213.955126 -215.746798 0.000000 0.000000 0.000000 -0.052383 0.998627
1760656215.195514 214.371084 -215.767620 0.000000 0.000000 0.000000 -0.048874 0.998805
1760656215.463495 214.745234 -215.786355 0.000000 0.000000 0.000000 -0.046025 0.998940
1760656215.693135 215.126519 -215.827634 0.000000 0.000000 0.000000 -0.046636 0.998912
1760656215.959749 215.515727 -215.872266 0.000000 0.000000 0.000000 -0.047205 0.998885
1760656216.159762 215.517284 -215.872406 0.000000 0.000000 0.000000 -0.046986 0.998896
1760656216.393093 215.945147 -215.920388 0.000000 0.000000 0.000000 -0.046346 0.998925
1760656216.626453 216.323912 -215.962830 0.000000 0.000000 0.000000 -0.045936 0.998944
1760656216.859757 216.708860 -216.005031 0.000000 0.000000 0.000000 -0.044646 0.999003
1760656217.059760 217.099003 -216.050035 0.000000 0.000000 0.000000 -0.044073 0.999028
1760656217.293084 217.490202 -216.100922 0.000000 0.000000 0.000000 -0.043563 0.999051
1760656217.493093 217.491536 -216.101069 0.000000 0.000000 0.000000 -0.043154 0.999068
1760656217.726432 217.916215 -216.157521 0.000000 0.000000 0.000000 -0.043275 0.999063
1760656217.926451 218.341915 -216.210515 0.000000 0.000000 0.000000 -0.043485 0.999054
1760656218.159758 218.763881 -216.258736 0.000000 0.000000 0.000000 -0.043674 0.999046
1760656218.362517 219.188773 -216.307852 0.000000 0.000000 0.000000 -0.044508 0.999009
1760656218.593096 219.613148 -216.352435 0.000000 0.000000 0.000000 -0.044931 0.998990
1760656218.793394 219.614542 -216.352595 0.000000 0.000000 0.000000 -0.044895 0.998992
1760656219.026433 220.071978 -216.400222 0.000000 0.000000 0.000000 -0.045575 0.998961
1760656219.259777 220.527320 -216.449457 0.000000 0.000000 0.000000 -0.046640 0.998912
1760656219.493094 220.980598 -216.499748 0.000000 0.000000 0.000000 -0.047591 0.998867
1760656219.727001 221.433006 -216.552286 0.000000 0.000000 0.000000 -0.047795 0.998857
1760656219.959759 221.885835 -216.602980 0.000000 0.000000 0.000000 -0.047926 0.998851
1760656220.193090 222.339659 -216.651448 0.000000 0.000000 0.000000 -0.047479 0.998872
1760656220.393102 222.341209 -216.651622 0.000000 0.000000 0.000000 -0.047618 0.998866
1760656220.626426 222.826108 -216.705152 0.000000 0.000000 0.000000 -0.046793 0.998905
1760656220.826440 223.305604 -216.756795 0.000000 0.000000 0.000000 -0.045763 0.998952
1760656221.059757 223.774943 -216.809253 0.000000 0.000000 0.000000 -0.044865 0.998993
1760656221.259766 224.241853 -216.864654 0.000000 0.000000 0.000000 -0.044469 0.999011
1760656221.529600 224.702165 -216.921134 0.000000 0.000000 0.000000 -0.044178 0.999024
1760656221.759748 225.169759 -216.972895 0.000000 0.000000 0.000000 -0.042202 0.999109
1760656221.959758 225.171338 -216.973064 0.000000 0.000000 0.000000 -0.041789 0.999126
1760656222.159760 225.669207 -217.029454 0.000000 0.000000 0.000000 -0.038349 0.999264
1760656222.393093 226.155387 -217.080790 0.000000 0.000000 0.000000 -0.034044 0.999420
1760656222.626427 226.636899 -217.131124 0.000000 0.000000 0.000000 -0.027858 0.999612
1760656222.826431 227.114840 -217.183279 0.000000 0.000000 0.000000 -0.021413 0.999771
1760656223.093086 227.585949 -217.233119 0.000000 0.000000 0.000000 -0.012766 0.999919
1760656223.293090 227.587729 -217.233225 0.000000 0.000000 0.000000 -0.009870 0.999951
1760656223.508723 228.095235 -217.288523 0.000000 0.000000 0.000000 -0.001341 0.999999
1760656223.726429 228.591932 -217.341321 0.000000 0.000000 0.000000 0.007512 0.999972
1760656223.959757 229.079429 -217.390110 0.000000 0.000000 0.000000 0.019266 0.999814
1760656224.193128 229.563143 -217.435382 0.000000 0.000000 0.000000 0.032258 0.999480
1760656224.426445 230.044081 -217.479849 0.000000 0.000000 0.000000 0.046821 0.998903
1760656224.628539 230.045699 -217.479844 0.000000 0.000000 0.000000 0.053511 0.998567
1760656224.862494 230.556750 -217.527431 0.000000 0.000000 0.000000 0.069152 0.997606
1760656225.093091 231.059421 -217.569372 0.000000 0.000000 0.000000 0.087189 0.996192
1760656225.293098 231.553725 -217.610020 0.000000 0.000000 0.000000 0.103715 0.994607
1760656225.526491 232.037409 -217.647704 0.000000 0.000000 0.000000 0.123486 0.992346
1760656225.759757 232.518812 -217.682661 0.000000 0.000000 0.000000 0.145225 0.989399
1760656225.959758 232.520422 -217.682515 0.000000 0.000000 0.000000 0.156737 0.987640
1760656226.159762 233.031316 -217.708420 0.000000 0.000000 0.000000 0.176012 0.984388
1760656226.393094 233.528518 -217.730167 0.000000 0.000000 0.000000 0.199171 0.979965
1760656226.593104 234.019360 -217.744724 0.000000 0.000000 0.000000 0.221207 0.975227
1760656226.859750 234.499279 -217.745321 0.000000 0.000000 0.000000 0.249568 0.968357
1760656227.059765 234.500951 -217.744990 0.000000 0.000000 0.000000 0.264764 0.964313
1760656227.259775 235.014843 -217.738233 0.000000 0.000000 0.000000 0.282969 0.959129
1760656227.493091 235.512115 -217.718373 0.000000 0.000000 0.000000 0.305933 0.952053
1760656227.726426 236.000347 -217.687298 0.000000 0.000000 0.000000 0.329526 0.944147
1760656227.959755 236.480052 -217.639949 0.000000 0.000000 0.000000 0.353512 0.935430
1760656228.193094 236.952820 -217.577510 0.000000 0.000000 0.000000 0.377698 0.925929
1760656228.426452 236.954630 -217.576896 0.000000 0.000000 0.000000 0.397600 0.917559
1760656228.659776 237.457474 -217.494721 0.000000 0.000000 0.000000 0.414103 0.910230
1760656228.861559 237.935416 -217.385566 0.000000 0.000000 0.000000 0.430276 0.902698
1760656229.093098 238.387807 -217.254378 0.000000 0.000000 0.000000 0.451028 0.892510
1760656229.326450 238.829704 -217.108637 0.000000 0.000000 0.000000 0.472480 0.881341
1760656229.593086 239.259670 -216.944770 0.000000 0.000000 0.000000 0.496438 0.868072
1760656229.793093 239.261125 -216.943910 0.000000 0.000000 0.000000 0.512766 0.858528
1760656230.026425 239.706429 -216.744753 0.000000 0.000000 0.000000 0.525091 0.851046
1760656230.226433 240.131562 -216.530084 0.000000 0.000000 0.000000 0.536115 0.844145
1760656230.459756 240.530863 -216.301370 0.000000 0.000000 0.000000 0.551119 0.834427
1760656230.693089 240.915629 -216.058603 0.000000 0.000000 0.000000 0.565298 0.824887
1760656230.893096 240.916748 -216.057685 0.000000 0.000000 0.000000 0.579106 0.815252
1760656231.093098 241.286873 -215.776187 0.000000 0.000000 0.000000 0.584991 0.811040
1760656231.326855 241.634693 -215.486818 0.000000 0.000000 0.000000 0.594477 0.804112
1760656231.559755 241.977322 -215.194415 0.000000 0.000000 0.000000 0.601408 0.798942
1760656231.826435 242.311585 -214.894806 0.000000 0.000000 0.000000 0.608004 0.793934
1760656232.093088 242.632572 -214.578976 0.000000 0.000000 0.000000 0.612226 0.790683
1760656232.293104 242.633641 -214.577792 0.000000 0.000000 0.000000 0.621256 0.783607
1760656232.526424 242.962691 -214.226821 0.000000 0.000000 0.000000 0.615796 0.787906
1760656232.726439 243.276419 -213.873220 0.000000 0.000000 0.000000 0.611199 0.791477
1760656232.926450 243.592735 -213.539408 0.000000 0.000000 0.000000 0.606266 0.795262
1760656233.126452 243.593569 -213.538484 0.000000 0.000000 0.000000 0.610958 0.791663
1760656233.359765 243.904723 -213.176442 0.000000 0.000000 0.000000 0.604757 0.796410
1760656233.593102 244.200181 -212.811559 0.000000 0.000000 0.000000 0.600583 0.799562
1760656233.826435 244.482759 -212.444539 0.000000 0.000000 0.000000 0.597431 0.801920
1760656234.093089 244.750020 -212.072062 0.000000 0.000000 0.000000 0.595421 0.803414
1760656234.293094 244.750999 -212.070846 0.000000 0.000000 0.000000 0.596731 0.802442
1760656234.493095 245.022736 -211.664260 0.000000 0.000000 0.000000 0.594300 0.804243
1760656234.693104 245.278515 -211.264151 0.000000 0.000000 0.000000 0.593419 0.804894
1760656234.895307 245.279178 -211.263218 0.000000 0.000000 0.000000 0.594099 0.804392
1760656235.126451 245.535958 -210.841858 0.000000 0.000000 0.000000 0.593267 0.805006
1760656235.328496 245.790469 -210.431184 0.000000 0.000000 0.000000 0.592260 0.805747
1760656235.559750 246.028706 -210.026089 0.000000 0.000000 0.000000 0.591775 0.806103
1760656235.759769 246.029403 -210.024985 0.000000 0.000000 0.000000 0.591986 0.805948
1760656235.993093 246.272280 -209.593719 0.000000 0.000000 0.000000 0.591657 0.806190
1760656236.226493 246.499006 -209.165888 0.000000 0.000000 0.000000 0.591826 0.806066
1760656236.459800 246.718880 -208.743461 0.000000 0.000000 0.000000 0.591716 0.806146
1760656236.726485 246.928753 -208.322074 0.000000 0.000000 0.000000 0.591622 0.806215
1760656236.959755 246.929646 -208.320396 0.000000 0.000000 0.000000 0.591703 0.806156
1760656237.163519 247.145438 -207.862488 0.000000 0.000000 0.000000 0.590886 0.806755
1760656237.393093 247.345581 -207.415893 0.000000 0.000000 0.000000 0.589316 0.807903
1760656237.593097 247.532724 -206.974497 0.000000 0.000000 0.000000 0.586924 0.809642
1760656237.859751 247.710286 -206.540626 0.000000 0.000000 0.000000 0.583509 0.812107
1760656238.059759 247.710957 -206.539178 0.000000 0.000000 0.000000 0.582723 0.812671
1760656238.262509 247.892964 -206.072739 0.000000 0.000000 0.000000 0.579031 0.815305
1760656238.493112 248.067211 -205.618653 0.000000 0.000000 0.000000 0.575577 0.817748
1760656238.726431 248.240560 -205.171983 0.000000 0.000000 0.000000 0.571875 0.820341
1760656238.926435 248.241105 -205.170737 0.000000 0.000000 0.000000 0.570251 0.821471
1760656239.126479 248.426217 -204.701261 0.000000 0.000000 0.000000 0.567203 0.823578
1760656239.359751 248.601325 -204.244833 0.000000 0.000000 0.000000 0.564221 0.825624
1760656239.559762 248.601822 -204.243684 0.000000 0.000000 0.000000 0.562317 0.826922
1760656239.759768 248.783037 -203.765075 0.000000 0.000000 0.000000 0.561365 0.827568
1760656239.993092 248.962745 -203.305183 0.000000 0.000000 0.000000 0.560929 0.827864
1760656240.193128 249.141014 -202.854138 0.000000 0.000000 0.000000 0.561329 0.827593
1760656240.393131 249.141461 -202.853053 0.000000 0.000000 0.000000 0.559936 0.828536
1760656240.626429 249.329085 -202.385001 0.000000 0.000000 0.000000 0.562021 0.827123
1760656240.859760 249.513347 -201.926874 0.000000 0.000000 0.000000 0.564781 0.825241
1760656241.093112 249.693737 -201.476148 0.000000 0.000000 0.000000 0.567687 0.823244
1760656241.359750 249.872016 -201.030628 0.000000 0.000000 0.000000 0.570742 0.821129
1760656241.559757 249.872587 -201.029140 0.000000 0.000000 0.000000 0.570961 0.820977
1760656241.759760 250.065080 -200.555786 0.000000 0.000000 0.000000 0.574456 0.818535
1760656241.959760 250.242926 -200.095223 0.000000 0.000000 0.000000 0.577563 0.816346
1760656242.159790 250.243329 -200.094131 0.000000 0.000000 0.000000 0.578438 0.815726
1760656242.393092 250.428803 -199.617923 0.000000 0.000000 0.000000 0.581019 0.813890
1760656242.593093 250.640292 -199.209904 0.000000 0.000000 0.000000 0.577628 0.816300
1760656242.793115 250.841143 -198.807791 0.000000 0.000000 0.000000 0.575335 0.817918
1760656243.059772 251.032737 -198.408362 0.000000 0.000000 0.000000 0.573602 0.819134
1760656243.326424 251.220837 -198.000934 0.000000 0.000000 0.000000 0.572166 0.820138
1760656243.526453 251.221498 -197.999536 0.000000 0.000000 0.000000 0.572010 0.820247
1760656243.759758 251.424966 -197.561568 0.000000 0.000000 0.000000 0.570157 0.821536
1760656243.959760 251.621827 -197.128618 0.000000 0.000000 0.000000 0.568867 0.822429
1760656244.193093 251.811381 -196.704419 0.000000 0.000000 0.000000 0.567790 0.823174
1760656244.459750 252.003397 -196.284056 0.000000 0.000000 0.000000 0.565995 0.824409
1760656244.659774 252.004072 -196.282628 0.000000 0.000000 0.000000 0.565357 0.824846
1760656244.894703 252.214640 -195.834509 0.000000 0.000000 0.000000 0.563709 0.825974
1760656245.126430 252.419486 -195.393160 0.000000 0.000000 0.000000 0.562351 0.826899
1760656245.326454 252.617491 -194.957503 0.000000 0.000000 0.000000 0.561379 0.827559
1760656245.526460 252.618025 -194.956384 0.000000 0.000000 0.000000 0.560562 0.828112
1760656245.726463 252.820196 -194.500977 0.000000 0.000000 0.000000 0.560082 0.828437
1760656245.962520 253.021997 -194.061776 0.000000 0.000000 0.000000 0.559597 0.828765
1760656246.226448 253.217439 -193.625967 0.000000 0.000000 0.000000 0.560003 0.828491
1760656246.459785 253.218204 -193.624315 0.000000 0.000000 0.000000 0.559325 0.828948
1760656246.693090 253.435796 -193.160877 0.000000 0.000000 0.000000 0.560093 0.828430
1760656246.893108 253.585543 -192.724991 0.000000 0.000000 0.000000 0.566004 0.824403
1760656247.126436 253.731865 -192.298956 0.000000 0.000000 0.000000 0.570561 0.821255
1760656247.359758 253.883240 -191.877370 0.000000 0.000000 0.000000 0.574026 0.818837
1760656247.559788 253.883689 -191.876077 0.000000 0.000000 0.000000 0.575059 0.818112
1760656247.793115 254.043688 -191.428082 0.000000 0.000000 0.000000 0.577546 0.816358
1760656248.028513 254.204887 -190.987659 0.000000 0.000000 0.000000 0.579549 0.814937
1760656248.259753 254.364583 -190.552094 0.000000 0.000000 0.000000 0.581349 0.813654
1760656248.459768 254.365006 -190.550846 0.000000 0.000000 0.000000 0.582624 0.812742
1760656248.693099 254.538178 -190.093490 0.000000 0.000000 0.000000 0.584304 0.811535
1760656248.926429 254.719644 -189.650706 0.000000 0.000000 0.000000 0.585334 0.810792
1760656249.159758 254.899307 -189.214837 0.000000 0.000000 0.000000 0.585716 0.810516
1760656249.361534 255.084635 -188.787265 0.000000 0.000000 0.000000 0.585528 0.810652
1760656249.593086 255.262662 -188.364916 0.000000 0.000000 0.000000 0.585744 0.810496
1760656249.793092 255.263218 -188.363528 0.000000 0.000000 0.000000 0.586614 0.809866
1760656250.026432 255.446879 -187.912137 0.000000 0.000000 0.000000 0.586544 0.809917
1760656250.226438 255.628039 -187.466871 0.000000 0.000000 0.000000 0.585930 0.810362
1760656250.459764 255.804077 -187.031006 0.000000 0.000000 0.000000 0.585724 0.810511
1760656250.693246 255.968861 -186.594351 0.000000 0.000000 0.000000 0.585530 0.810651
1760656250.926436 256.133118 -186.158669 0.000000 0.000000 0.000000 0.585410 0.810737
1760656251.193105 256.295046 -185.722165 0.000000 0.000000 0.000000 0.585253 0.810851
1760656251.459751 256.460134 -185.280679 0.000000 0.000000 0.000000 0.584705 0.811246
1760656251.659758 256.460766 -185.279016 0.000000 0.000000 0.000000 0.584867 0.811129
1760656251.893091 256.636696 -184.804015 0.000000 0.000000 0.000000 0.584053 0.811716
1760656252.126431 256.810199 -184.337384 0.000000 0.000000 0.000000 0.583159 0.812358
1760656252.359771 256.978564 -183.877224 0.000000 0.000000 0.000000 0.582410 0.812895
1760656252.559792 256.979087 -183.875835 0.000000 0.000000 0.000000 0.582275 0.812992
1760656252.793102 257.152240 -183.390667 0.000000 0.000000 0.000000 0.581399 0.813619
1760656252.993109 257.322161 -182.916846 0.000000 0.000000 0.000000 0.581027 0.813884
1760656253.226448 257.486090 -182.456472 0.000000 0.000000 0.000000 0.580586 0.814199
1760656253.493094 257.645977 -182.000276 0.000000 0.000000 0.000000 0.580147 0.814512
1760656253.693095 257.646542 -181.998719 0.000000 0.000000 0.000000 0.579880 0.814702
1760656253.926416 257.810985 -181.510422 0.000000 0.000000 0.000000 0.579998 0.814618
1760656254.126423 257.969305 -181.032190 0.000000 0.000000 0.000000 0.579389 0.815051
1760656254.326425 258.087954 -180.570528 0.000000 0.000000 0.000000 0.580372 0.814351
1760656254.559760 258.203239 -180.117432 0.000000 0.000000 0.000000 0.580455 0.814292
1760656254.826444 258.316907 -179.664913 0.000000 0.000000 0.000000 0.579780 0.814773
1760656255.093084 258.434289 -179.208223 0.000000 0.000000 0.000000 0.578373 0.815773
1760656255.293087 258.434746 -179.206565 0.000000 0.000000 0.000000 0.578063 0.815992
1760656255.493092 258.559599 -178.716263 0.000000 0.000000 0.000000 0.576306 0.817234
1760656255.726435 258.677726 -178.239121 0.000000 0.000000 0.000000 0.574926 0.818205
1760656255.959760 258.800109 -177.770083 0.000000 0.000000 0.000000 0.572843 0.819665
1760656256.193091 258.923435 -177.305970 0.000000 0.000000 0.000000 0.570872 0.821039
1760656256.426425 259.048181 -176.845406 0.000000 0.000000 0.000000 0.569350 0.822095
1760656256.693084 259.188479 -176.394785 0.000000 0.000000 0.000000 0.567295 0.823515
1760656256.893090 259.188996 -176.393073 0.000000 0.000000 0.000000 0.566273 0.824218
1760656257.093093 259.335238 -175.907784 0.000000 0.000000 0.000000 0.566312 0.824191
1760656257.293102 259.485844 -175.439199 0.000000 0.000000 0.000000 0.566797 0.823857
1760656257.526428 259.634697 -174.982004 0.000000 0.000000 0.000000 0.567348 0.823478
1760656257.759762 259.789112 -174.530099 0.000000 0.000000 0.000000 0.567709 0.823230
1760656258.026428 259.900161 -174.086930 0.000000 0.000000 0.000000 0.570668 0.821181
1760656258.226439 259.900639 -174.085296 0.000000 0.000000 0.000000 0.570617 0.821217
1760656258.459764 260.024977 -173.608489 0.000000 0.000000 0.000000 0.574095 0.818788
1760656258.659766 260.150893 -173.139424 0.000000 0.000000 0.000000 0.576481 0.817111
1760656258.893100 260.278206 -172.682651 0.000000 0.000000 0.000000 0.578335 0.815800
1760656259.093105 260.402544 -172.228172 0.000000 0.000000 0.000000 0.580048 0.814582
1760656259.359756 260.528939 -171.781106 0.000000 0.000000 0.000000 0.581768 0.813355
1760656259.559757 260.529368 -171.779440 0.000000 0.000000 0.000000 0.582660 0.812716
1760656259.793099 260.670647 -171.298913 0.000000 0.000000 0.000000 0.583602 0.812040
1760656259.994920 260.817900 -170.828828 0.000000 0.000000 0.000000 0.584222 0.811594
1760656260.226428 260.960482 -170.369380 0.000000 0.000000 0.000000 0.585080 0.810976
1760656260.426431 261.104222 -169.914257 0.000000 0.000000 0.000000 0.585756 0.810488
1760656260.626438 261.104602 -169.912956 0.000000 0.000000 0.000000 0.586576 0.809894
1760656260.826467 261.261109 -169.437090 0.000000 0.000000 0.000000 0.586744 0.809773
1760656261.059759 261.414766 -168.973436 0.000000 0.000000 0.000000 0.586870 0.809681
1760656261.293102 261.561875 -168.512920 0.000000 0.000000 0.000000 0.587273 0.809389
1760656261.526434 261.706481 -168.054934 0.000000 0.000000 0.000000 0.587770 0.809028
1760656261.726455 261.706927 -168.053494 0.000000 0.000000 0.000000 0.588368 0.808593
1760656261.959762 261.859429 -167.567297 0.000000 0.000000 0.000000 0.588858 0.808237
1760656262.159768 262.013999 -167.091406 0.000000 0.000000 0.000000 0.588894 0.808210
1760656262.360510 262.163166 -166.627448 0.000000 0.000000 0.000000 0.589520 0.807753
1760656262.593085 262.313383 -166.173635 0.000000 0.000000 0.000000 0.590129 0.807309
1760656262.793092 262.313844 -166.172177 0.000000 0.000000 0.000000 0.590657 0.806923
1760656262.993094 262.474997 -165.690430 0.000000 0.000000 0.000000 0.590884 0.806757
1760656263.226431 262.633896 -165.222043 0.000000 0.000000 0.000000 0.591122 0.806582
1760656263.429490 262.790914 -164.759122 0.000000 0.000000 0.000000 0.590954 0.806705
1760656263.659753 262.944330 -164.304162 0.000000 0.000000 0.000000 0.590994 0.806676
1760656263.859762 262.944802 -164.302738 0.000000 0.000000 0.000000 0.591333 0.806428
1760656264.093096 263.105132 -163.818696 0.000000 0.000000 0.000000 0.591190 0.806533
1760656264.293118 263.262622 -163.342574 0.000000 0.000000 0.000000 0.590798 0.806820
1760656264.526427 263.415613 -162.878056 0.000000 0.000000 0.000000 0.590326 0.807165
1760656264.759753 263.570940 -162.418345 0.000000 0.000000 0.000000 0.589694 0.807627
1760656264.959756 263.571424 -162.416903 0.000000 0.000000 0.000000 0.589728 0.807602
1760656265.159758 263.735873 -161.929593 0.000000 0.000000 0.000000 0.588624 0.808407
1760656265.359758 263.897325 -161.456950 0.000000 0.000000 0.000000 0.587441 0.809267
1760656265.559770 264.056022 -160.996037 0.000000 0.000000 0.000000 0.586430 0.810000
1760656265.826420 264.209753 -160.542338 0.000000 0.000000 0.000000 0.585308 0.810811
1760656266.026425 264.210305 -160.540760 0.000000 0.000000 0.000000 0.584914 0.811095
1760656266.259762 264.373946 -160.052109 0.000000 0.000000 0.000000 0.583720 0.811955
1760656266.459767 264.531177 -159.571204 0.000000 0.000000 0.000000 0.583135 0.812375
1760656266.662532 264.683881 -159.103201 0.000000 0.000000 0.000000 0.582527 0.812812
1760656266.926414 264.831069 -158.643129 0.000000 0.000000 0.000000 0.581958 0.813219
1760656267.128729 264.831609 -158.641527 0.000000 0.000000 0.000000 0.581458 0.813577
1760656267.359758 264.989185 -158.147908 0.000000 0.000000 0.000000 0.581221 0.813746
1760656267.559771 265.141674 -157.663724 0.000000 0.000000 0.000000 0.580667 0.814141
1760656267.793090 265.290842 -157.193122 0.000000 0.000000 0.000000 0.579754 0.814792
1760656267.993101 265.291294 -157.191746 0.000000 0.000000 0.000000 0.579241 0.815156
1760656268.193114 265.451412 -156.696835 0.000000 0.000000 0.000000 0.578496 0.815685
1760656268.426425 265.609545 -156.218781 0.000000 0.000000 0.000000 0.577692 0.816255
1760656268.626484 265.768117 -155.749507 0.000000 0.000000 0.000000 0.577010 0.816737
1760656268.859776 265.923415 -155.290679 0.000000 0.000000 0.000000 0.576151 0.817344
1760656269.060319 265.923904 -155.289254 0.000000 0.000000 0.000000 0.575552 0.817765
1760656269.293090 266.088167 -154.802784 0.000000 0.000000 0.000000 0.575572 0.817751
1760656269.526434 266.243930 -154.323833 0.000000 0.000000 0.000000 0.575607 0.817726
1760656269.759758 266.398968 -153.853109 0.000000 0.000000 0.000000 0.575745 0.817629
1760656269.993088 266.558042 -153.390232 0.000000 0.000000 0.000000 0.575538 0.817775
1760656270.226416 266.715300 -152.930988 0.000000 0.000000 0.000000 0.575399 0.817873
1760656270.426425 266.715815 -152.929480 0.000000 0.000000 0.000000 0.575085 0.818094
1760656270.626426 266.882669 -152.443322 0.000000 0.000000 0.000000 0.574952 0.818187
1760656270.826428 267.048840 -151.972840 0.000000 0.000000 0.000000 0.574918 0.818211
1760656271.026470 267.211720 -151.514030 0.000000 0.000000 0.000000 0.574667 0.818387
1760656271.293091 267.376235 -151.064931 0.000000 0.000000 0.000000 0.574130 0.818764
1760656271.493094 267.376807 -151.063334 0.000000 0.000000 0.000000 0.573849 0.818961
1760656271.728504 267.552677 -150.580074 0.000000 0.000000 0.000000 0.573812 0.818987
1760656271.959759 267.724193 -150.104558 0.000000 0.000000 0.000000 0.573809 0.818989
1760656272.161495 267.893005 -149.637271 0.000000 0.000000 0.000000 0.573877 0.818941
1760656272.393095 268.059333 -149.180739 0.000000 0.000000 0.000000 0.574084 0.818797
1760656272.659752 268.223131 -148.726341 0.000000 0.000000 0.000000 0.574793 0.818299
1760656272.859761 268.223724 -148.724692 0.000000 0.000000 0.000000 0.574761 0.818322
1760656273.059847 268.392244 -148.235562 0.000000 0.000000 0.000000 0.576555 0.817058
1760656273.293092 268.556051 -147.761194 0.000000 0.000000 0.000000 0.578041 0.816008
1760656273.526393 268.719011 -147.294518 0.000000 0.000000 0.000000 0.579555 0.814933
1760656273.726424 268.719478 -147.293138 0.000000 0.000000 0.000000 0.580004 0.814614
1760656273.926426 268.894734 -146.803744 0.000000 0.000000 0.000000 0.580864 0.814001
1760656274.126455 269.061675 -146.329350 0.000000 0.000000 0.000000 0.582117 0.813105
1760656274.359782 269.228857 -145.869430 0.000000 0.000000 0.000000 0.583076 0.812417
1760656274.593090 269.369907 -145.414035 0.000000 0.000000 0.000000 0.585618 0.810587
1760656274.793091 269.370360 -145.412630 0.000000 0.000000 0.000000 0.586437 0.809995
1760656275.026424 269.517359 -144.928812 0.000000 0.000000 0.000000 0.588631 0.808402
1760656275.226434 269.662355 -144.453588 0.000000 0.000000 0.000000 0.590330 0.807162
1760656275.459756 269.793089 -143.988525 0.000000 0.000000 0.000000 0.592636 0.805471
1760656275.693098 269.927447 -143.528542 0.000000 0.000000 0.000000 0.594265 0.804269
1760656275.893100 269.927845 -143.527103 0.000000 0.000000 0.000000 0.595451 0.803392
1760656276.126435 270.068389 -143.039777 0.000000 0.000000 0.000000 0.596358 0.802718
1760656276.359757 270.220104 -142.567503 0.000000 0.000000 0.000000 0.596518 0.802600
1760656276.559760 270.370348 -142.102635 0.000000 0.000000 0.000000 0.596502 0.802611
1760656276.793087 270.518995 -141.648156 0.000000 0.000000 0.000000 0.596982 0.802255
1760656276.993095 270.519440 -141.646697 0.000000 0.000000 0.000000 0.597804 0.801643
1760656277.226425 270.674905 -141.164105 0.000000 0.000000 0.000000 0.597569 0.801818
1760656277.426428 270.832374 -140.691803 0.000000 0.000000 0.000000 0.597183 0.802105
1760656277.659763 270.986526 -140.231867 0.000000 0.000000 0.000000 0.597101 0.802166
1760656277.893110 271.136570 -139.774720 0.000000 0.000000 0.000000 0.597273 0.802038
1760656278.159822 271.283521 -139.319005 0.000000 0.000000 0.000000 0.597427 0.801923
1760656278.426419 271.432868 -138.860074 0.000000 0.000000 0.000000 0.597142 0.802135
1760656278.626424 271.433414 -138.858384 0.000000 0.000000 0.000000 0.597443 0.801911
1760656278.826441 271.597021 -138.368519 0.000000 0.000000 0.000000 0.596625 0.802520
1760656279.028493 271.752229 -137.892410 0.000000 0.000000 0.000000 0.596068 0.802934
1760656279.259758 271.902747 -137.427879 0.000000 0.000000 0.000000 0.595414 0.803419
1760656279.459758 271.903211 -137.426472 0.000000 0.000000 0.000000 0.595419 0.803415
1760656279.693094 272.069159 -136.939152 0.000000 0.000000 0.000000 0.594328 0.804223
1760656279.926442 272.231952 -136.461951 0.000000 0.000000 0.000000 0.593450 0.804871
1760656280.159757 272.392140 -135.993203 0.000000 0.000000 0.000000 0.592610 0.805489
1760656280.359789 272.554754 -135.532377 0.000000 0.000000 0.000000 0.591860 0.806041
1760656280.626414 272.712799 -135.079957 0.000000 0.000000 0.000000 0.590865 0.806770
1760656280.826441 272.713387 -135.078303 0.000000 0.000000 0.000000 0.590480 0.807053
1760656281.059759 272.882155 -134.592868 0.000000 0.000000 0.000000 0.589956 0.807436
1760656281.259764 273.045931 -134.116066 0.000000 0.000000 0.000000 0.589564 0.807722
1760656281.493092 273.203813 -133.651875 0.000000 0.000000 0.000000 0.589197 0.807989
1760656281.727495 273.357469 -133.191278 0.000000 0.000000 0.000000 0.588839 0.808250
1760656281.959770 273.512950 -132.734515 0.000000 0.000000 0.000000 0.588452 0.808532
1760656282.193092 273.513586 -132.732683 0.000000 0.000000 0.000000 0.588022 0.808845
1760656282.393095 273.678316 -132.242882 0.000000 0.000000 0.000000 0.587985 0.808872
1760656282.626424 273.839059 -131.768038 0.000000 0.000000 0.000000 0.587671 0.809100
1760656282.859760 273.994131 -131.299309 0.000000 0.000000 0.000000 0.587399 0.809297
1760656283.093089 274.140835 -130.839627 0.000000 0.000000 0.000000 0.587532 0.809201
1760656283.326436 274.286300 -130.382768 0.000000 0.000000 0.000000 0.587675 0.809097
1760656283.593104 274.429479 -129.927045 0.000000 0.000000 0.000000 0.587697 0.809081
1760656283.793107 274.430035 -129.925328 0.000000 0.000000 0.000000 0.587522 0.809208
1760656284.026424 274.575907 -129.434215 0.000000 0.000000 0.000000 0.587877 0.808951
1760656284.226426 274.708409 -128.959078 0.000000 0.000000 0.000000 0.588372 0.808590
1760656284.459759 274.840095 -128.496488 0.000000 0.000000 0.000000 0.588619 0.808410
1760656284.693104 274.967988 -128.036766 0.000000 0.000000 0.000000 0.588796 0.808282
1760656284.959771 275.094763 -127.578964 0.000000 0.000000 0.000000 0.588944 0.808174
1760656285.226413 275.223482 -127.117434 0.000000 0.000000 0.000000 0.589052 0.808095
1760656285.426432 275.223964 -127.115715 0.000000 0.000000 0.000000 0.589080 0.808075
1760656285.628494 275.350429 -126.620466 0.000000 0.000000 0.000000 0.590069 0.807353
1760656285.859758 275.469487 -126.138439 0.000000 0.000000 0.000000 0.591102 0.806597
1760656286.093089 275.586884 -125.664046 0.000000 0.000000 0.000000 0.591910 0.806004
1760656286.326369 275.739371 -125.251274 0.000000 0.000000 0.000000 0.588373 0.808590
1760656286.526421 275.739796 -125.249845 0.000000 0.000000 0.000000 0.588225 0.808697
1760656286.726424 275.901963 -124.808999 0.000000 0.000000 0.000000 0.585243 0.810858
1760656286.959757 276.058567 -124.376390 0.000000 0.000000 0.000000 0.583609 0.812035
1760656287.193096 276.208168 -123.944616 0.000000 0.000000 0.000000 0.582710 0.812680
1760656287.426492 276.353371 -123.512889 0.000000 0.000000 0.000000 0.582375 0.812920
1760656287.659755 276.499579 -123.081716 0.000000 0.000000 0.000000 0.582271 0.812995
1760656287.859758 276.500069 -123.080314 0.000000 0.000000 0.000000 0.581770 0.813353
1760656288.059763 276.650180 -122.619019 0.000000 0.000000 0.000000 0.582519 0.812817
1760656288.259775 276.830664 -122.208433 0.000000 0.000000 0.000000 0.580950 0.813939
1760656288.493093 277.001574 -121.800744 0.000000 0.000000 0.000000 0.580047 0.814583
1760656288.694112 277.002077 -121.799476 0.000000 0.000000 0.000000 0.579518 0.814960
1760656288.926431 277.181028 -121.362133 0.000000 0.000000 0.000000 0.579563 0.814928
1760656289.126437 277.351825 -120.927637 0.000000 0.000000 0.000000 0.580328 0.814383
1760656289.359755 277.517832 -120.500833 0.000000 0.000000 0.000000 0.581221 0.813746
1760656289.593094 277.665869 -120.120231 0.000000 0.000000 0.000000 0.581945 0.813228
1760656289.859749 277.812440 -119.733546 0.000000 0.000000 0.000000 0.583099 0.812401
1760656290.059758 277.812982 -119.732130 0.000000 0.000000 0.000000 0.583178 0.812345
1760656290.259764 277.971075 -119.310399 0.000000 0.000000 0.000000 0.584651 0.811285
1760656290.493093 278.123289 -118.893979 0.000000 0.000000 0.000000 0.585996 0.810314
1760656290.726425 278.267579 -118.477391 0.000000 0.000000 0.000000 0.587492 0.809230
1760656290.962500 278.413486 -118.060758 0.000000 0.000000 0.000000 0.588977 0.808150
1760656291.193092 278.552785 -117.640578 0.000000 0.000000 0.000000 0.590412 0.807102
1760656291.393093 278.553235 -117.639230 0.000000 0.000000 0.000000 0.591078 0.806614
1760656291.593094 278.697077 -117.188808 0.000000 0.000000 0.000000 0.592317 0.805705
1760656291.826448 278.834307 -116.746434 0.000000 0.000000 0.000000 0.593811 0.804605
1760656292.059757 278.972470 -116.307020 0.000000 0.000000 0.000000 0.595269 0.803526
1760656292.293087 279.121703 -115.874001 0.000000 0.000000 0.000000 0.595633 0.803257
1760656292.493094 279.122134 -115.872633 0.000000 0.000000 0.000000 0.596416 0.802675
1760656292.726431 279.272769 -115.409712 0.000000 0.000000 0.000000 0.596931 0.802292
1760656292.959757 279.403533 -114.950515 0.000000 0.000000 0.000000 0.598556 0.801081
1760656293.159773 279.523949 -114.494782 0.000000 0.000000 0.000000 0.600279 0.799791
1760656293.393088 279.636125 -114.045848 0.000000 0.000000 0.000000 0.602007 0.798491
1760656293.626418 279.747825 -113.597450 0.000000 0.000000 0.000000 0.603490 0.797371
1760656293.826424 279.748193 -113.595971 0.000000 0.000000 0.000000 0.604514 0.796595
1760656294.026424 279.859829 -113.116769 0.000000 0.000000 0.000000 0.605443 0.795889
1760656294.226424 279.967783 -112.648637 0.000000 0.000000 0.000000 0.606367 0.795185
1760656294.459753 280.075510 -112.190053 0.000000 0.000000 0.000000 0.606913 0.794768
1760656294.659756 280.075823 -112.188670 0.000000 0.000000 0.000000 0.607836 0.794063
1760656294.863508 280.195710 -111.703059 0.000000 0.000000 0.000000 0.606801 0.794854
1760656295.093097 280.307293 -111.228601 0.000000 0.000000 0.000000 0.606595 0.795011
1760656295.327494 280.416558 -110.759761 0.000000 0.000000 0.000000 0.606279 0.795252
1760656295.593106 280.520467 -110.293186 0.000000 0.000000 0.000000 0.606494 0.795088
1760656295.859755 280.616782 -109.822680 0.000000 0.000000 0.000000 0.606723 0.794914
1760656296.059755 280.617139 -109.821039 0.000000 0.000000 0.000000 0.607106 0.794621
1760656296.259758 280.723062 -109.318734 0.000000 0.000000 0.000000 0.606434 0.795134
1760656296.493091 280.826490 -108.831907 0.000000 0.000000 0.000000 0.605588 0.795778
1760656296.726424 280.932209 -108.353475 0.000000 0.000000 0.000000 0.603981 0.796999
1760656296.959752 281.040122 -107.881348 0.000000 0.000000 0.000000 0.602319 0.798256
1760656297.159756 281.040462 -107.879865 0.000000 0.000000 0.000000 0.602073 0.798441
1760656297.359766 281.189184 -107.410659 0.000000 0.000000 0.000000 0.597360 0.801973
1760656297.593097 281.331396 -106.952770 0.000000 0.000000 0.000000 0.593732 0.804663
1760656297.795488 281.469015 -106.499063 0.000000 0.000000 0.000000 0.590767 0.806842
1760656298.026413 281.598150 -106.052338 0.000000 0.000000 0.000000 0.588534 0.808473
1760656298.226424 281.598596 -106.050941 0.000000 0.000000 0.000000 0.587164 0.809468
1760656298.459756 281.736861 -105.576179 0.000000 0.000000 0.000000 0.585189 0.810897
1760656298.693093 281.866700 -105.106780 0.000000 0.000000 0.000000 0.584079 0.811697
1760656298.893097 281.949465 -104.657799 0.000000 0.000000 0.000000 0.586156 0.810199
1760656299.126416 282.027716 -104.215897 0.000000 0.000000 0.000000 0.587678 0.809095
1760656299.326423 282.028042 -104.214483 0.000000 0.000000 0.000000 0.587017 0.809575
1760656299.526433 282.152239 -103.780453 0.000000 0.000000 0.000000 0.584604 0.811319
1760656299.728539 282.273776 -103.352900 0.000000 0.000000 0.000000 0.582640 0.812730
1760656299.993104 282.393074 -102.930225 0.000000 0.000000 0.000000 0.580516 0.814249
1760656300.259755 282.517480 -102.502435 0.000000 0.000000 0.000000 0.578627 0.815593
1760656300.459763 282.517907 -102.500997 0.000000 0.000000 0.000000 0.577491 0.816397
1760656300.693107 282.653935 -102.040334 0.000000 0.000000 0.000000 0.576415 0.817157
1760656300.926452 282.779341 -101.584358 0.000000 0.000000 0.000000 0.576642 0.816997
1760656301.159769 282.925755 -101.146864 0.000000 0.000000 0.000000 0.574715 0.818353
1760656301.393096 283.071888 -100.712228 0.000000 0.000000 0.000000 0.573702 0.819064
1760656301.593097 283.072335 -100.710875 0.000000 0.000000 0.000000 0.572693 0.819770
1760656301.793111 283.220632 -100.248245 0.000000 0.000000 0.000000 0.573349 0.819311
1760656301.993124 283.366733 -99.798049 0.000000 0.000000 0.000000 0.574278 0.818661
1760656302.259757 283.510771 -99.357240 0.000000 0.000000 0.000000 0.575553 0.817764
1760656302.459769 283.511236 -99.355810 0.000000 0.000000 0.000000 0.575172 0.818033
1760656302.693093 283.667374 -98.884297 0.000000 0.000000 0.000000 0.577595 0.816324
1760656302.893101 283.818879 -98.421213 0.000000 0.000000 0.000000 0.580101 0.814544
1760656303.093103 283.819210 -98.420163 0.000000 0.000000 0.000000 0.580333 0.814380
1760656303.326438 283.975759 -97.940765 0.000000 0.000000 0.000000 0.582966 0.812496
1760656303.559770 284.135819 -97.475514 0.000000 0.000000 0.000000 0.584741 0.811220
1760656303.760522 284.292583 -97.018822 0.000000 0.000000 0.000000 0.586080 0.810254
1760656303.993092 284.446902 -96.573206 0.000000 0.000000 0.000000 0.587192 0.809448
1760656304.193366 284.447342 -96.571846 0.000000 0.000000 0.000000 0.587931 0.808911
1760656304.426426 284.605717 -96.099156 0.000000 0.000000 0.000000 0.588603 0.808422
1760656304.628502 284.756160 -95.633698 0.000000 0.000000 0.000000 0.589475 0.807787
1760656304.862496 284.904953 -95.180499 0.000000 0.000000 0.000000 0.590327 0.807164
1760656305.126417 285.046397 -94.729016 0.000000 0.000000 0.000000 0.591545 0.806272
1760656305.326436 285.046867 -94.727499 0.000000 0.000000 0.000000 0.592305 0.805714
1760656305.559758 285.204683 -94.247503 0.000000 0.000000 0.000000 0.592561 0.805526
1760656305.759767 285.364405 -93.778947 0.000000 0.000000 0.000000 0.592321 0.805702
1760656305.961518 285.520198 -93.323454 0.000000 0.000000 0.000000 0.592538 0.805542
1760656306.226463 285.672952 -92.876601 0.000000 0.000000 0.000000 0.593241 0.805025
1760656306.459778 285.673572 -92.874717 0.000000 0.000000 0.000000 0.593872 0.804559
1760656306.693092 285.832442 -92.389198 0.000000 0.000000 0.000000 0.594678 0.803964
1760656306.893095 285.989979 -91.914624 0.000000 0.000000 0.000000 0.596039 0.802955
1760656307.094492 286.120791 -91.550401 0.000000 0.000000 0.000000 0.597886 0.801581
1760656307.359754 286.248143 -91.183229 0.000000 0.000000 0.000000 0.599931 0.800052
1760656307.559767 286.248591 -91.181848 0.000000 0.000000 0.000000 0.600829 0.799378
1760656307.793095 286.374787 -90.777566 0.000000 0.000000 0.000000 0.602302 0.798268
1760656307.993096 286.485929 -90.421589 0.000000 0.000000 0.000000 0.603065 0.797692
1760656308.193106 286.564782 -90.155256 0.000000 0.000000 0.000000 0.603534 0.797337
1760656308.426431 286.565110 -90.154160 0.000000 0.000000 0.000000 0.604547 0.796569
1760656308.659760 286.621669 -89.950936 0.000000 0.000000 0.000000 0.604192 0.796839
1760656308.893094 286.652076 -89.818517 0.000000 0.000000 0.000000 0.603734 0.797186
1760656309.093104 286.668043 -89.750749 0.000000 0.000000 0.000000 0.602984 0.797753
1760656309.326414 286.682062 -89.691260 0.000000 0.000000 0.000000 0.602469 0.798142
1760656309.526431 286.682166 -89.690869 0.000000 0.000000 0.000000 0.602774 0.797912
1760656309.726566 286.697050 -89.684845 0.000000 0.000000 0.000000 0.601824 0.798629
1760656309.959780 286.716157 -89.629559 0.000000 0.000000 0.000000 0.601708 0.798716
1760656310.193089 286.751102 -89.534522 0.000000 0.000000 0.000000 0.602216 0.798333
1760656310.426415 286.801298 -89.404937 0.000000 0.000000 0.000000 0.603555 0.797321
1760656310.626705 286.801407 -89.404637 0.000000 0.000000 0.000000 0.603855 0.797094
1760656310.859756 286.867653 -89.233033 0.000000 0.000000 0.000000 0.606532 0.795059
1760656311.059759 286.940535 -89.033427 0.000000 0.000000 0.000000 0.609832 0.792530
1760656311.293091 287.020035 -88.812105 0.000000 0.000000 0.000000 0.613722 0.789523
1760656311.526419 287.104918 -88.568236 0.000000 0.000000 0.000000 0.617437 0.786620
1760656311.726425 287.105124 -88.567605 0.000000 0.000000 0.000000 0.618891 0.785477
1760656311.959776 287.198706 -88.285400 0.000000 0.000000 0.000000 0.622068 0.782963
1760656312.196507 287.294867 -87.987853 0.000000 0.000000 0.000000 0.625260 0.780416
1760656312.426422 287.392503 -87.676144 0.000000 0.000000 0.000000 0.627959 0.778247
1760656312.626426 287.392739 -87.675334 0.000000 0.000000 0.000000 0.629783 0.776771
1760656312.827688 287.440087 -87.354406 0.000000 0.000000 0.000000 0.638641 0.769505
1760656313.061513 287.443819 -87.041558 0.000000 0.000000 0.000000 0.649514 0.760350
1760656313.326421 287.447121 -86.764938 0.000000 0.000000 0.000000 0.657613 0.753356
1760656313.526459 287.447143 -86.764026 0.000000 0.000000 0.000000 0.661397 0.750036
1760656313.759756 287.449404 -86.447741 0.000000 0.000000 0.000000 0.665084 0.746769
1760656313.959762 287.465222 -86.121168 0.000000 0.000000 0.000000 0.665743 0.746182
1760656314.159768 287.489015 -85.788235 0.000000 0.000000 0.000000 0.665366 0.746518
1760656314.429497 287.518400 -85.447992 0.000000 0.000000 0.000000 0.664667 0.747139
1760656314.659758 287.500734 -85.119469 0.000000 0.000000 0.000000 0.664664 0.747142
1760656314.859787 287.500730 -85.118456 0.000000 0.000000 0.000000 0.666736 0.745294
1760656315.093092 287.480797 -84.755092 0.000000 0.000000 0.000000 0.664591 0.747208
1760656315.293247 287.472888 -84.385445 0.000000 0.000000 0.000000 0.661898 0.749594
1760656315.526453 287.469618 -84.012998 0.000000 0.000000 0.000000 0.659465 0.751736
1760656315.759758 287.473050 -83.633397 0.000000 0.000000 0.000000 0.656859 0.754014
1760656315.993095 287.491626 -83.248480 0.000000 0.000000 0.000000 0.653899 0.756582
1760656316.226443 287.491671 -83.246991 0.000000 0.000000 0.000000 0.653771 0.756692
1760656316.430370 287.513581 -82.824557 0.000000 0.000000 0.000000 0.650414 0.759580
1760656316.659761 287.546081 -82.407026 0.000000 0.000000 0.000000 0.647957 0.761677
1760656316.893091 287.597085 -81.993410 0.000000 0.000000 0.000000 0.646081 0.763269
1760656317.093124 287.648257 -81.576811 0.000000 0.000000 0.000000 0.645290 0.763937
1760656317.328207 287.701313 -81.161496 0.000000 0.000000 0.000000 0.644945 0.764229
1760656317.593094 287.784937 -80.757128 0.000000 0.000000 0.000000 0.644504 0.764601
1760656317.793122 287.785172 -80.755612 0.000000 0.000000 0.000000 0.643831 0.765167
1760656318.026423 287.828098 -80.330005 0.000000 0.000000 0.000000 0.652319 0.757945
1760656318.226450 287.825559 -79.938025 0.000000 0.000000 0.000000 0.664998 0.746846
1760656318.459765 287.830835 -79.545925 0.000000 0.000000 0.000000 0.675391 0.737460
1760656318.693096 287.840655 -79.147771 0.000000 0.000000 0.000000 0.685011 0.728532
1760656318.893106 287.849467 -78.791369 0.000000 0.000000 0.000000 0.691375 0.722496
1760656319.159754 287.861622 -78.427832 0.000000 0.000000 0.000000 0.699682 0.714455
1760656319.359756 287.861536 -78.426399 0.000000 0.000000 0.000000 0.703724 0.710474
1760656319.561491 287.875551 -78.022608 0.000000 0.000000 0.000000 0.709448 0.704757
1760656319.793099 287.888842 -77.618640 0.000000 0.000000 0.000000 0.716565 0.697520
1760656319.993111 287.905421 -77.210807 0.000000 0.000000 0.000000 0.723494 0.690330
1760656320.228495 287.924487 -76.802842 0.000000 0.000000 0.000000 0.731273 0.682085
1760656320.493090 287.945961 -76.388451 0.000000 0.000000 0.000000 0.741459 0.670998
1760656320.693095 287.945862 -76.386993 0.000000 0.000000 0.000000 0.746656 0.665210
1760656320.926425 287.992454 -75.941335 0.000000 0.000000 0.000000 0.753982 0.656896
1760656321.126440 288.041916 -75.497510 0.000000 0.000000 0.000000 0.761048 0.648695
1760656321.359760 288.082253 -75.059465 0.000000 0.000000 0.000000 0.770415 0.637543
1760656321.593091 288.125464 -74.620476 0.000000 0.000000 0.000000 0.777940 0.628338
1760656321.826451 288.160173 -74.179473 0.000000 0.000000 0.000000 0.787835 0.615887
1760656322.059758 288.189185 -73.735936 0.000000 0.000000 0.000000 0.799839 0.600215
1760656322.259759 288.189087 -73.734444 0.000000 0.000000 0.000000 0.806200 0.591643
1760656322.459775 288.222822 -73.259044 0.000000 0.000000 0.000000 0.814862 0.579655
1760656322.693096 288.245749 -72.792978 0.000000 0.000000 0.000000 0.826542 0.562875
1760656322.926425 288.256103 -72.330157 0.000000 0.000000 0.000000 0.837518 0.546410
1760656323.159758 288.250043 -71.870687 0.000000 0.000000 0.000000 0.848495 0.529203
1760656323.393088 288.236252 -71.411998 0.000000 0.000000 0.000000 0.859077 0.511846
1760656323.593095 288.235977 -71.410503 0.000000 0.000000 0.000000 0.866094 0.499882
1760656323.826424 288.216919 -70.921107 0.000000 0.000000 0.000000 0.874960 0.484195
1760656324.059756 288.191731 -70.438244 0.000000 0.000000 0.000000 0.881401 0.472369
1760656324.259763 288.149243 -69.964949 0.000000 0.000000 0.000000 0.888467 0.458940
1760656324.493091 288.101041 -69.501051 0.000000 0.000000 0.000000 0.896576 0.442891
1760656324.693092 288.038341 -69.041905 0.000000 0.000000 0.000000 0.903858 0.427833
1760656324.926438 287.961146 -68.592045 0.000000 0.000000 0.000000 0.913111 0.407710
1760656325.193096 287.891410 -68.185646 0.000000 0.000000 0.000000 0.920285 0.391247
1760656325.393126 287.890847 -68.184013 0.000000 0.000000 0.000000 0.925977 0.377580
1760656325.627492 287.799017 -67.743882 0.000000 0.000000 0.000000 0.930220 0.367002
1760656325.859759 287.691969 -67.309883 0.000000 0.000000 0.000000 0.936068 0.351820
1760656326.059767 287.562086 -66.890476 0.000000 0.000000 0.000000 0.939191 0.343395
1760656326.259769 287.417218 -66.483323 0.000000 0.000000 0.000000 0.943966 0.330043
1760656326.493092 287.258340 -66.085847 0.000000 0.000000 0.000000 0.950412 0.310993
1760656326.728488 287.085219 -65.690991 0.000000 0.000000 0.000000 0.956044 0.293224
1760656326.959749 286.894519 -65.302080 0.000000 0.000000 0.000000 0.960575 0.278020
1760656327.159774 286.893714 -65.300797 0.000000 0.000000 0.000000 0.964435 0.264320
1760656327.393119 286.671317 -64.894444 0.000000 0.000000 0.000000 0.966935 0.255023
1760656327.626423 286.519556 -64.549618 0.000000 0.000000 0.000000 0.968607 0.248598
1760656327.826436 286.348190 -64.209897 0.000000 0.000000 0.000000 0.970404 0.241485
1760656328.060386 286.156962 -63.882992 0.000000 0.000000 0.000000 0.973383 0.229184
1760656328.293104 285.948632 -63.558546 0.000000 0.000000 0.000000 0.975696 0.219130
1760656328.493120 285.947846 -63.557485 0.000000 0.000000 0.000000 0.978110 0.208090
1760656328.726427 285.705344 -63.218832 0.000000 0.000000 0.000000 0.979339 0.202227
1760656328.959771 285.449474 -62.889472 0.000000 0.000000 0.000000 0.980384 0.197099
1760656329.159816 285.179799 -62.572034 0.000000 0.000000 0.000000 0.981768 0.190084
1760656329.393107 284.905451 -62.260604 0.000000 0.000000 0.000000 0.982991 0.183656
1760656329.626410 284.617415 -61.958100 0.000000 0.000000 0.000000 0.984496 0.175408
1760656329.826424 284.616431 -61.957133 0.000000 0.000000 0.000000 0.985976 0.166890
1760656330.029511 284.293506 -61.648477 0.000000 0.000000 0.000000 0.986815 0.161854
1760656330.260122 283.961607 -61.367310 0.000000 0.000000 0.000000 0.987595 0.157021
1760656330.493096 283.618751 -61.127974 0.000000 0.000000 0.000000 0.989080 0.147378
1760656330.760890 283.267203 -60.896481 0.000000 0.000000 0.000000 0.990273 0.139141
1760656331.028964 282.924264 -60.644515 0.000000 0.000000 0.000000 0.991240 0.132071
1760656331.259751 282.568260 -60.398989 0.000000 0.000000 0.000000 0.991898 0.127034
1760656331.459757 282.567039 -60.398225 0.000000 0.000000 0.000000 0.992741 0.120274
1760656331.693088 282.179262 -60.149225 0.000000 0.000000 0.000000 0.992966 0.118396
1760656331.893114 281.788364 -59.915576 0.000000 0.000000 0.000000 0.993100 0.117271
1760656332.126437 281.399225 -59.696048 0.000000 0.000000 0.000000 0.993555 0.113349
1760656332.359785 281.007392 -59.481619 0.000000 0.000000 0.000000 0.993861 0.110639
1760656332.593089 280.611634 -59.273180 0.000000 0.000000 0.000000 0.994267 0.106928
1760656332.826416 280.209785 -59.077169 0.000000 0.000000 0.000000 0.994767 0.102167
1760656333.028111 280.208384 -59.076498 0.000000 0.000000 0.000000 0.995227 0.097591
1760656333.259758 279.773049 -58.881693 0.000000 0.000000 0.000000 0.995443 0.095355
1760656333.459762 279.340330 -58.692971 0.000000 0.000000 0.000000 0.995662 0.093043
1760656333.660150 278.914617 -58.510818 0.000000 0.000000 0.000000 0.995893 0.090543
1760656333.926420 278.492087 -58.337379 0.000000 0.000000 0.000000 0.996173 0.087408
1760656334.159753 278.071725 -58.148362 0.000000 0.000000 0.000000 0.996194 0.087168
1760656334.359757 278.070317 -58.147789 0.000000 0.000000 0.000000 0.996462 0.084050
1760656334.593104 277.668185 -57.966896 0.000000 0.000000 0.000000 0.996249 0.086536
1760656334.793110 277.261978 -57.808519 0.000000 0.000000 0.000000 0.996231 0.086736
1760656335.026423 276.858725 -57.655501 0.000000 0.000000 0.000000 0.996220 0.086861
1760656335.259753 276.498501 -57.518815 0.000000 0.000000 0.000000 0.996187 0.087242
1760656335.459756 276.497254 -57.518332 0.000000 0.000000 0.000000 0.996320 0.085708
1760656335.659760 276.103164 -57.394902 0.000000 0.000000 0.000000 0.996245 0.086574
1760656335.893093 275.758374 -57.286819 0.000000 0.000000 0.000000 0.996209 0.086993
1760656336.126431 275.419451 -57.154355 0.000000 0.000000 0.000000 0.995712 0.092506
1760656336.326717 275.069448 -57.032009 0.000000 0.000000 0.000000 0.995347 0.096351
1760656336.562492 274.714519 -56.908790 0.000000 0.000000 0.000000 0.994999 0.099888
1760656336.828495 274.350172 -56.785796 0.000000 0.000000 0.000000 0.994700 0.102824
1760656337.094489 273.974135 -56.655679 0.000000 0.000000 0.000000 0.994391 0.105770
1760656337.359757 273.585765 -56.526076 0.000000 0.000000 0.000000 0.994127 0.108220
1760656337.559758 273.584328 -56.525548 0.000000 0.000000 0.000000 0.993999 0.109390
1760656337.759762 273.164896 -56.374720 0.000000 0.000000 0.000000 0.993638 0.112625
1760656337.993092 272.785776 -56.291281 0.000000 0.000000 0.000000 0.993762 0.111523
1760656338.193094 272.401335 -56.206626 0.000000 0.000000 0.000000 0.993832 0.110894
1760656338.393101 272.018676 -56.112324 0.000000 0.000000 0.000000 0.993824 0.110968
1760656338.661573 271.636699 -56.008349 0.000000 0.000000 0.000000 0.993788 0.111287
1760656338.926421 271.242195 -55.925339 0.000000 0.000000 0.000000 0.993933 0.109991
1760656339.159760 270.836966 -55.838380 0.000000 0.000000 0.000000 0.994102 0.108453
1760656339.359762 270.835589 -55.838058 0.000000 0.000000 0.000000 0.994076 0.108691
1760656339.593091 270.447718 -55.754849 0.000000 0.000000 0.000000 0.994255 0.107035
1760656339.793100 270.054683 -55.673307 0.000000 0.000000 0.000000 0.994419 0.105500
1760656340.026427 269.663822 -55.585349 0.000000 0.000000 0.000000 0.994440 0.105304
1760656340.226429 269.268310 -55.493506 0.000000 0.000000 0.000000 0.994451 0.105205
1760656340.459758 268.873043 -55.396710 0.000000 0.000000 0.000000 0.994425 0.105443
1760656340.693080 268.472160 -55.294733 0.000000 0.000000 0.000000 0.994355 0.106100
1760656340.893104 268.470786 -55.294406 0.000000 0.000000 0.000000 0.994356 0.106091
1760656341.105078 268.117794 -55.234348 0.000000 0.000000 0.000000 0.994209 0.107459
1760656341.326423 267.758039 -55.169938 0.000000 0.000000 0.000000 0.994061 0.108820
1760656341.526424 267.438691 -55.112766 0.000000 0.000000 0.000000 0.993958 0.109757
1760656341.727491 267.109863 -55.050990 0.000000 0.000000 0.000000 0.993869 0.110560
1760656341.993087 266.770761 -54.988258 0.000000 0.000000 0.000000 0.993770 0.111452
1760656342.226438 266.415873 -54.916649 0.000000 0.000000 0.000000 0.993666 0.112376
1760656342.493091 266.050742 -54.837836 0.000000 0.000000 0.000000 0.993581 0.113122
1760656342.759778 265.671601 -54.752526 0.000000 0.000000 0.000000 0.993518 0.113672
1760656343.026425 265.278519 -54.669284 0.000000 0.000000 0.000000 0.993601 0.112946
1760656343.259755 264.874825 -54.581047 0.000000 0.000000 0.000000 0.993739 0.111730
1760656343.459757 264.873398 -54.580741 0.000000 0.000000 0.000000 0.993721 0.111884
1760656343.659768 264.436520 -54.493912 0.000000 0.000000 0.000000 0.993928 0.110031
1760656343.859845 264.005551 -54.406282 0.000000 0.000000 0.000000 0.994150 0.108009
1760656344.093085 263.580972 -54.315244 0.000000 0.000000 0.000000 0.994320 0.106436
1760656344.326406 263.153301 -54.229319 0.000000 0.000000 0.000000 0.994567 0.104100
1760656344.526422 263.151912 -54.229050 0.000000 0.000000 0.000000 0.994634 0.103455
1760656344.726428 262.693657 -54.133805 0.000000 0.000000 0.000000 0.994878 0.101082
1760656344.926450 262.246805 -54.031821 0.000000 0.000000 0.000000 0.995022 0.099655
1760656345.161114 261.806342 -53.932420 0.000000 0.000000 0.000000 0.995178 0.098087
1760656345.393090 261.366387 -53.827846 0.000000 0.000000 0.000000 0.995328 0.096550
1760656345.593093 261.365018 -53.827561 0.000000 0.000000 0.000000 0.995427 0.095530
1760656345.793100 260.894997 -53.715406 0.000000 0.000000 0.000000 0.995510 0.094657
1760656346.026432 260.483237 -53.617191 0.000000 0.000000 0.000000 0.995578 0.093938
1760656346.259762 260.069348 -53.518289 0.000000 0.000000 0.000000 0.995706 0.092576
1760656346.459772 259.653354 -53.416629 0.000000 0.000000 0.000000 0.995817 0.091372
1760656346.726430 259.237790 -53.319571 0.000000 0.000000 0.000000 0.996016 0.089170
1760656346.993090 258.859295 -53.231167 0.000000 0.000000 0.000000 0.996157 0.087589
1760656347.193102 258.857793 -53.230837 0.000000 0.000000 0.000000 0.996255 0.086466
1760656347.426434 258.455630 -53.108899 0.000000 0.000000 0.000000 0.995962 0.089771
1760656347.626459 258.050800 -52.990475 0.000000 0.000000 0.000000 0.995851 0.091004
1760656347.860830 257.648193 -52.877236 0.000000 0.000000 0.000000 0.995850 0.091010
1760656348.104535 257.288912 -52.776183 0.000000 0.000000 0.000000 0.995847 0.091041
1760656348.326420 256.919081 -52.675889 0.000000 0.000000 0.000000 0.995903 0.090429
1760656348.526424 256.917867 -52.675557 0.000000 0.000000 0.000000 0.995933 0.090097
1760656348.726434 256.515364 -52.576186 0.000000 0.000000 0.000000 0.996026 0.089058
1760656348.959773 256.162872 -52.489127 0.000000 0.000000 0.000000 0.996092 0.088320
1760656349.193088 255.800979 -52.404214 0.000000 0.000000 0.000000 0.996122 0.087983
1760656349.393093 255.799868 -52.403942 0.000000 0.000000 0.000000 0.996159 0.087561
1760656349.593105 255.456167 -52.323310 0.000000 0.000000 0.000000 0.996150 0.087666
1760656349.826428 255.107113 -52.242764 0.000000 0.000000 0.000000 0.996157 0.087584
1760656350.026429 254.749897 -52.159253 0.000000 0.000000 0.000000 0.996138 0.087803
1760656350.293091 254.387903 -52.075773 0.000000 0.000000 0.000000 0.996104 0.088188
1760656350.559773 254.041823 -51.955351 0.000000 0.000000 0.000000 0.995246 0.097391
1760656350.826516 253.680332 -51.849683 0.000000 0.000000 0.000000 0.994543 0.104329
1760656351.059766 253.678759 -51.849188 0.000000 0.000000 0.000000 0.994353 0.106120
1760656351.293094 253.327619 -51.746585 0.000000 0.000000 0.000000 0.993820 0.111008
1760656351.527493 252.968272 -51.649158 0.000000 0.000000 0.000000 0.993477 0.114034
1760656351.759759 252.602661 -51.551923 0.000000 0.000000 0.000000 0.993237 0.116108
1760656351.993092 252.231107 -51.453903 0.000000 0.000000 0.000000 0.993069 0.117530
1760656352.193098 251.852951 -51.356515 0.000000 0.000000 0.000000 0.992966 0.118399
1760656352.426416 251.471249 -51.267895 0.000000 0.000000 0.000000 0.992907 0.118891
1760656352.626423 251.469967 -51.267542 0.000000 0.000000 0.000000 0.992719 0.120453
1760656352.859756 251.054788 -51.173900 0.000000 0.000000 0.000000 0.992808 0.119721
1760656353.060327 250.640813 -51.072095 0.000000 0.000000 0.000000 0.992769 0.120042
1760656353.293097 250.230559 -50.970113 0.000000 0.000000 0.000000 0.992711 0.120523
1760656353.526422 249.816250 -50.873088 0.000000 0.000000 0.000000 0.992683 0.120751
1760656353.759771 249.397309 -50.791114 0.000000 0.000000 0.000000 0.992843 0.119425
1760656354.026420 248.978018 -50.697415 0.000000 0.000000 0.000000 0.992747 0.120222
1760656354.226420 248.976466 -50.697059 0.000000 0.000000 0.000000 0.992667 0.120883
1760656354.426428 248.570538 -50.606360 0.000000 0.000000 0.000000 0.992675 0.120816
1760656354.626437 248.196077 -50.480921 0.000000 0.000000 0.000000 0.991565 0.129614
1760656354.859772 247.821288 -50.354076 0.000000 0.000000 0.000000 0.990544 0.137195
1760656355.093085 247.819863 -50.353613 0.000000 0.000000 0.000000 0.990190 0.139729
1760656355.293093 247.407797 -50.224920 0.000000 0.000000 0.000000 0.989546 0.144218
1760656355.493106 247.000013 -50.103246 0.000000 0.000000 0.000000 0.989154 0.146879
1760656355.726414 246.596188 -49.981208 0.000000 0.000000 0.000000 0.988743 0.149626
1760656355.926438 246.595053 -49.980823 0.000000 0.000000 0.000000 0.988370 0.152066
1760656356.127522 246.161974 -49.850444 0.000000 0.000000 0.000000 0.988348 0.152208
1760656356.359770 245.736986 -49.719943 0.000000 0.000000 0.000000 0.988201 0.153163
1760656356.559772 245.313334 -49.589996 0.000000 0.000000 0.000000 0.988162 0.153417
1760656356.826416 244.893869 -49.461629 0.000000 0.000000 0.000000 0.987988 0.154531
1760656357.026448 244.892488 -49.461180 0.000000 0.000000 0.000000 0.987728 0.156184
1760656357.259765 244.437103 -49.330060 0.000000 0.000000 0.000000 0.987904 0.155064
1760656357.493115 243.988011 -49.197484 0.000000 0.000000 0.000000 0.987947 0.154793
1760656357.726424 243.545648 -49.060219 0.000000 0.000000 0.000000 0.987879 0.155224
1760656357.926428 243.108619 -48.917243 0.000000 0.000000 0.000000 0.987646 0.156701
1760656358.126529 243.107416 -48.916856 0.000000 0.000000 0.000000 0.987476 0.157768
1760656358.359757 242.660642 -48.746374 0.000000 0.000000 0.000000 0.987104 0.160079
1760656358.559767 242.223920 -48.568855 0.000000 0.000000 0.000000 0.986505 0.163728
1760656358.760567 241.795707 -48.395881 0.000000 0.000000 0.000000 0.986019 0.166631
1760656359.026419 241.373537 -48.224700 0.000000 0.000000 0.000000 0.985581 0.169203
1760656359.226424 241.372063 -48.224089 0.000000 0.000000 0.000000 0.985294 0.170870
1760656359.426426 240.915986 -48.042103 0.000000 0.000000 0.000000 0.985187 0.171486
1760656359.659765 240.471983 -47.862425 0.000000 0.000000 0.000000 0.984987 0.172629
1760656359.893121 240.029982 -47.691962 0.000000 0.000000 0.000000 0.984883 0.173220
1760656360.094492 239.588451 -47.531093 0.000000 0.000000 0.000000 0.984899 0.173127
1760656360.362511 239.152789 -47.372584 0.000000 0.000000 0.000000 0.984856 0.173377
1760656360.626516 238.712648 -47.209074 0.000000 0.000000 0.000000 0.984738 0.174045
1760656360.893087 238.284679 -47.023588 0.000000 0.000000 0.000000 0.984214 0.176984
1760656361.126417 237.851642 -46.837716 0.000000 0.000000 0.000000 0.983829 0.179108
1760656361.326425 237.850116 -46.837065 0.000000 0.000000 0.000000 0.983606 0.180333
1760656361.526434 237.406334 -46.629110 0.000000 0.000000 0.000000 0.983210 0.182479
1760656361.759761 236.971744 -46.428817 0.000000 0.000000 0.000000 0.983057 0.183299
1760656361.959763 236.585878 -46.250982 0.000000 0.000000 0.000000 0.983009 0.183557
1760656362.195494 236.201834 -46.073932 0.000000 0.000000 0.000000 0.983143 0.182837
1760656362.461494 235.814977 -45.892853 0.000000 0.000000 0.000000 0.983281 0.182095
1760656362.726495 235.419536 -45.708385 0.000000 0.000000 0.000000 0.983802 0.179256
1760656362.993094 235.015877 -45.522983 0.000000 0.000000 0.000000 0.984742 0.174022
1760656363.226420 234.605796 -45.334997 0.000000 0.000000 0.000000 0.985567 0.169285
1760656363.426469 234.604333 -45.334359 0.000000 0.000000 0.000000 0.985718 0.168403
1760656363.659760 234.165499 -45.136500 0.000000 0.000000 0.000000 0.986798 0.161957
1760656363.893094 233.738092 -44.930355 0.000000 0.000000 0.000000 0.987720 0.156233
1760656364.126426 233.316710 -44.722886 0.000000 0.000000 0.000000 0.988723 0.149759
1760656364.326431 232.897636 -44.517760 0.000000 0.000000 0.000000 0.989986 0.141166
1760656364.559761 232.481509 -44.323331 0.000000 0.000000 0.000000 0.990997 0.133883
1760656364.794489 232.064605 -44.128689 0.000000 0.000000 0.000000 0.992761 0.120103
1760656365.060499 231.647670 -43.930629 0.000000 0.000000 0.000000 0.994122 0.108268
1760656365.326420 231.223074 -43.733244 0.000000 0.000000 0.000000 0.995835 0.091173
1760656365.559757 230.791898 -43.537487 0.000000 0.000000 0.000000 0.997496 0.070728
1760656365.826418 230.361200 -43.341517 0.000000 0.000000 0.000000 0.998564 0.053568
1760656366.026426 230.359361 -43.340957 0.000000 0.000000 0.000000 0.998995 0.044814
1760656366.259756 229.914588 -43.108197 0.000000 0.000000 0.000000 0.999626 0.027360
1760656366.459758 229.473232 -42.886456 0.000000 0.000000 0.000000 0.999962 0.008753
1760656366.693105 229.039418 -42.687150 0.000000 0.000000 0.000000 -0.999976 0.006936
1760656366.926416 228.606239 -42.494169 0.000000 0.000000 0.000000 -0.999655 0.026275
1760656367.126432 228.604735 -42.493757 0.000000 0.000000 0.000000 -0.999277 0.038013
1760656367.359755 228.143310 -42.293268 0.000000 0.000000 0.000000 -0.998384 0.056836
1760656367.559758 227.691302 -42.093163 0.000000 0.000000 0.000000 -0.997188 0.074935
1760656367.793096 227.246776 -41.910745 0.000000 0.000000 0.000000 -0.995192 0.097940
1760656368.026423 226.801963 -41.752786 0.000000 0.000000 0.000000 -0.993320 0.115390
1760656368.259768 226.372252 -41.575313 0.000000 0.000000 0.000000 -0.990776 0.135506
1760656368.496492 225.940652 -41.404021 0.000000 0.000000 0.000000 -0.987449 0.157939
1760656368.759771 225.552074 -41.249803 0.000000 0.000000 0.000000 -0.984521 0.175267
1760656369.026421 225.151888 -41.107367 0.000000 0.000000 0.000000 -0.980907 0.194479
1760656369.226425 225.150198 -41.107084 0.000000 0.000000 0.000000 -0.977909 0.209029
1760656369.459758 224.716063 -40.949058 0.000000 0.000000 0.000000 -0.975157 0.221517
1760656369.693092 224.283451 -40.799569 0.000000 0.000000 0.000000 -0.971432 0.237318
1760656369.893123 223.947538 -40.652439 0.000000 0.000000 0.000000 -0.969403 0.245474
1760656370.126432 223.651972 -40.523012 0.000000 0.000000 0.000000 -0.967560 0.252641
1760656370.359751 223.387405 -40.407135 0.000000 0.000000 0.000000 -0.966585 0.256345
1760656370.559760 223.386265 -40.406843 0.000000 0.000000 0.000000 -0.963594 0.267371
1760656370.759770 223.086012 -40.314142 0.000000 0.000000 0.000000 -0.965601 0.260029
1760656370.996400 222.862237 -40.203000 0.000000 0.000000 0.000000 -0.966570 0.256401
1760656371.226425 222.663023 -40.104049 0.000000 0.000000 0.000000 -0.967604 0.252473
1760656371.462499 222.485407 -40.015834 0.000000 0.000000 0.000000 -0.968558 0.248786
1760656371.693083 222.484535 -40.015479 0.000000 0.000000 0.000000 -0.967149 0.254211
1760656371.893090 222.313695 -39.930533 0.000000 0.000000 0.000000 -0.969430 0.245370
1760656372.093112 222.164496 -39.856436 0.000000 0.000000 0.000000 -0.970810 0.239849
1760656372.326422 222.033724 -39.791497 0.000000 0.000000 0.000000 -0.971716 0.236153
1760656372.526441 222.033245 -39.791262 0.000000 0.000000 0.000000 -0.971355 0.237631
1760656372.726485 221.909171 -39.729646 0.000000 0.000000 0.000000 -0.972534 0.232762
1760656372.993135 221.800798 -39.675835 0.000000 0.000000 0.000000 -0.973255 0.229726
1760656373.226432 221.800339 -39.675600 0.000000 0.000000 0.000000 -0.973170 0.230088
1760656373.461522 221.646778 -39.643079 0.000000 0.000000 0.000000 -0.973924 0.226877
1760656373.693067 221.512915 -39.614605 0.000000 0.000000 0.000000 -0.974383 0.224893
1760656373.893088 221.512590 -39.614504 0.000000 0.000000 0.000000 -0.974450 0.224605
1760656374.093634 221.388432 -39.588130 0.000000 0.000000 0.000000 -0.974759 0.223259
1760656374.294539 221.281759 -39.565441 0.000000 0.000000 0.000000 -0.974946 0.222441
1760656374.526424 221.281445 -39.565360 0.000000 0.000000 0.000000 -0.975066 0.221916
1760656374.726455 221.182438 -39.544316 0.000000 0.000000 0.000000 -0.975144 0.221574
1760656374.959783 221.097344 -39.526216 0.000000 0.000000 0.000000 -0.975208 0.221288
1760656375.193114 221.022855 -39.510373 0.000000 0.000000 0.000000 -0.975246 0.221123
1760656375.426441 221.022568 -39.510308 0.000000 0.000000 0.000000 -0.975347 0.220678
1760656375.659770 220.952238 -39.495354 0.000000 0.000000 0.000000 -0.975300 0.220884
1760656375.859840 220.891016 -39.482333 0.000000 0.000000 0.000000 -0.975257 0.221073
1760656376.128511 220.838002 -39.471057 0.000000 0.000000 0.000000 -0.975243 0.221136
1760656376.393129 220.790675 -39.460991 0.000000 0.000000 0.000000 -0.975219 0.221241
1760656376.626463 220.790450 -39.460943 0.000000 0.000000 0.000000 -0.975263 0.221046
1760656376.859760 220.745199 -39.451320 0.000000 0.000000 0.000000 -0.975193 0.221355
1760656377.060757 220.705761 -39.442932 0.000000 0.000000 0.000000 -0.975146 0.221565
1760656377.326431 220.671603 -39.435666 0.000000 0.000000 0.000000 -0.975117 0.221689
1760656377.559771 220.671444 -39.435632 0.000000 0.000000 0.000000 -0.975131 0.221630
1760656377.759773 220.638867 -39.428704 0.000000 0.000000 0.000000 -0.975089 0.221816
1760656377.959791 220.610798 -39.422734 0.000000 0.000000 0.000000 -0.975063 0.221927
1760656378.160512 220.610722 -39.422718 0.000000 0.000000 0.000000 -0.975065 0.221917
1760656378.393514 220.584898 -39.417225 0.000000 0.000000 0.000000 -0.975043 0.222014
1760656378.595506 220.562421 -39.412444 0.000000 0.000000 0.000000 -0.975029 0.222076
1760656378.826427 220.562350 -39.412429 0.000000 0.000000 0.000000 -0.975027 0.222087
1760656379.026454 220.541497 -39.407994 0.000000 0.000000 0.000000 -0.975017 0.222131
1760656379.259794 220.523572 -39.404181 0.000000 0.000000 0.000000 -0.975010 0.222161
1760656379.493083 220.507885 -39.400845 0.000000 0.000000 0.000000 -0.975005 0.222181
1760656379.693094 220.507834 -39.400834 0.000000 0.000000 0.000000 -0.975002 0.222196
1760656379.893104 220.493173 -39.397716 0.000000 0.000000 0.000000 -0.975001 0.222200
1760656380.093119 220.480507 -39.395022 0.000000 0.000000 0.000000 -0.975001 0.222202
1760656380.326442 220.480465 -39.395013 0.000000 0.000000 0.000000 -0.974997 0.222217
1760656380.559774 220.468649 -39.392500 0.000000 0.000000 0.000000 -0.974999 0.222210
1760656380.762551 220.458360 -39.390311 0.000000 0.000000 0.000000 -0.975000 0.222205
1760656380.993086 220.458328 -39.390304 0.000000 0.000000 0.000000 -0.974998 0.222214
1760656381.194506 220.448782 -39.388274 0.000000 0.000000 0.000000 -0.975000 0.222203
1760656381.430532 220.440574 -39.386528 0.000000 0.000000 0.000000 -0.975002 0.222197
1760656381.693089 220.433384 -39.384999 0.000000 0.000000 0.000000 -0.975003 0.222193
1760656381.893103 220.433359 -39.384994 0.000000 0.000000 0.000000 -0.975002 0.222196
1760656382.093119 220.426590 -39.383554 0.000000 0.000000 0.000000 -0.975004 0.222188
1760656382.326439 220.420753 -39.382312 0.000000 0.000000 0.000000 -0.975005 0.222183
1760656382.559772 220.420732 -39.382308 0.000000 0.000000 0.000000 -0.975005 0.222185
1760656382.793099 220.415253 -39.381143 0.000000 0.000000 0.000000 -0.975006 0.222179
1760656382.993123 220.461643 -39.365570 0.000000 0.000000 0.000000 -0.974934 0.222492
1760656383.226433 220.501661 -39.352136 0.000000 0.000000 0.000000 -0.974885 0.222709
1760656383.459797 220.501742 -39.352105 0.000000 0.000000 0.000000 -0.974870 0.222773
1760656383.693094 220.539575 -39.339409 0.000000 0.000000 0.000000 -0.974836 0.222924
1760656383.926455 220.572440 -39.328376 0.000000 0.000000 0.000000 -0.974814 0.223019
1760656384.159762 220.601165 -39.318734 0.000000 0.000000 0.000000 -0.974800 0.223080
1760656384.359796 220.601247 -39.318705 0.000000 0.000000 0.000000 -0.974785 0.223145
1760656384.593104 220.628070 -39.309702 0.000000 0.000000 0.000000 -0.974785 0.223148
1760656384.794631 220.651445 -39.301855 0.000000 0.000000 0.000000 -0.974787 0.223138
1760656385.059769 220.671725 -39.295047 0.000000 0.000000 0.000000 -0.974786 0.223144
1760656385.259779 220.671799 -39.295022 0.000000 0.000000 0.000000 -0.974776 0.223186
1760656385.493095 220.690995 -39.288578 0.000000 0.000000 0.000000 -0.974785 0.223144
1760656385.694496 220.707752 -39.282953 0.000000 0.000000 0.000000 -0.974793 0.223111
1760656385.959774 220.722298 -39.278070 0.000000 0.000000 0.000000 -0.974797 0.223094
1760656386.193089 220.722364 -39.278048 0.000000 0.000000 0.000000 -0.974792 0.223117
1760656386.393097 220.736269 -39.273380 0.000000 0.000000 0.000000 -0.974802 0.223074
1760656386.626437 220.748268 -39.269353 0.000000 0.000000 0.000000 -0.974807 0.223050
1760656386.859790 220.758788 -39.265821 0.000000 0.000000 0.000000 -0.974811 0.223032
1760656387.059801 220.758823 -39.265809 0.000000 0.000000 0.000000 -0.974810 0.223037
1760656387.293097 220.768673 -39.262503 0.000000 0.000000 0.000000 -0.974815 0.223016
1760656387.526445 220.777282 -39.259613 0.000000 0.000000 0.000000 -0.974818 0.223002
1760656387.793085 220.784837 -39.257076 0.000000 0.000000 0.000000 -0.974820 0.222992
1760656387.993095 220.784865 -39.257067 0.000000 0.000000 0.000000 -0.974820 0.222991
1760656388.193304 220.792004 -39.254671 0.000000 0.000000 0.000000 -0.974822 0.222983
1760656388.429569 220.798169 -39.252601 0.000000 0.000000 0.000000 -0.974824 0.222978
1760656388.629821 220.798188 -39.252595 0.000000 0.000000 0.000000 -0.974824 0.222976
1760656388.859890 220.803931 -39.250667 0.000000 0.000000 0.000000 -0.974825 0.222973
1760656389.093147 220.808923 -39.248991 0.000000 0.000000 0.000000 -0.974825 0.222971
1760656389.359775 220.864071 -39.246396 0.000000 0.000000 0.000000 -0.974428 0.224698
1760656389.559780 220.864145 -39.246390 0.000000 0.000000 0.000000 -0.974385 0.224885
1760656389.793095 220.879439 -39.283337 0.000000 0.000000 0.000000 -0.971889 0.235439
1760656390.026431 220.841498 -39.326016 0.000000 0.000000 0.000000 -0.969539 0.244937
1760656390.259791 220.761763 -39.385164 0.000000 0.000000 0.000000 -0.966170 0.257905
1760656390.493091 220.761658 -39.385300 0.000000 0.000000 0.000000 -0.965122 0.261800
1760656390.693094 220.686330 -39.441120 0.000000 0.000000 0.000000 -0.962887 0.269906
1760656390.926448 220.569956 -39.496860 0.000000 0.000000 0.000000 -0.958782 0.284142
1760656391.193086 220.419400 -39.561686 0.000000 0.000000 0.000000 -0.952773 0.303682
1760656391.393102 220.419104 -39.561882 0.000000 0.000000 0.000000 -0.950740 0.309989
1760656391.626460 220.225168 -39.638955 0.000000 0.000000 0.000000 -0.944494 0.328530
1760656391.826667 220.008666 -39.727155 0.000000 0.000000 0.000000 -0.938582 0.345057
1760656392.093082 219.775482 -39.825795 0.000000 0.000000 0.000000 -0.932404 0.361419
1760656392.293091 219.774933 -39.826122 0.000000 0.000000 0.000000 -0.928884 0.370371
1760656392.493091 219.508217 -39.947628 0.000000 0.000000 0.000000 -0.924145 0.382042
1760656392.693094 219.235714 -40.081718 0.000000 0.000000 0.000000 -0.917416 0.397930
1760656392.893096 219.235214 -40.082042 0.000000 0.000000 0.000000 -0.913071 0.407800
1760656393.093097 218.943824 -40.241355 0.000000 0.000000 0.000000 -0.907889 0.419211
1760656393.293115 218.692460 -40.378809 0.000000 0.000000 0.000000 -0.904550 0.426368
1760656393.526429 218.429863 -40.522059 0.000000 0.000000 0.000000 -0.900174 0.435531
1760656393.759767 218.161748 -40.683251 0.000000 0.000000 0.000000 -0.896765 0.442506
1760656393.960250 218.161056 -40.683750 0.000000 0.000000 0.000000 -0.892338 0.451368
1760656394.193090 217.868908 -40.872213 0.000000 0.000000 0.000000 -0.891858 0.452315
1760656394.426425 217.612034 -41.037957 0.000000 0.000000 0.000000 -0.891833 0.452365
1760656394.627493 217.353057 -41.222442 0.000000 0.000000 0.000000 -0.892559 0.450931
1760656394.859774 217.096476 -41.422380 0.000000 0.000000 0.000000 -0.892787 0.450480
1760656395.126426 216.836967 -41.638691 0.000000 0.000000 0.000000 -0.893056 0.449946
1760656395.326436 216.836077 -41.639402 0.000000 0.000000 0.000000 -0.890948 0.454106
1760656395.559756 216.553562 -41.888244 0.000000 0.000000 0.000000 -0.893937 0.448192
1760656395.761527 216.278318 -42.150917 0.000000 0.000000 0.000000 -0.896425 0.443196
1760656395.993087 216.037545 -42.380692 0.000000 0.000000 0.000000 -0.898054 0.439885
1760656396.226425 215.795288 -42.625118 0.000000 0.000000 0.000000 -0.900475 0.434908
1760656396.459905 215.794310 -42.626004 0.000000 0.000000 0.000000 -0.900111 0.435660
1760656396.693094 215.531214 -42.903416 0.000000 0.000000 0.000000 -0.903535 0.428514
1760656396.893117 215.266381 -43.185876 0.000000 0.000000 0.000000 -0.906898 0.421351
1760656397.128504 215.001599 -43.468928 0.000000 0.000000 0.000000 -0.910153 0.414273
1760656397.359765 214.725649 -43.748674 0.000000 0.000000 0.000000 -0.912681 0.408672
1760656397.593085 214.724600 -43.749654 0.000000 0.000000 0.000000 -0.913786 0.406195
1760656397.793089 214.427029 -44.058445 0.000000 0.000000 0.000000 -0.916205 0.400709
1760656397.993103 214.137351 -44.367068 0.000000 0.000000 0.000000 -0.918399 0.395656
1760656398.226429 213.848144 -44.670778 0.000000 0.000000 0.000000 -0.920580 0.390554
1760656398.428546 213.847262 -44.671610 0.000000 0.000000 0.000000 -0.921874 0.387490
1760656398.659758 213.536937 -44.997347 0.000000 0.000000 0.000000 -0.923838 0.382783
1760656398.859759 213.229449 -45.320880 0.000000 0.000000 0.000000 -0.925987 0.377556
1760656399.061492 212.924995 -45.636830 0.000000 0.000000 0.000000 -0.927797 0.373086
1760656399.293102 212.625303 -45.951806 0.000000 0.000000 0.000000 -0.929396 0.369085
1760656399.526434 212.624135 -45.952909 0.000000 0.000000 0.000000 -0.931027 0.364949
1760656399.759759 212.302671 -46.295866 0.000000 0.000000 0.000000 -0.931243 0.364399
1760656399.993088 211.983703 -46.634349 0.000000 0.000000 0.000000 -0.931451 0.363866
1760656400.193090 211.667054 -46.969004 0.000000 0.000000 0.000000 -0.931457 0.363852
1760656400.393137 211.429229 -47.235446 0.000000 0.000000 0.000000 -0.931429 0.363924
1760656400.659778 211.184243 -47.504076 0.000000 0.000000 0.000000 -0.931672 0.363300
1760656400.859790 211.183241 -47.505118 0.000000 0.000000 0.000000 -0.932422 0.361371
1760656401.093101 210.907489 -47.798589 0.000000 0.000000 0.000000 -0.932042 0.362350
1760656401.293129 210.626078 -48.091634 0.000000 0.000000 0.000000 -0.931945 0.362601
1760656401.526419 210.344643 -48.382981 0.000000 0.000000 0.000000 -0.931942 0.362607
1760656401.726426 210.343814 -48.383836 0.000000 0.000000 0.000000 -0.932399 0.361431
1760656401.959756 210.039044 -48.696264 0.000000 0.000000 0.000000 -0.932072 0.362274
1760656402.159771 209.737501 -49.009882 0.000000 0.000000 0.000000 -0.931792 0.362992
1760656402.393080 209.473869 -49.284067 0.000000 0.000000 0.000000 -0.931628 0.363414
1760656402.593090 209.473057 -49.284907 0.000000 0.000000 0.000000 -0.931860 0.362818
1760656402.793093 209.183959 -49.578543 0.000000 0.000000 0.000000 -0.931362 0.364094
1760656402.993097 208.895222 -49.868252 0.000000 0.000000 0.000000 -0.930772 0.365600
1760656403.229489 208.605509 -50.154343 0.000000 0.000000 0.000000 -0.930067 0.367390
1760656403.493086 208.310895 -50.442690 0.000000 0.000000 0.000000 -0.928496 0.371342
1760656403.693089 208.309969 -50.443639 0.000000 0.000000 0.000000 -0.928297 0.371839
1760656403.893092 207.987969 -50.755031 0.000000 0.000000 0.000000 -0.926166 0.377117
1760656404.126424 207.670312 -51.060443 0.000000 0.000000 0.000000 -0.924213 0.381879
1760656404.359757 207.351031 -51.362621 0.000000 0.000000 0.000000 -0.921948 0.387314
1760656404.593091 207.030209 -51.663327 0.000000 0.000000 0.000000 -0.920050 0.391801
1760656404.793094 207.029291 -51.664272 0.000000 0.000000 0.000000 -0.919142 0.393926
1760656404.993129 206.688164 -51.986638 0.000000 0.000000 0.000000 -0.917531 0.397663
1760656405.195496 206.353626 -52.299997 0.000000 0.000000 0.000000 -0.916406 0.400250
1760656405.426424 206.029607 -52.613293 0.000000 0.000000 0.000000 -0.915046 0.403349
1760656405.629524 206.028683 -52.614242 0.000000 0.000000 0.000000 -0.913978 0.405764
1760656405.829891 205.687565 -52.951062 0.000000 0.000000 0.000000 -0.913443 0.406967
1760656406.060437 205.353619 -53.279286 0.000000 0.000000 0.000000 -0.912851 0.408293
1760656406.293086 205.057870 -53.569964 0.000000 0.000000 0.000000 -0.912511 0.409052
1760656406.493092 205.057004 -53.570854 0.000000 0.000000 0.000000 -0.911653 0.410960
1760656406.726424 204.735194 -53.877239 0.000000 0.000000 0.000000 -0.912069 0.410036
1760656406.959756 204.414254 -54.180398 0.000000 0.000000 0.000000 -0.912265 0.409600
1760656407.193098 204.091638 -54.478826 0.000000 0.000000 0.000000 -0.912477 0.409128
1760656407.395492 203.770567 -54.778133 0.000000 0.000000 0.000000 -0.912739 0.408544
1760656407.626439 203.451729 -55.074333 0.000000 0.000000 0.000000 -0.912916 0.408147
1760656407.893122 203.176444 -55.384644 0.000000 0.000000 0.000000 -0.910574 0.413347
1760656408.159758 202.922497 -55.714618 0.000000 0.000000 0.000000 -0.907846 0.419305
1760656408.359782 202.921457 -55.715817 0.000000 0.000000 0.000000 -0.907060 0.421002
1760656408.593098 202.643324 -56.073814 0.000000 0.000000 0.000000 -0.905401 0.424558
1760656408.826433 202.397695 -56.389806 0.000000 0.000000 0.000000 -0.904370 0.426750
1760656409.059972 202.141247 -56.699925 0.000000 0.000000 0.000000 -0.904427 0.426629
1760656409.326426 201.880484 -57.012163 0.000000 0.000000 0.000000 -0.904382 0.426723
1760656409.528325 201.879576 -57.013302 0.000000 0.000000 0.000000 -0.903726 0.428111
1760656409.760781 201.596755 -57.353236 0.000000 0.000000 0.000000 -0.904681 0.426089
1760656409.993090 201.306653 -57.681076 0.000000 0.000000 0.000000 -0.905795 0.423716
1760656410.194494 201.023899 -58.011850 0.000000 0.000000 0.000000 -0.906753 0.421662
1760656410.426422 200.740301 -58.335253 0.000000 0.000000 0.000000 -0.907734 0.419546
1760656410.626427 200.739418 -58.336263 0.000000 0.000000 0.000000 -0.907730 0.419555
1760656410.826434 200.439070 -58.684328 0.000000 0.000000 0.000000 -0.908717 0.417412
1760656411.028492 200.198662 -59.033048 0.000000 0.000000 0.000000 -0.907968 0.419039
1760656411.293108 199.987641 -59.339116 0.000000 0.000000 0.000000 -0.907422 0.420220
1760656411.526466 199.986671 -59.340385 0.000000 0.000000 0.000000 -0.907366 0.420343
1760656411.759763 199.752390 -59.680035 0.000000 0.000000 0.000000 -0.907065 0.420991
1760656411.960493 199.521780 -60.022655 0.000000 0.000000 0.000000 -0.906850 0.421453
1760656412.206773 199.286897 -60.357413 0.000000 0.000000 0.000000 -0.906782 0.421599
1760656412.426416 199.048686 -60.695682 0.000000 0.000000 0.000000 -0.906867 0.421418
1760656412.659763 198.808646 -61.034475 0.000000 0.000000 0.000000 -0.907001 0.421129
1760656412.893082 198.807723 -61.035784 0.000000 0.000000 0.000000 -0.906958 0.421222
1760656413.093097 198.577012 -61.361401 0.000000 0.000000 0.000000 -0.907134 0.420842
1760656413.326426 198.343492 -61.683813 0.000000 0.000000 0.000000 -0.907261 0.420569
1760656413.526437 198.100115 -62.002380 0.000000 0.000000 0.000000 -0.907559 0.419925
1760656413.762494 197.848411 -62.313095 0.000000 0.000000 0.000000 -0.907788 0.419430
1760656413.993099 197.590338 -62.626696 0.000000 0.000000 0.000000 -0.907752 0.419508
1760656414.259756 197.326288 -62.934381 0.000000 0.000000 0.000000 -0.907792 0.419420
1760656414.459762 197.325350 -62.935538 0.000000 0.000000 0.000000 -0.907834 0.419331
1760656414.693101 197.106640 -63.197777 0.000000 0.000000 0.000000 -0.907738 0.419539
1760656414.928483 196.880899 -63.468739 0.000000 0.000000 0.000000 -0.907104 0.420906
1760656415.159769 196.640648 -63.737793 0.000000 0.000000 0.000000 -0.906644 0.421897
1760656415.359769 196.639953 -63.738619 0.000000 0.000000 0.000000 -0.906546 0.422106
1760656415.593094 196.368617 -64.020678 0.000000 0.000000 0.000000 -0.906396 0.422428
1760656415.826421 196.094361 -64.304746 0.000000 0.000000 0.000000 -0.906033 0.423206
1760656416.027505 195.816830 -64.590347 0.000000 0.000000 0.000000 -0.905797 0.423713
1760656416.259753 195.542093 -64.878554 0.000000 0.000000 0.000000 -0.905731 0.423852
1760656416.459756 195.541265 -64.879437 0.000000 0.000000 0.000000 -0.905597 0.424140
1760656416.660382 195.243645 -65.189461 0.000000 0.000000 0.000000 -0.905971 0.423340
1760656416.893093 194.983991 -65.459958 0.000000 0.000000 0.000000 -0.906206 0.422835
1760656417.093101 194.726941 -65.741011 0.000000 0.000000 0.000000 -0.906369 0.422486
1760656417.359769 194.456175 -65.986242 0.000000 0.000000 0.000000 -0.908080 0.418797
1760656417.559771 194.455257 -65.987152 0.000000 0.000000 0.000000 -0.908256 0.418414
1760656417.793090 194.145125 -66.213236 0.000000 0.000000 0.000000 -0.912997 0.407966
1760656418.026423 193.835398 -66.448194 0.000000 0.000000 0.000000 -0.916400 0.400263
1760656418.226451 193.533173 -66.696614 0.000000 0.000000 0.000000 -0.918612 0.395162
1760656418.459779 193.224440 -66.936855 0.000000 0.000000 0.000000 -0.920357 0.391080
1760656418.726421 192.912773 -67.184426 0.000000 0.000000 0.000000 -0.922258 0.386574
1760656418.926424 192.911650 -67.185245 0.000000 0.000000 0.000000 -0.923411 0.383814
1760656419.126425 192.599477 -67.474354 0.000000 0.000000 0.000000 -0.922865 0.385125
1760656419.326490 192.293309 -67.763713 0.000000 0.000000 0.000000 -0.922516 0.385958
1760656419.559784 191.991311 -68.052992 0.000000 0.000000 0.000000 -0.922348 0.386361
1760656419.826432 191.689243 -68.347409 0.000000 0.000000 0.000000 -0.922123 0.386897
1760656420.060567 191.687965 -68.348570 0.000000 0.000000 0.000000 -0.922776 0.385337
1760656420.296533 191.356955 -68.672388 0.000000 0.000000 0.000000 -0.921764 0.387750
1760656420.526428 191.089920 -69.000480 0.000000 0.000000 0.000000 -0.919179 0.393840
1760656420.727490 190.821237 -69.326307 0.000000 0.000000 0.000000 -0.917383 0.398007
1760656420.993084 190.555863 -69.651161 0.000000 0.000000 0.000000 -0.915920 0.401360
1760656421.193098 190.554944 -69.652267 0.000000 0.000000 0.000000 -0.915622 0.402040
1760656421.426425 190.268208 -70.004703 0.000000 0.000000 0.000000 -0.914386 0.404844
1760656421.626429 189.979309 -70.349859 0.000000 0.000000 0.000000 -0.913756 0.406264
1760656421.859757 189.693288 -70.687172 0.000000 0.000000 0.000000 -0.913376 0.407117
1760656422.059765 189.402439 -71.019334 0.000000 0.000000 0.000000 -0.913284 0.407324
1760656422.326430 189.111167 -71.346049 0.000000 0.000000 0.000000 -0.913133 0.407661
1760656422.593084 188.814595 -71.678400 0.000000 0.000000 0.000000 -0.913064 0.407816
1760656422.793089 188.813547 -71.679621 0.000000 0.000000 0.000000 -0.912773 0.408467
1760656422.993099 188.497621 -72.042166 0.000000 0.000000 0.000000 -0.912830 0.408339
1760656423.193499 188.175665 -72.374808 0.000000 0.000000 0.000000 -0.914113 0.405458
1760656423.459752 187.882863 -72.714076 0.000000 0.000000 0.000000 -0.914340 0.404947
1760656423.659770 187.881864 -72.715191 0.000000 0.000000 0.000000 -0.914302 0.405034
1760656423.863500 187.574621 -73.085826 0.000000 0.000000 0.000000 -0.914398 0.404817
1760656424.093108 187.306854 -73.408749 0.000000 0.000000 0.000000 -0.914460 0.404676
1760656424.294417 187.033999 -73.727659 0.000000 0.000000 0.000000 -0.914652 0.404242
1760656424.526415 186.761269 -74.043836 0.000000 0.000000 0.000000 -0.914717 0.404096
1760656424.726423 186.760423 -74.044820 0.000000 0.000000 0.000000 -0.914734 0.404057
1760656424.926424 186.466940 -74.384173 0.000000 0.000000 0.000000 -0.915050 0.403339
1760656425.126427 186.192547 -74.727123 0.000000 0.000000 0.000000 -0.914847 0.403801
1760656425.359761 185.920522 -75.065872 0.000000 0.000000 0.000000 -0.914674 0.404193
1760656425.626426 185.640242 -75.399752 0.000000 0.000000 0.000000 -0.914823 0.403855
1760656425.826446 185.639313 -75.400869 0.000000 0.000000 0.000000 -0.914841 0.403814
1760656426.060146 185.334797 -75.761368 0.000000 0.000000 0.000000 -0.914943 0.403582
1760656426.293090 185.027951 -76.112572 0.000000 0.000000 0.000000 -0.915184 0.403037
1760656426.526428 184.725710 -76.461797 0.000000 0.000000 0.000000 -0.915381 0.402588
1760656426.726437 184.425469 -76.808986 0.000000 0.000000 0.000000 -0.915499 0.402320
1760656426.993089 184.127710 -77.150357 0.000000 0.000000 0.000000 -0.915545 0.402215
1760656427.193091 184.126631 -77.151600 0.000000 0.000000 0.000000 -0.915611 0.402066
1760656427.426420 183.800833 -77.515212 0.000000 0.000000 0.000000 -0.915565 0.402169
1760656427.626423 183.482331 -77.876059 0.000000 0.000000 0.000000 -0.915260 0.402864
1760656427.826445 183.171098 -78.228622 0.000000 0.000000 0.000000 -0.914886 0.403713
1760656428.093103 182.865787 -78.576570 0.000000 0.000000 0.000000 -0.914445 0.404711
1760656428.359771 182.561617 -78.932047 0.000000 0.000000 0.000000 -0.913789 0.406189
1760656428.626416 182.250020 -79.286822 0.000000 0.000000 0.000000 -0.913281 0.407331
1760656428.826452 182.248891 -79.288134 0.000000 0.000000 0.000000 -0.913102 0.407731
1760656429.059777 181.913665 -79.667606 0.000000 0.000000 0.000000 -0.912497 0.409084
1760656429.293090 181.581811 -80.037468 0.000000 0.000000 0.000000 -0.911993 0.410206
1760656429.526428 181.254465 -80.400373 0.000000 0.000000 0.000000 -0.911535 0.411222
1760656429.759750 180.929019 -80.757212 0.000000 0.000000 0.000000 -0.911302 0.411740
1760656429.959754 180.927996 -80.758371 0.000000 0.000000 0.000000 -0.911038 0.412322
1760656430.159755 180.580083 -81.130191 0.000000 0.000000 0.000000 -0.911001 0.412405
1760656430.359756 180.295052 -81.501160 0.000000 0.000000 0.000000 -0.908979 0.416842
1760656430.594501 179.997914 -81.837357 0.000000 0.000000 0.000000 -0.908459 0.417974
1760656430.826420 179.694044 -82.166682 0.000000 0.000000 0.000000 -0.908414 0.418072
1760656431.026424 179.693116 -82.167758 0.000000 0.000000 0.000000 -0.908022 0.418924
1760656431.259761 179.375686 -82.524348 0.000000 0.000000 0.000000 -0.908004 0.418961
1760656431.493094 179.067095 -82.881062 0.000000 0.000000 0.000000 -0.907929 0.419124
1760656431.726426 178.764311 -83.236673 0.000000 0.000000 0.000000 -0.907983 0.419006
1760656431.959748 178.460557 -83.587676 0.000000 0.000000 0.000000 -0.908376 0.418153
1760656432.159761 178.459615 -83.588770 0.000000 0.000000 0.000000 -0.908196 0.418545
1760656432.359767 178.178701 -83.972649 0.000000 0.000000 0.000000 -0.906498 0.422210
1760656432.559789 177.898771 -84.343355 0.000000 0.000000 0.000000 -0.905825 0.423653
1760656432.793130 177.897916 -84.344467 0.000000 0.000000 0.000000 -0.905368 0.424628
1760656433.029300 177.645248 -84.745409 0.000000 0.000000 0.000000 -0.903416 0.428764
1760656433.259756 177.395516 -85.140186 0.000000 0.000000 0.000000 -0.902348 0.431009
1760656433.493090 177.143688 -85.525862 0.000000 0.000000 0.000000 -0.902189 0.431341
1760656433.759720 176.895346 -85.909376 0.000000 0.000000 0.000000 -0.902119 0.431488
1760656433.959764 176.894527 -85.910651 0.000000 0.000000 0.000000 -0.901651 0.432465
1760656434.193089 176.630376 -86.321517 0.000000 0.000000 0.000000 -0.902107 0.431513
1760656434.393091 176.370145 -86.724134 0.000000 0.000000 0.000000 -0.902544 0.430597
1760656434.593094 176.130264 -87.122513 0.000000 0.000000 0.000000 -0.902657 0.430360
1760656434.859760 175.891885 -87.512284 0.000000 0.000000 0.000000 -0.902812 0.430036
1760656435.126417 175.649106 -87.904637 0.000000 0.000000 0.000000 -0.903012 0.429616
1760656435.326423 175.648253 -87.906007 0.000000 0.000000 0.000000 -0.902894 0.429864
1760656435.526426 175.385832 -88.325065 0.000000 0.000000 0.000000 -0.903381 0.428839
1760656435.726434 175.131561 -88.733117 0.000000 0.000000 0.000000 -0.903693 0.428182
1760656435.959782 174.867012 -89.115728 0.000000 0.000000 0.000000 -0.904283 0.426933
1760656436.193088 174.866084 -89.117148 0.000000 0.000000 0.000000 -0.904354 0.426784
1760656436.393091 174.571017 -89.515133 0.000000 0.000000 0.000000 -0.905046 0.425314
1760656436.593095 174.287105 -89.903462 0.000000 0.000000 0.000000 -0.905506 0.424333
1760656436.826425 174.000241 -90.273521 0.000000 0.000000 0.000000 -0.905936 0.423415
1760656437.059748 173.721216 -90.645721 0.000000 0.000000 0.000000 -0.905838 0.423624
1760656437.259754 173.720376 -90.646848 0.000000 0.000000 0.000000 -0.905990 0.423299
1760656437.459921 173.414940 -91.033281 0.000000 0.000000 0.000000 -0.905999 0.423279
1760656437.693089 173.127744 -91.416229 0.000000 0.000000 0.000000 -0.905421 0.424515
1760656437.894489 172.828926 -91.776550 0.000000 0.000000 0.000000 -0.904987 0.425439
1760656438.159749 172.527918 -92.122864 0.000000 0.000000 0.000000 -0.904094 0.427334
1760656438.359760 172.526933 -92.124093 0.000000 0.000000 0.000000 -0.903984 0.427567
1760656438.593089 172.271730 -92.495937 0.000000 0.000000 0.000000 -0.900754 0.434329
1760656438.793094 172.001533 -92.846565 0.000000 0.000000 0.000000 -0.898309 0.439364
1760656439.028489 171.733952 -93.191414 0.000000 0.000000 0.000000 -0.895690 0.444679
1760656439.259748 171.454136 -93.524677 0.000000 0.000000 0.000000 -0.893545 0.448973
1760656439.526441 171.165876 -93.797589 0.000000 0.000000 0.000000 -0.892594 0.450861
1760656439.759689 171.164722 -93.799009 0.000000 0.000000 0.000000 -0.891424 0.453170
1760656439.959768 170.849298 -94.103535 0.000000 0.000000 0.000000 -0.891574 0.452874
1760656440.193089 170.543464 -94.408725 0.000000 0.000000 0.000000 -0.891070 0.453866
1760656440.396509 170.239630 -94.715301 0.000000 0.000000 0.000000 -0.890775 0.454444
1760656440.626417 169.944652 -95.025074 0.000000 0.000000 0.000000 -0.890319 0.455338
1760656440.826423 169.943752 -95.026040 0.000000 0.000000 0.000000 -0.889598 0.456745
1760656441.026424 169.631739 -95.361161 0.000000 0.000000 0.000000 -0.889846 0.456260
1760656441.259759 169.322150 -95.687046 0.000000 0.000000 0.000000 -0.890440 0.455100
1760656441.494494 169.017483 -96.015505 0.000000 0.000000 0.000000 -0.891101 0.453806
1760656441.726426 168.715821 -96.346755 0.000000 0.000000 0.000000 -0.892072 0.451892
1760656441.926827 168.714891 -96.347752 0.000000 0.000000 0.000000 -0.891902 0.452229
1760656442.159768 168.398957 -96.705596 0.000000 0.000000 0.000000 -0.893329 0.449403
1760656442.393088 168.089047 -97.061134 0.000000 0.000000 0.000000 -0.894718 0.446631
1760656442.626422 167.787085 -97.416833 0.000000 0.000000 0.000000 -0.896018 0.444018
1760656442.859749 167.486826 -97.770268 0.000000 0.000000 0.000000 -0.897210 0.441603
1760656443.059756 167.485865 -97.771337 0.000000 0.000000 0.000000 -0.897598 0.440815
1760656443.259770 167.170776 -98.148555 0.000000 0.000000 0.000000 -0.898513 0.438947
1760656443.493096 166.863651 -98.515632 0.000000 0.000000 0.000000 -0.899241 0.437454
1760656443.693117 166.567445 -98.883953 0.000000 0.000000 0.000000 -0.899865 0.436168
1760656443.959747 166.273773 -99.243815 0.000000 0.000000 0.000000 -0.900732 0.434376
1760656444.159760 166.272724 -99.245038 0.000000 0.000000 0.000000 -0.901242 0.433315
1760656444.359762 165.957904 -99.632326 0.000000 0.000000 0.000000 -0.901720 0.432321
1760656444.562495 165.652328 -100.009660 0.000000 0.000000 0.000000 -0.902223 0.431269
1760656444.793083 165.356616 -100.381000 0.000000 0.000000 0.000000 -0.902854 0.429948
1760656444.996512 165.355719 -100.382072 0.000000 0.000000 0.000000 -0.903372 0.428858
1760656445.226428 165.031921 -100.708405 0.000000 0.000000 0.000000 -0.906279 0.422679
1760656445.426434 164.712343 -101.032663 0.000000 0.000000 0.000000 -0.908473 0.417943
1760656445.626434 164.399437 -101.352041 0.000000 0.000000 0.000000 -0.910155 0.414268
1760656445.893091 164.169954 -101.620861 0.000000 0.000000 0.000000 -0.911800 0.410635
1760656446.093095 164.168965 -101.621862 0.000000 0.000000 0.000000 -0.912818 0.408368
1760656446.326433 163.946463 -101.932607 0.000000 0.000000 0.000000 -0.912197 0.409752
1760656446.559755 163.716141 -102.244551 0.000000 0.000000 0.000000 -0.911992 0.410207
1760656446.793101 163.476885 -102.555178 0.000000 0.000000 0.000000 -0.912063 0.410049
1760656446.993103 163.232042 -102.867910 0.000000 0.000000 0.000000 -0.912156 0.409843
1760656447.259749 162.987412 -103.182570 0.000000 0.000000 0.000000 -0.912555 0.408953
1760656447.459758 162.986523 -103.183680 0.000000 0.000000 0.000000 -0.913066 0.407812
1760656447.693097 162.711863 -103.519287 0.000000 0.000000 0.000000 -0.913222 0.407462
1760656447.926425 162.436155 -103.853665 0.000000 0.000000 0.000000 -0.913471 0.406903
1760656448.126427 162.155485 -104.121103 0.000000 0.000000 0.000000 -0.915425 0.402488
1760656448.359702 161.872470 -104.388515 0.000000 0.000000 0.000000 -0.916781 0.399390
1760656448.559745 161.871584 -104.389413 0.000000 0.000000 0.000000 -0.917445 0.397862
1760656448.759754 161.558525 -104.671352 0.000000 0.000000 0.000000 -0.917989 0.396606
1760656448.959759 161.251339 -104.954240 0.000000 0.000000 0.000000 -0.918140 0.396255
1760656449.193086 160.948432 -105.238337 0.000000 0.000000 0.000000 -0.917886 0.396845
1760656449.426421 160.648796 -105.531016 0.000000 0.000000 0.000000 -0.917019 0.398845
1760656449.626423 160.647875 -105.531892 0.000000 0.000000 0.000000 -0.917333 0.398121
1760656449.826425 160.316007 -105.834004 0.000000 0.000000 0.000000 -0.916207 0.400706
1760656450.026429 160.025737 -106.098277 0.000000 0.000000 0.000000 -0.915465 0.402398
1760656450.259745 159.736471 -106.365061 0.000000 0.000000 0.000000 -0.914575 0.404417
1760656450.459756 159.735610 -106.365873 0.000000 0.000000 0.000000 -0.914511 0.404562
1760656450.693089 159.432598 -106.663691 0.000000 0.000000 0.000000 -0.913070 0.407802
1760656450.893090 159.129804 -106.962276 0.000000 0.000000 0.000000 -0.911917 0.410375
1760656451.095492 158.830420 -107.258869 0.000000 0.000000 0.000000 -0.910938 0.412544
1760656451.359748 158.523627 -107.543524 0.000000 0.000000 0.000000 -0.910442 0.413636
1760656451.559751 158.522636 -107.544507 0.000000 0.000000 0.000000 -0.910042 0.414517
1760656451.760509 158.208250 -107.867185 0.000000 0.000000 0.000000 -0.909617 0.415447
1760656451.993089 157.907046 -108.191487 0.000000 0.000000 0.000000 -0.908987 0.416825
1760656452.226429 157.603489 -108.512029 0.000000 0.000000 0.000000 -0.908581 0.417708
1760656452.459783 157.333015 -108.797634 0.000000 0.000000 0.000000 -0.908332 0.418251
1760656452.659814 157.332142 -108.798566 0.000000 0.000000 0.000000 -0.907945 0.419089
1760656452.893089 157.027708 -109.068606 0.000000 0.000000 0.000000 -0.910153 0.414272
1760656453.126427 156.732853 -109.349956 0.000000 0.000000 0.000000 -0.911410 0.411500
1760656453.362505 156.430307 -109.625864 0.000000 0.000000 0.000000 -0.912435 0.409222
1760656453.593084 156.131836 -109.910668 0.000000 0.000000 0.000000 -0.913145 0.407634
1760656453.793088 156.130911 -109.911524 0.000000 0.000000 0.000000 -0.913373 0.407123
1760656453.993092 155.808182 -110.214651 0.000000 0.000000 0.000000 -0.913766 0.406241
1760656454.193095 155.493807 -110.516300 0.000000 0.000000 0.000000 -0.914174 0.405323
1760656454.426419 155.181534 -110.813121 0.000000 0.000000 0.000000 -0.914596 0.404369
1760656454.626430 155.180614 -110.813974 0.000000 0.000000 0.000000 -0.914872 0.403745
1760656454.859759 154.840584 -111.124248 0.000000 0.000000 0.000000 -0.915382 0.402586
1760656455.059765 154.589021 -111.381618 0.000000 0.000000 0.000000 -0.915962 0.401264
1760656455.293086 154.341344 -111.647532 0.000000 0.000000 0.000000 -0.916212 0.400693
1760656455.526418 154.078428 -111.908596 0.000000 0.000000 0.000000 -0.916728 0.399513
1760656455.726422 154.077599 -111.909404 0.000000 0.000000 0.000000 -0.917057 0.398756
1760656455.959755 153.787340 -112.190214 0.000000 0.000000 0.000000 -0.917627 0.397442
1760656456.159757 153.496129 -112.473784 0.000000 0.000000 0.000000 -0.917938 0.396724
1760656456.359757 153.206692 -112.756653 0.000000 0.000000 0.000000 -0.918225 0.396060
1760656456.559760 153.205937 -112.757377 0.000000 0.000000 0.000000 -0.918562 0.395277
1760656456.793088 152.888951 -113.047604 0.000000 0.000000 0.000000 -0.919122 0.393974
1760656456.993115 152.574024 -113.339646 0.000000 0.000000 0.000000 -0.919474 0.393150
1760656457.195499 152.267159 -113.633279 0.000000 0.000000 0.000000 -0.919588 0.392884
1760656457.426419 151.963736 -113.927907 0.000000 0.000000 0.000000 -0.919660 0.392717
1760656457.626424 151.962800 -113.928787 0.000000 0.000000 0.000000 -0.919949 0.392038
1760656457.826429 151.633050 -114.241889 0.000000 0.000000 0.000000 -0.919895 0.392164
1760656458.026456 151.308987 -114.550717 0.000000 0.000000 0.000000 -0.919828 0.392321
1760656458.259748 151.023829 -114.822469 0.000000 0.000000 0.000000 -0.919798 0.392392
1760656458.459755 151.022940 -114.823309 0.000000 0.000000 0.000000 -0.919979 0.391968
1760656458.659756 150.715352 -115.119273 0.000000 0.000000 0.000000 -0.919780 0.392435
1760656458.859778 150.412066 -115.413969 0.000000 0.000000 0.000000 -0.919826 0.392327
1760656459.093523 150.120111 -115.714341 0.000000 0.000000 0.000000 -0.919843 0.392286
1760656459.326420 149.858076 -116.031028 0.000000 0.000000 0.000000 -0.919301 0.393555
1760656459.526428 149.857223 -116.031934 0.000000 0.000000 0.000000 -0.919338 0.393468
1760656459.759755 149.570476 -116.370392 0.000000 0.000000 0.000000 -0.919199 0.393793
1760656459.959756 149.277483 -116.695967 0.000000 0.000000 0.000000 -0.919602 0.392851
1760656460.193093 148.972774 -116.980670 0.000000 0.000000 0.000000 -0.921055 0.389433
1760656460.426432 148.666733 -117.269388 0.000000 0.000000 0.000000 -0.922531 0.385924
1760656460.627054 148.665798 -117.270302 0.000000 0.000000 0.000000 -0.922886 0.385073
1760656460.859756 148.341847 -117.585476 0.000000 0.000000 0.000000 -0.924737 0.380607
1760656461.059764 148.014630 -117.892843 0.000000 0.000000 0.000000 -0.926573 0.376115
1760656461.293087 147.699636 -118.202011 0.000000 0.000000 0.000000 -0.928762 0.370677
1760656461.526400 147.383521 -118.511382 0.000000 0.000000 0.000000 -0.931565 0.363574
1760656461.726430 147.382504 -118.512291 0.000000 0.000000 0.000000 -0.932565 0.361002
1760656461.929602 147.047355 -118.845655 0.000000 0.000000 0.000000 -0.935813 0.352498
1760656462.159755 146.720511 -119.174129 0.000000 0.000000 0.000000 -0.939510 0.342520
1760656462.393100 146.397690 -119.501875 0.000000 0.000000 0.000000 -0.943661 0.330912
1760656462.626422 146.078794 -119.831406 0.000000 0.000000 0.000000 -0.948370 0.317165
1760656462.859745 145.761846 -120.162421 0.000000 0.000000 0.000000 -0.953212 0.302304
1760656463.059757 145.760705 -120.163363 0.000000 0.000000 0.000000 -0.955320 0.295573
1760656463.259770 145.420136 -120.513664 0.000000 0.000000 0.000000 -0.960365 0.278747
1760656463.493091 145.101683 -120.865538 0.000000 0.000000 0.000000 -0.965657 0.259820
1760656463.728491 144.800929 -121.224088 0.000000 0.000000 0.000000 -0.971255 0.238042
1760656463.959770 144.500624 -121.580867 0.000000 0.000000 0.000000 -0.976780 0.214243
1760656464.226435 144.206442 -121.940410 0.000000 0.000000 0.000000 -0.982476 0.186387
1760656464.426450 144.205118 -121.941435 0.000000 0.000000 0.000000 -0.984904 0.173104
1760656464.627241 143.879679 -122.318782 0.000000 0.000000 0.000000 -0.988312 0.152443
1760656464.859770 143.557160 -122.680226 0.000000 0.000000 0.000000 -0.991809 0.127727
1760656465.093199 143.232257 -123.030740 0.000000 0.000000 0.000000 -0.994774 0.102105
1760656465.326543 142.899951 -123.366173 0.000000 0.000000 0.000000 -0.997120 0.075842
1760656465.528930 142.898702 -123.367002 0.000000 0.000000 0.000000 -0.998280 0.058621
1760656465.759759 142.571421 -123.736941 0.000000 0.000000 0.000000 -0.999259 0.038501
1760656465.993100 142.246088 -124.096389 0.000000 0.000000 0.000000 -0.999869 0.016195
1760656466.193109 141.926782 -124.452193 0.000000 0.000000 0.000000 0.999992 0.004016
1760656466.393310 141.925753 -124.452908 0.000000 0.000000 0.000000 0.999763 0.021759
1760656466.626424 141.589017 -124.820553 0.000000 0.000000 0.000000 0.999190 0.040236
1760656466.826432 141.245549 -125.163020 0.000000 0.000000 0.000000 0.998302 0.058246
1760656467.059750 140.903293 -125.488068 0.000000 0.000000 0.000000 0.996658 0.081685
1760656467.259756 140.902123 -125.488811 0.000000 0.000000 0.000000 0.995035 0.099523
1760656467.493088 140.527050 -125.807076 0.000000 0.000000 0.000000 0.993165 0.116723
1760656467.696491 140.146905 -126.078165 0.000000 0.000000 0.000000 0.991185 0.132488
1760656467.926445 139.765145 -126.315748 0.000000 0.000000 0.000000 0.988314 0.152431
1760656468.159747 139.384416 -126.549512 0.000000 0.000000 0.000000 0.985818 0.167816
1760656468.359757 139.383152 -126.550063 0.000000 0.000000 0.000000 0.982861 0.184347
1760656468.559762 138.969999 -126.768900 0.000000 0.000000 0.000000 0.981687 0.190502
1760656468.763496 138.561313 -126.972007 0.000000 0.000000 0.000000 0.979746 0.200243
1760656468.993089 138.153629 -127.147369 0.000000 0.000000 0.000000 0.976916 0.213625
1760656469.193095 138.152405 -127.147768 0.000000 0.000000 0.000000 0.973716 0.227765
1760656469.426704 137.733406 -127.354828 0.000000 0.000000 0.000000 0.974003 0.226535
1760656469.659756 137.315759 -127.521531 0.000000 0.000000 0.000000 0.972869 0.231355
1760656469.893090 136.900464 -127.650801 0.000000 0.000000 0.000000 0.971130 0.238551
1760656470.093092 136.485359 -127.781952 0.000000 0.000000 0.000000 0.971311 0.237813
1760656470.359756 136.073544 -127.882185 0.000000 0.000000 0.000000 0.970259 0.242069
1760656470.559757 136.072039 -127.882550 0.000000 0.000000 0.000000 0.968179 0.250259
1760656470.793088 135.674635 -127.979299 0.000000 0.000000 0.000000 0.969550 0.244895
1760656470.993091 135.276257 -128.047377 0.000000 0.000000 0.000000 0.970232 0.242179
1760656471.193092 134.881176 -128.091113 0.000000 0.000000 0.000000 0.970441 0.241337
1760656471.426419 134.492202 -128.104175 0.000000 0.000000 0.000000 0.970240 0.242146
1760656471.626428 134.490953 -128.104318 0.000000 0.000000 0.000000 0.969192 0.246306
1760656471.859754 134.071329 -128.099117 0.000000 0.000000 0.000000 0.970017 0.243037
1760656472.059759 133.653588 -128.075964 0.000000 0.000000 0.000000 0.970743 0.240120
1760656472.293090 133.239503 -128.044791 0.000000 0.000000 0.000000 0.971355 0.237633
1760656472.493093 132.850163 -127.973468 0.000000 0.000000 0.000000 0.970944 0.239307
1760656472.693095 132.849042 -127.973382 0.000000 0.000000 0.000000 0.970487 0.241154
1760656472.926422 132.452323 -127.943044 0.000000 0.000000 0.000000 0.970724 0.240197
1760656473.126430 132.060493 -127.886901 0.000000 0.000000 0.000000 0.970879 0.239570
1760656473.326453 131.674312 -127.813259 0.000000 0.000000 0.000000 0.970931 0.239359
1760656473.559768 131.291168 -127.724916 0.000000 0.000000 0.000000 0.970882 0.239559
1760656473.828491 130.902094 -127.628810 0.000000 0.000000 0.000000 0.970726 0.240191
1760656474.059763 130.507862 -127.514410 0.000000 0.000000 0.000000 0.970226 0.242200
1760656474.293088 130.506270 -127.514030 0.000000 0.000000 0.000000 0.969945 0.243324
1760656474.493131 130.078962 -127.380395 0.000000 0.000000 0.000000 0.969048 0.246874
1760656474.726533 129.705066 -127.263587 0.000000 0.000000 0.000000 0.968429 0.249290
1760656474.959720 129.327339 -127.141717 0.000000 0.000000 0.000000 0.966661 0.256061
1760656475.159751 128.945365 -127.015556 0.000000 0.000000 0.000000 0.964327 0.264713
1760656475.359757 128.944276 -127.015168 0.000000 0.000000 0.000000 0.963582 0.267413
1760656475.559772 128.540078 -126.870739 0.000000 0.000000 0.000000 0.960086 0.279704
1760656475.793090 128.138321 -126.731186 0.000000 0.000000 0.000000 0.956427 0.291970
1760656476.026432 127.737087 -126.585148 0.000000 0.000000 0.000000 0.952568 0.304325
1760656476.260741 127.334970 -126.434201 0.000000 0.000000 0.000000 0.948867 0.315677
1760656476.527500 126.974553 -126.298907 0.000000 0.000000 0.000000 0.945834 0.324651
1760656476.794491 126.599749 -126.168414 0.000000 0.000000 0.000000 0.943401 0.331655
1760656477.059763 126.218333 -126.025035 0.000000 0.000000 0.000000 0.941511 0.336982
1760656477.326434 125.831993 -125.869348 0.000000 0.000000 0.000000 0.940585 0.339558
1760656477.526440 125.830531 -125.868673 0.000000 0.000000 0.000000 0.938741 0.344624
1760656477.759756 125.407241 -125.715752 0.000000 0.000000 0.000000 0.941674 0.336527
1760656477.993093 124.991359 -125.553487 0.000000 0.000000 0.000000 0.944439 0.328686
1760656478.226424 124.586816 -125.377191 0.000000 0.000000 0.000000 0.947445 0.319919
1760656478.426432 124.195158 -125.184651 0.000000 0.000000 0.000000 0.950521 0.310659
1760656478.626438 123.811070 -124.987152 0.000000 0.000000 0.000000 0.953862 0.300247
1760656478.829500 123.809811 -124.986645 0.000000 0.000000 0.000000 0.954318 0.298794
1760656479.059755 123.457778 -124.758663 0.000000 0.000000 0.000000 0.957574 0.288188
1760656479.259790 123.122810 -124.522979 0.000000 0.000000 0.000000 0.960387 0.278670
1760656479.461059 122.828458 -124.315871 0.000000 0.000000 0.000000 0.962291 0.272022
1760656479.727520 122.557410 -124.094842 0.000000 0.000000 0.000000 0.963754 0.266794
1760656479.993081 122.330743 -123.850959 0.000000 0.000000 0.000000 0.964956 0.262410
1760656480.193088 122.329675 -123.850222 0.000000 0.000000 0.000000 0.965956 0.258705
1760656480.393106 122.067593 -123.586877 0.000000 0.000000 0.000000 0.966572 0.256397
1760656480.626424 121.795749 -123.330807 0.000000 0.000000 0.000000 0.967680 0.252180
1760656480.859758 121.509267 -123.083906 0.000000 0.000000 0.000000 0.969032 0.246935
1760656481.093088 121.212696 -122.838026 0.000000 0.000000 0.000000 0.970448 0.241312
1760656481.326442 120.908432 -122.589997 0.000000 0.000000 0.000000 0.971710 0.236176
1760656481.593102 120.599123 -122.336456 0.000000 0.000000 0.000000 0.973117 0.230311
1760656481.859752 120.275546 -122.083479 0.000000 0.000000 0.000000 0.974629 0.223827
1760656482.059755 120.274320 -122.082590 0.000000 0.000000 0.000000 0.975576 0.219664
1760656482.259755 119.937691 -121.793502 0.000000 0.000000 0.000000 0.975990 0.217814
1760656482.459755 119.600367 -121.515826 0.000000 0.000000 0.000000 0.976848 0.213933
1760656482.659756 119.262252 -121.247764 0.000000 0.000000 0.000000 0.977930 0.208935
1760656482.893090 118.920485 -120.989974 0.000000 0.000000 0.000000 0.979261 0.202604
1760656483.159747 118.567947 -120.744232 0.000000 0.000000 0.000000 0.980748 0.195277
1760656483.359756 118.566657 -120.743368 0.000000 0.000000 0.000000 0.981620 0.190848
1760656483.559756 118.215739 -120.457036 0.000000 0.000000 0.000000 0.981643 0.190726
1760656483.793091 117.865450 -120.181163 0.000000 0.000000 0.000000 0.982068 0.188527
1760656484.026431 117.506806 -119.922826 0.000000 0.000000 0.000000 0.982642 0.185511
1760656484.263293 117.138713 -119.685776 0.000000 0.000000 0.000000 0.983377 0.181574
1760656484.495512 116.775077 -119.439037 0.000000 0.000000 0.000000 0.983713 0.179747
1760656484.760497 116.402092 -119.208406 0.000000 0.000000 0.000000 0.984201 0.177052
1760656484.993080 116.018419 -119.015633 0.000000 0.000000 0.000000 0.984887 0.173197
1760656485.193091 116.017104 -119.014899 0.000000 0.000000 0.000000 0.985426 0.170106
1760656485.426435 115.634909 -118.782008 0.000000 0.000000 0.000000 0.984654 0.174520
1760656485.659754 115.306722 -118.532463 0.000000 0.000000 0.000000 0.983371 0.181605
1760656485.859759 114.984769 -118.273170 0.000000 0.000000 0.000000 0.982269 0.187476
1760656486.095508 114.654188 -118.033396 0.000000 0.000000 0.000000 0.981521 0.191352
1760656486.359752 114.314982 -117.796529 0.000000 0.000000 0.000000 0.980920 0.194412
1760656486.626423 113.964493 -117.559120 0.000000 0.000000 0.000000 0.980417 0.196934
1760656486.859761 113.601663 -117.325828 0.000000 0.000000 0.000000 0.980126 0.198374
1760656487.126419 113.231468 -117.099601 0.000000 0.000000 0.000000 0.979901 0.199485
1760656487.326430 113.230056 -117.098644 0.000000 0.000000 0.000000 0.979741 0.200271
1760656487.559732 112.824122 -116.862665 0.000000 0.000000 0.000000 0.979721 0.200369
1760656487.759756 112.419745 -116.632870 0.000000 0.000000 0.000000 0.979638 0.200770
1760656487.959757 112.017415 -116.424098 0.000000 0.000000 0.000000 0.979747 0.200242
1760656488.193091 111.622763 -116.213006 0.000000 0.000000 0.000000 0.979601 0.200951
1760656488.426435 111.222694 -116.010899 0.000000 0.000000 0.000000 0.979426 0.201802
1760656488.626445 111.221376 -116.010174 0.000000 0.000000 0.000000 0.979307 0.202383
1760656488.859757 110.790193 -115.799801 0.000000 0.000000 0.000000 0.979005 0.203836
1760656489.093106 110.360516 -115.597715 0.000000 0.000000 0.000000 0.978508 0.206208
1760656489.326430 109.979032 -115.418298 0.000000 0.000000 0.000000 0.978157 0.207865
1760656489.559755 109.615437 -115.237728 0.000000 0.000000 0.000000 0.977243 0.212124
1760656489.762661 109.298362 -115.032881 0.000000 0.000000 0.000000 0.975725 0.218999
1760656490.026417 108.971896 -114.835914 0.000000 0.000000 0.000000 0.974277 0.225354
1760656490.259751 108.674785 -114.656662 0.000000 0.000000 0.000000 0.973248 0.229759
1760656490.526441 108.389003 -114.465970 0.000000 0.000000 0.000000 0.971842 0.235634
1760656490.726441 108.387791 -114.465158 0.000000 0.000000 0.000000 0.971149 0.238472
1760656490.959756 108.065143 -114.258247 0.000000 0.000000 0.000000 0.970113 0.242653
1760656491.159774 107.739702 -114.044240 0.000000 0.000000 0.000000 0.969327 0.245776
1760656491.393092 107.454195 -113.856494 0.000000 0.000000 0.000000 0.968692 0.248267
1760656491.626446 107.199220 -113.688831 0.000000 0.000000 0.000000 0.968304 0.249775
1760656491.893092 106.926313 -113.520376 0.000000 0.000000 0.000000 0.967740 0.251950
1760656492.126425 106.925069 -113.519522 0.000000 0.000000 0.000000 0.966983 0.254842
1760656492.326439 106.608902 -113.340889 0.000000 0.000000 0.000000 0.967032 0.254654
1760656492.559758 106.289227 -113.160394 0.000000 0.000000 0.000000 0.966534 0.256540
1760656492.795457 105.962626 -112.977153 0.000000 0.000000 0.000000 0.965783 0.259350
1760656493.026443 105.961526 -112.976478 0.000000 0.000000 0.000000 0.965115 0.261825
1760656493.259762 105.604516 -112.773923 0.000000 0.000000 0.000000 0.964444 0.264287
1760656493.459776 105.247939 -112.569385 0.000000 0.000000 0.000000 0.963783 0.266689
1760656493.661221 104.895920 -112.364004 0.000000 0.000000 0.000000 0.963012 0.269460
1760656493.929500 104.546739 -112.155629 0.000000 0.000000 0.000000 0.962200 0.272346
1760656494.159756 104.189325 -111.942446 0.000000 0.000000 0.000000 0.961854 0.273565
1760656494.359756 104.188245 -111.941773 0.000000 0.000000 0.000000 0.961263 0.275633
1760656494.560506 103.806591 -111.709772 0.000000 0.000000 0.000000 0.961565 0.274577
1760656494.793089 103.429967 -111.482686 0.000000 0.000000 0.000000 0.961818 0.273690
1760656495.026422 103.051519 -111.260114 0.000000 0.000000 0.000000 0.962172 0.272444
1760656495.259755 102.675925 -111.031982 0.000000 0.000000 0.000000 0.962352 0.271805
1760656495.493114 102.297794 -110.805187 0.000000 0.000000 0.000000 0.962680 0.270642
1760656495.759749 101.920421 -110.573131 0.000000 0.000000 0.000000 0.962963 0.269634
1760656495.959763 101.919023 -110.572287 0.000000 0.000000 0.000000 0.962853 0.270026
1760656496.193094 101.510025 -110.322053 0.000000 0.000000 0.000000 0.963394 0.268088
1760656496.426431 101.103442 -110.078518 0.000000 0.000000 0.000000 0.963860 0.266408
1760656496.660596 100.700040 -109.839208 0.000000 0.000000 0.000000 0.963996 0.265918
1760656496.863515 100.298935 -109.602032 0.000000 0.000000 0.000000 0.963763 0.266759
1760656497.093085 99.903696 -109.367388 0.000000 0.000000 0.000000 0.963169 0.268898
1760656497.326423 99.506568 -109.136464 0.000000 0.000000 0.000000 0.962246 0.272182
1760656497.526428 99.505210 -109.135644 0.000000 0.000000 0.000000 0.962080 0.272766
1760656497.759755 99.079527 -108.890966 0.000000 0.000000 0.000000 0.960849 0.277071
1760656497.959758 98.660237 -108.646962 0.000000 0.000000 0.000000 0.959688 0.281067
1760656498.193098 98.275995 -108.388696 0.000000 0.000000 0.000000 0.957532 0.288326
1760656498.426423 97.891498 -108.132287 0.000000 0.000000 0.000000 0.955561 0.294793
1760656498.661147 97.508333 -107.873764 0.000000 0.000000 0.000000 0.953893 0.300148
1760656498.929488 97.120917 -107.620740 0.000000 0.000000 0.000000 0.952384 0.304900
1760656499.193092 96.727106 -107.365325 0.000000 0.000000 0.000000 0.951126 0.308803
1760656499.459754 96.329707 -107.106486 0.000000 0.000000 0.000000 0.949994 0.312268
1760656499.659775 96.328205 -107.105415 0.000000 0.000000 0.000000 0.949062 0.315089
1760656499.893093 95.901526 -106.827451 0.000000 0.000000 0.000000 0.948811 0.315843
1760656500.126424 95.481420 -106.555823 0.000000 0.000000 0.000000 0.948557 0.316605
1760656500.359763 95.074347 -106.349386 0.000000 0.000000 0.000000 0.949919 0.312495
1760656500.593093 94.672068 -106.138283 0.000000 0.000000 0.000000 0.950895 0.309513
1760656500.793093 94.270417 -105.927445 0.000000 0.000000 0.000000 0.951760 0.306843
1760656501.059749 93.872743 -105.718421 0.000000 0.000000 0.000000 0.952351 0.305004
1760656501.259768 93.871182 -105.717583 0.000000 0.000000 0.000000 0.952256 0.305302
1760656501.493927 93.443631 -105.486892 0.000000 0.000000 0.000000 0.952802 0.303593
1760656501.726421 93.028353 -105.248456 0.000000 0.000000 0.000000 0.952914 0.303239
1760656501.959756 92.617382 -105.012973 0.000000 0.000000 0.000000 0.953004 0.302958
1760656502.193088 92.215212 -104.770955 0.000000 0.000000 0.000000 0.952776 0.303675
1760656502.459750 91.823334 -104.519123 0.000000 0.000000 0.000000 0.952364 0.304964
1760656502.659756 91.821868 -104.518242 0.000000 0.000000 0.000000 0.952299 0.305166
1760656502.893094 91.400335 -104.248880 0.000000 0.000000 0.000000 0.952154 0.305619
1760656503.093108 90.986309 -103.983794 0.000000 0.000000 0.000000 0.952269 0.305261
1760656503.295491 90.575217 -103.754740 0.000000 0.000000 0.000000 0.953266 0.302134
1760656503.559762 90.188836 -103.511117 0.000000 0.000000 0.000000 0.953695 0.300774
1760656503.826414 89.837225 -103.242865 0.000000 0.000000 0.000000 0.953532 0.301291
1760656504.026444 89.835850 -103.241965 0.000000 0.000000 0.000000 0.953608 0.301052
1760656504.259754 89.454234 -102.954957 0.000000 0.000000 0.000000 0.953928 0.300034
1760656504.459761 89.076820 -102.672254 0.000000 0.000000 0.000000 0.954617 0.297836
1760656504.693082 88.706956 -102.396132 0.000000 0.000000 0.000000 0.955573 0.294755
1760656504.893091 88.705824 -102.395331 0.000000 0.000000 0.000000 0.955827 0.293928
1760656505.126445 88.312785 -102.104302 0.000000 0.000000 0.000000 0.956925 0.290336
1760656505.359756 87.924282 -101.820700 0.000000 0.000000 0.000000 0.958051 0.286599
1760656505.593094 87.537783 -101.545972 0.000000 0.000000 0.000000 0.959356 0.282199
1760656505.827520 87.195711 -101.256411 0.000000 0.000000 0.000000 0.959551 0.281533
1760656506.059751 86.856474 -100.964112 0.000000 0.000000 0.000000 0.959570 0.281469
1760656506.259756 86.855312 -100.963220 0.000000 0.000000 0.000000 0.959971 0.280099
1760656506.459756 86.487315 -100.661525 0.000000 0.000000 0.000000 0.959893 0.280368
1760656506.659766 86.126910 -100.367087 0.000000 0.000000 0.000000 0.959925 0.280258
1760656506.893095 85.765860 -100.089860 0.000000 0.000000 0.000000 0.960120 0.279588
1760656507.126428 85.406618 -99.810726 0.000000 0.000000 0.000000 0.960324 0.278888
1760656507.393082 85.042639 -99.537304 0.000000 0.000000 0.000000 0.960744 0.277437
1760656507.593095 85.041340 -99.536320 0.000000 0.000000 0.000000 0.961024 0.276467
1760656507.793101 84.649537 -99.240056 0.000000 0.000000 0.000000 0.961324 0.275418
1760656508.026426 84.257421 -98.987026 0.000000 0.000000 0.000000 0.962215 0.272290
1760656508.259752 83.872062 -98.730407 0.000000 0.000000 0.000000 0.962825 0.270126
1760656508.493101 83.480492 -98.508825 0.000000 0.000000 0.000000 0.964476 0.264171
1760656508.759745 83.090974 -98.282547 0.000000 0.000000 0.000000 0.965776 0.259376
1760656508.959761 83.089560 -98.281726 0.000000 0.000000 0.000000 0.966327 0.257317
1760656509.193089 82.684318 -98.021857 0.000000 0.000000 0.000000 0.966475 0.256762
1760656509.393094 82.276612 -97.798657 0.000000 0.000000 0.000000 0.967030 0.254664
1760656509.629514 81.876285 -97.580935 0.000000 0.000000 0.000000 0.967751 0.251908
1760656509.893107 81.482977 -97.354152 0.000000 0.000000 0.000000 0.968250 0.249983
1760656510.159770 81.082204 -97.132280 0.000000 0.000000 0.000000 0.968800 0.247846
1760656510.426421 80.678745 -96.905626 0.000000 0.000000 0.000000 0.969279 0.245962
1760656510.626423 80.677242 -96.904821 0.000000 0.000000 0.000000 0.969724 0.244202
1760656510.859755 80.244933 -96.661366 0.000000 0.000000 0.000000 0.969703 0.244286
1760656511.059764 79.821069 -96.420831 0.000000 0.000000 0.000000 0.969562 0.244844
1760656511.262497 79.407426 -96.187804 0.000000 0.000000 0.000000 0.969408 0.245455
1760656511.526413 79.048108 -95.936081 0.000000 0.000000 0.000000 0.968269 0.249912
1760656511.726418 79.046721 -95.935237 0.000000 0.000000 0.000000 0.968376 0.249497
1760656511.926422 78.658961 -95.664034 0.000000 0.000000 0.000000 0.966887 0.255206
1760656512.159753 78.280904 -95.396836 0.000000 0.000000 0.000000 0.965635 0.259901
1760656512.359753 77.905109 -95.132467 0.000000 0.000000 0.000000 0.964610 0.263682
1760656512.593102 77.532380 -94.875645 0.000000 0.000000 0.000000 0.963746 0.266823
1760656512.826420 77.156427 -94.622723 0.000000 0.000000 0.000000 0.963097 0.269155
1760656513.026425 77.155236 -94.621866 0.000000 0.000000 0.000000 0.962703 0.270561
1760656513.229497 76.754958 -94.349829 0.000000 0.000000 0.000000 0.962230 0.272239
1760656513.459754 76.390435 -94.064738 0.000000 0.000000 0.000000 0.960792 0.277270
1760656513.693091 76.018512 -93.802082 0.000000 0.000000 0.000000 0.960089 0.279695
1760656513.926412 75.647219 -93.539177 0.000000 0.000000 0.000000 0.959659 0.281167
1760656514.126424 75.646077 -93.538319 0.000000 0.000000 0.000000 0.959140 0.282931
1760656514.359735 75.248543 -93.260207 0.000000 0.000000 0.000000 0.959442 0.281906
1760656514.559755 74.853905 -92.989229 0.000000 0.000000 0.000000 0.959780 0.280753
1760656514.793089 74.467281 -92.724671 0.000000 0.000000 0.000000 0.960094 0.279677
1760656515.026494 74.076169 -92.474738 0.000000 0.000000 0.000000 0.960626 0.277844
1760656515.259755 73.685101 -92.226073 0.000000 0.000000 0.000000 0.961160 0.275990
1760656515.526414 73.296589 -91.979310 0.000000 0.000000 0.000000 0.961680 0.274173
1760656515.726465 73.295138 -91.978378 0.000000 0.000000 0.000000 0.961678 0.274182
1760656515.959802 72.870945 -91.722684 0.000000 0.000000 0.000000 0.962401 0.271632
1760656516.193185 72.448708 -91.478833 0.000000 0.000000 0.000000 0.963037 0.269370
1760656516.426425 72.040594 -91.227898 0.000000 0.000000 0.000000 0.963118 0.269080
1760656516.659753 71.633189 -90.989285 0.000000 0.000000 0.000000 0.963467 0.267829
1760656516.893102 71.229267 -90.749263 0.000000 0.000000 0.000000 0.963644 0.267189
1760656517.093122 71.227911 -90.748469 0.000000 0.000000 0.000000 0.963793 0.266653
1760656517.326422 70.796025 -90.498747 0.000000 0.000000 0.000000 0.963782 0.266692
1760656517.526424 70.367611 -90.259903 0.000000 0.000000 0.000000 0.963764 0.266755
1760656517.726434 69.948218 -90.030104 0.000000 0.000000 0.000000 0.963571 0.267451
1760656517.959754 69.540400 -89.797696 0.000000 0.000000 0.000000 0.962802 0.270207
1760656518.159756 69.539073 -89.796937 0.000000 0.000000 0.000000 0.962778 0.270293
1760656518.359773 69.098550 -89.571195 0.000000 0.000000 0.000000 0.961828 0.273655
1760656518.593101 68.670309 -89.347601 0.000000 0.000000 0.000000 0.960192 0.279340
1760656518.826422 68.240669 -89.146189 0.000000 0.000000 0.000000 0.958524 0.285011
1760656519.059758 67.822869 -88.932139 0.000000 0.000000 0.000000 0.955781 0.294079
1760656519.293090 67.404262 -88.722402 0.000000 0.000000 0.000000 0.952728 0.303823
1760656519.526422 66.997492 -88.498746 0.000000 0.000000 0.000000 0.949169 0.314768
1760656519.793093 66.589215 -88.276099 0.000000 0.000000 0.000000 0.945260 0.326319
1760656520.059836 66.174609 -88.051625 0.000000 0.000000 0.000000 0.941102 0.338124
1760656520.326422 65.760392 -87.816894 0.000000 0.000000 0.000000 0.936889 0.349627
1760656520.559748 65.345311 -87.575803 0.000000 0.000000 0.000000 0.933115 0.359579
1760656520.759756 65.343881 -87.574808 0.000000 0.000000 0.000000 0.930726 0.365717
1760656520.993089 64.907968 -87.312357 0.000000 0.000000 0.000000 0.927861 0.372926
1760656521.229512 64.481232 -87.051010 0.000000 0.000000 0.000000 0.924875 0.380271
1760656521.459755 64.066871 -86.784994 0.000000 0.000000 0.000000 0.921623 0.388087
1760656521.693086 63.690698 -86.501565 0.000000 0.000000 0.000000 0.917588 0.397532
1760656521.893090 63.316530 -86.219061 0.000000 0.000000 0.000000 0.914186 0.405294
1760656522.094847 62.958803 -85.929905 0.000000 0.000000 0.000000 0.911337 0.411660
1760656522.326444 62.606062 -85.640240 0.000000 0.000000 0.000000 0.906870 0.421411
1760656522.526459 62.604821 -85.639094 0.000000 0.000000 0.000000 0.903723 0.428118
1760656522.759764 62.226642 -85.327357 0.000000 0.000000 0.000000 0.900728 0.434383
1760656522.959765 61.860442 -85.010852 0.000000 0.000000 0.000000 0.899163 0.437614
1760656523.159774 61.537646 -84.731864 0.000000 0.000000 0.000000 0.898207 0.439572
1760656523.393113 61.210479 -84.461024 0.000000 0.000000 0.000000 0.897262 0.441498
1760656523.626437 60.915441 -84.216794 0.000000 0.000000 0.000000 0.896952 0.442129
1760656523.893110 60.648905 -83.996154 0.000000 0.000000 0.000000 0.896798 0.442441
1760656524.161507 60.405210 -83.794435 0.000000 0.000000 0.000000 0.897213 0.441597
1760656524.393109 60.149330 -83.576675 0.000000 0.000000 0.000000 0.898080 0.439832
1760656524.659774 59.885109 -83.347992 0.000000 0.000000 0.000000 0.898606 0.438757
1760656524.926457 59.649360 -83.186915 0.000000 0.000000 0.000000 0.898930 0.438092
1760656525.159829 59.648086 -83.185884 0.000000 0.000000 0.000000 0.898001 0.439993
1760656525.393144 59.646044 -83.184218 0.000000 0.000000 0.000000 0.897068 0.441892
1760656525.593179 59.643686 -83.182277 0.000000 0.000000 0.000000 0.896266 0.443518
1760656525.826523 59.640231 -83.179412 0.000000 0.000000 0.000000 0.895325 0.445413
1760656526.060134 59.636018 -83.175888 0.000000 0.000000 0.000000 0.894380 0.447308
1760656526.293110 59.631070 -83.171713 0.000000 0.000000 0.000000 0.893433 0.449196
1760656526.493119 59.626234 -83.167598 0.000000 0.000000 0.000000 0.892617 0.450815
1760656526.726494 59.619905 -83.162173 0.000000 0.000000 0.000000 0.891662 0.452702
1760656526.959792 59.612846 -83.156070 0.000000 0.000000 0.000000 0.890702 0.454587
1760656527.193116 59.605062 -83.149282 0.000000 0.000000 0.000000 0.889739 0.456470
1760656527.426493 59.596555 -83.141801 0.000000 0.000000 0.000000 0.888771 0.458352
1760656527.659781 59.587337 -83.133624 0.000000 0.000000 0.000000 0.887800 0.460230
1760656527.893119 59.577408 -83.124743 0.000000 0.000000 0.000000 0.886824 0.462107
1760656528.126442 59.566778 -83.115152 0.000000 0.000000 0.000000 0.885845 0.463982
1760656528.359778 59.555450 -83.104844 0.000000 0.000000 0.000000 0.884861 0.465855
1760656528.559794 59.545192 -83.095430 0.000000 0.000000 0.000000 0.884015 0.467459
1760656528.793119 59.532585 -83.083777 0.000000 0.000000 0.000000 0.883024 0.469327
1760656529.026450 59.519299 -83.071391 0.000000 0.000000 0.000000 0.882030 0.471194
1760656529.226450 59.507377 -83.060182 0.000000 0.000000 0.000000 0.881174 0.472793
1760656529.426458 59.494963 -83.048425 0.000000 0.000000 0.000000 0.880315 0.474390
1760656529.659777 59.479861 -83.034019 0.000000 0.000000 0.000000 0.879310 0.476250
1760656529.893105 59.464102 -83.018857 0.000000 0.000000 0.000000 0.878300 0.478109
1760656530.093112 59.450078 -83.005251 0.000000 0.000000 0.000000 0.877432 0.479701
1760656530.293124 59.435580 -82.991081 0.000000 0.000000 0.000000 0.876561 0.481291
1760656530.526442 59.418067 -82.973841 0.000000 0.000000 0.000000 0.875541 0.483144
1760656530.726443 59.402554 -82.958440 0.000000 0.000000 0.000000 0.874663 0.484731
1760656530.926443 59.386580 -82.942465 0.000000 0.000000 0.000000 0.873783 0.486316
1760656531.159786 59.367357 -82.923102 0.000000 0.000000 0.000000 0.872752 0.488163
1760656531.393112 59.347518 -82.902948 0.000000 0.000000 0.000000 0.871718 0.490008
1760656531.626451 59.327067 -82.881996 0.000000 0.000000 0.000000 0.870679 0.491851
1760656531.826452 59.309062 -82.863393 0.000000 0.000000 0.000000 0.869786 0.493429
1760656532.026482 59.290614 -82.844194 0.000000 0.000000 0.000000 0.868890 0.495005
1760656532.259776 59.268541 -82.821054 0.000000 0.000000 0.000000 0.867841 0.496842
1760656532.493124 59.245875 -82.797091 0.000000 0.000000 0.000000 0.866788 0.498677
1760656532.726440 59.222632 -82.772308 0.000000 0.000000 0.000000 0.865731 0.500509
1760656532.926452 59.202256 -82.750398 0.000000 0.000000 0.000000 0.864822 0.502078
1760656533.159799 59.177949 -82.724069 0.000000 0.000000 0.000000 0.863758 0.503906
1760656533.393114 59.153083 -82.696906 0.000000 0.000000 0.000000 0.862691 0.505732
1760656533.593124 59.131332 -82.672942 0.000000 0.000000 0.000000 0.861772 0.507296
1760656533.793162 59.109174 -82.648352 0.000000 0.000000 0.000000 0.860851 0.508857
1760656534.026448 59.082821 -82.618891 0.000000 0.000000 0.000000 0.859773 0.510677
1760656534.259778 59.055925 -82.588567 0.000000 0.000000 0.000000 0.858691 0.512494
1760656534.493122 59.028498 -82.557379 0.000000 0.000000 0.000000 0.857605 0.514310
1760656534.726439 59.000551 -82.525327 0.000000 0.000000 0.000000 0.856515 0.516123
1760656534.926459 58.976190 -82.497148 0.000000 0.000000 0.000000 0.855577 0.517675
1760656535.126506 58.951450 -82.468321 0.000000 0.000000 0.000000 0.854637 0.519226
1760656535.359790 58.922122 -82.433895 0.000000 0.000000 0.000000 0.853537 0.521032
1760656535.593110 58.892291 -82.398578 0.000000 0.000000 0.000000 0.852433 0.522836
1760656535.793111 58.866339 -82.367587 0.000000 0.000000 0.000000 0.851484 0.524381
1760656536.026451 58.835601 -82.330610 0.000000 0.000000 0.000000 0.850373 0.526181
1760656536.226457 58.808883 -82.298191 0.000000 0.000000 0.000000 0.849417 0.527722
1760656536.459775 58.777266 -82.259543 0.000000 0.000000 0.000000 0.848299 0.529517
1760656536.659777 58.749804 -82.225683 0.000000 0.000000 0.000000 0.847338 0.531054
1760656536.893124 58.717326 -82.185340 0.000000 0.000000 0.000000 0.846212 0.532846
1760656537.126436 58.684402 -82.144086 0.000000 0.000000 0.000000 0.845083 0.534634
1760656537.326443 58.655836 -82.107981 0.000000 0.000000 0.000000 0.844113 0.536166
1760656537.559784 58.622089 -82.065008 0.000000 0.000000 0.000000 0.842977 0.537950
1760656537.793110 58.587914 -82.021109 0.000000 0.000000 0.000000 0.841837 0.539732
1760656538.026450 58.553313 -81.976274 0.000000 0.000000 0.000000 0.840693 0.541512
1760656538.226452 58.523337 -81.937088 0.000000 0.000000 0.000000 0.839710 0.543035
1760656538.459777 58.487972 -81.890510 0.000000 0.000000 0.000000 0.838560 0.544810
1760656538.659777 58.457350 -81.849823 0.000000 0.000000 0.000000 0.837570 0.546330
1760656538.859780 58.426436 -81.808437 0.000000 0.000000 0.000000 0.836578 0.547847
1760656539.093142 58.389991 -81.759273 0.000000 0.000000 0.000000 0.835418 0.549616
1760656539.326441 58.353173 -81.709166 0.000000 0.000000 0.000000 0.834253 0.551382
1760656539.559785 58.315973 -81.658087 0.000000 0.000000 0.000000 0.833085 0.553145
1760656539.759788 58.283810 -81.613529 0.000000 0.000000 0.000000 0.832081 0.554655
1760656539.959789 58.251381 -81.568259 0.000000 0.000000 0.000000 0.831074 0.556162
1760656540.193107 58.213206 -81.514556 0.000000 0.000000 0.000000 0.829895 0.557919
1760656540.393119 58.180219 -81.467733 0.000000 0.000000 0.000000 0.828882 0.559423
1760656540.626450 58.141403 -81.412211 0.000000 0.000000 0.000000 0.827697 0.561175
1760656540.859777 58.102256 -81.355706 0.000000 0.000000 0.000000 0.826508 0.562924
1760656541.059803 58.068452 -81.306470 0.000000 0.000000 0.000000 0.825486 0.564422
1760656541.293112 58.028711 -81.248134 0.000000 0.000000 0.000000 0.824291 0.566167
1760656541.493143 57.994405 -81.197316 0.000000 0.000000 0.000000 0.823263 0.567661
1760656541.693168 57.959877 -81.145767 0.000000 0.000000 0.000000 0.822232 0.569153
1760656541.926457 57.919313 -81.084729 0.000000 0.000000 0.000000 0.821026 0.570890
1760656542.126493 57.884316 -81.031582 0.000000 0.000000 0.000000 0.819990 0.572378
1760656542.359778 57.843221 -80.968678 0.000000 0.000000 0.000000 0.818777 0.574111
1760656542.559820 57.807779 -80.913922 0.000000 0.000000 0.000000 0.817735 0.575595
1760656542.793136 57.766173 -80.849130 0.000000 0.000000 0.000000 0.816516 0.577323
1760656543.026455 57.724306 -80.783321 0.000000 0.000000 0.000000 0.815293 0.579049
1760656543.226470 57.688231 -80.726082 0.000000 0.000000 0.000000 0.814241 0.580527
1760656543.459787 57.645901 -80.658376 0.000000 0.000000 0.000000 0.813012 0.582248
1760656543.693108 57.603332 -80.589642 0.000000 0.000000 0.000000 0.811778 0.583966
1760656543.893433 57.566617 -80.529797 0.000000 0.000000 0.000000 0.810716 0.585439
1760656544.126443 57.523683 -80.459242 0.000000 0.000000 0.000000 0.809478 0.587150
1760656544.326454 57.486677 -80.397845 0.000000 0.000000 0.000000 0.808412 0.588617
1760656544.559793 57.443289 -80.325266 0.000000 0.000000 0.000000 0.807165 0.590326
1760656544.759809 57.405957 -80.262212 0.000000 0.000000 0.000000 0.806093 0.591789
1760656544.993115 57.362208 -80.187708 0.000000 0.000000 0.000000 0.804840 0.593492
1760656545.226442 57.318271 -80.112151 0.000000 0.000000 0.000000 0.803583 0.595193
1760656545.426452 57.280485 -80.046536 0.000000 0.000000 0.000000 0.802502 0.596649
1760656545.659776 57.236225 -79.969028 0.000000 0.000000 0.000000 0.801238 0.598345
1760656545.859822 57.198168 -79.901724 0.000000 0.000000 0.000000 0.800152 0.599798
1760656546.093163 57.153609 -79.822250 0.000000 0.000000 0.000000 0.798881 0.601489
1760656546.326452 57.108912 -79.741734 0.000000 0.000000 0.000000 0.797607 0.603177
1760656546.526519 57.070491 -79.671826 0.000000 0.000000 0.000000 0.796512 0.604623
1760656546.759787 57.025546 -79.589343 0.000000 0.000000 0.000000 0.795232 0.606306
1760656546.959810 56.986930 -79.517754 0.000000 0.000000 0.000000 0.794131 0.607747
1760656547.193117 56.941754 -79.433273 0.000000 0.000000 0.000000 0.792844 0.609425
1760656547.426439 56.896466 -79.347715 0.000000 0.000000 0.000000 0.791553 0.611101
1760656547.659782 56.851074 -79.261075 0.000000 0.000000 0.000000 0.790258 0.612774
1760656547.859810 56.812112 -79.185936 0.000000 0.000000 0.000000 0.789146 0.614206
1760656548.093118 56.766562 -79.097308 0.000000 0.000000 0.000000 0.787845 0.615873
1760656548.293125 56.727476 -79.020458 0.000000 0.000000 0.000000 0.786727 0.617301
1760656548.526439 56.681789 -78.929819 0.000000 0.000000 0.000000 0.785420 0.618964
1760656548.726439 56.642601 -78.851246 0.000000 0.000000 0.000000 0.784296 0.620387
1760656548.926501 56.603361 -78.771851 0.000000 0.000000 0.000000 0.783170 0.621808
1760656549.159773 56.557536 -78.678279 0.000000 0.000000 0.000000 0.781853 0.623463
1760656549.359774 56.518240 -78.597173 0.000000 0.000000 0.000000 0.780721 0.624879
1760656549.559799 56.478917 -78.515255 0.000000 0.000000 0.000000 0.779587 0.626294
1760656549.759854 56.439571 -78.432520 0.000000 0.000000 0.000000 0.778450 0.627707
1760656549.993130 56.393646 -78.335044 0.000000 0.000000 0.000000 0.777121 0.629352
1760656550.193144 56.354288 -78.250581 0.000000 0.000000 0.000000 0.775978 0.630760
1760656550.393189 56.314924 -78.165297 0.000000 0.000000 0.000000 0.774833 0.632166
1760656550.626463 56.268997 -78.064839 0.000000 0.000000 0.000000 0.773494 0.633803
1760656550.859795 56.223073 -77.963254 0.000000 0.000000 0.000000 0.772152 0.635438
1760656551.093126 56.177173 -77.860566 0.000000 0.000000 0.000000 0.770806 0.637070
1760656551.326444 56.131307 -77.756777 0.000000 0.000000 0.000000 0.769457 0.638699
1760656551.526462 56.092046 -77.666910 0.000000 0.000000 0.000000 0.768297 0.640093
1760656551.759777 56.046262 -77.561066 0.000000 0.000000 0.000000 0.766942 0.641717
1760656551.959782 56.007086 -77.469438 0.000000 0.000000 0.000000 0.765777 0.643106
1760656552.159792 55.967957 -77.376992 0.000000 0.000000 0.000000 0.764610 0.644494
1760656552.393113 55.922344 -77.268131 0.000000 0.000000 0.000000 0.763245 0.646109
1760656552.626441 55.876810 -77.158152 0.000000 0.000000 0.000000 0.761876 0.647722
1760656552.826656 55.837836 -77.062882 0.000000 0.000000 0.000000 0.760699 0.649104
1760656553.059763 55.792515 -76.950938 0.000000 0.000000 0.000000 0.759326 0.650710
1760656553.259808 55.753733 -76.853970 0.000000 0.000000 0.000000 0.758145 0.652086
1760656553.459815 55.715041 -76.756200 0.000000 0.000000 0.000000 0.756961 0.653460
1760656553.693212 55.669967 -76.641083 0.000000 0.000000 0.000000 0.755577 0.655060
1760656553.926440 55.625052 -76.524929 0.000000 0.000000 0.000000 0.754190 0.656656
1760656554.159779 55.580252 -76.407600 0.000000 0.000000 0.000000 0.752799 0.658250
1760656554.393120 55.535597 -76.289147 0.000000 0.000000 0.000000 0.751405 0.659841
1760656554.593120 55.497476 -76.186715 0.000000 0.000000 0.000000 0.750208 0.661202
1760656554.826450 55.453115 -76.066183 0.000000 0.000000 0.000000 0.748807 0.662788
1760656555.026452 55.415257 -75.961962 0.000000 0.000000 0.000000 0.747604 0.664144
1760656555.226470 55.377526 -75.856906 0.000000 0.000000 0.000000 0.746399 0.665499
1760656555.459803 55.333646 -75.733320 0.000000 0.000000 0.000000 0.744989 0.667076
1760656555.693098 55.289967 -75.608628 0.000000 0.000000 0.000000 0.743577 0.668650
1760656555.893118 55.252711 -75.500814 0.000000 0.000000 0.000000 0.742363 0.669998
1760656556.126444 55.209408 -75.374014 0.000000 0.000000 0.000000 0.740944 0.671566
1760656556.359793 55.166319 -75.246075 0.000000 0.000000 0.000000 0.739522 0.673132
1760656556.593191 55.123449 -75.116980 0.000000 0.000000 0.000000 0.738096 0.674695
1760656556.826814 55.080774 -74.986631 0.000000 0.000000 0.000000 0.736666 0.676257
1760656557.059803 55.038460 -74.855508 0.000000 0.000000 0.000000 0.735236 0.677812
1760656557.293117 54.996340 -74.723076 0.000000 0.000000 0.000000 0.733800 0.679365
1760656557.493120 54.960477 -74.608642 0.000000 0.000000 0.000000 0.732567 0.680695
1760656557.726457 54.918847 -74.474101 0.000000 0.000000 0.000000 0.731126 0.682243
1760656557.959831 54.877489 -74.338408 0.000000 0.000000 0.000000 0.729681 0.683788
1760656558.193109 54.836436 -74.201643 0.000000 0.000000 0.000000 0.728233 0.685330
1760656558.393130 54.801507 -74.083467 0.000000 0.000000 0.000000 0.726989 0.686649
1760656558.626439 54.761006 -73.944587 0.000000 0.000000 0.000000 0.725535 0.688185
1760656558.859787 54.720811 -73.804556 0.000000 0.000000 0.000000 0.724078 0.689718
1760656559.093628 54.680853 -73.663097 0.000000 0.000000 0.000000 0.722614 0.691252
1760656559.326702 54.641358 -73.520973 0.000000 0.000000 0.000000 0.721152 0.692777
1760656559.559782 54.602200 -73.377721 0.000000 0.000000 0.000000 0.719686 0.694299
1760656559.759806 54.568909 -73.253878 0.000000 0.000000 0.000000 0.718426 0.695603
1760656559.993158 54.530358 -73.108364 0.000000 0.000000 0.000000 0.716953 0.697121
1760656560.193170 54.497643 -72.982734 0.000000 0.000000 0.000000 0.715688 0.698420
1760656560.426494 54.459782 -72.835146 0.000000 0.000000 0.000000 0.714209 0.699933
1760656560.659769 54.422309 -72.686464 0.000000 0.000000 0.000000 0.712727 0.701441
1760656560.859787 54.390527 -72.558073 0.000000 0.000000 0.000000 0.711454 0.702733
1760656561.059788 54.359040 -72.428867 0.000000 0.000000 0.000000 0.710179 0.704021
1760656561.259806 54.327849 -72.298824 0.000000 0.000000 0.000000 0.708901 0.705308
1760656561.493109 54.291804 -72.146108 0.000000 0.000000 0.000000 0.707408 0.706806
1760656561.693176 54.261270 -72.014245 0.000000 0.000000 0.000000 0.706125 0.708088
1760656561.926433 54.226022 -71.859475 0.000000 0.000000 0.000000 0.704626 0.709579
1760656562.126436 54.196188 -71.725869 0.000000 0.000000 0.000000 0.703338 0.710856
1760656562.326452 54.166679 -71.591431 0.000000 0.000000 0.000000 0.702048 0.712130
1760656562.526798 54.137456 -71.455947 0.000000 0.000000 0.000000 0.700753 0.713404
1760656562.759795 54.103850 -71.297356 0.000000 0.000000 0.000000 0.699245 0.714882
1760656562.993121 54.070666 -71.137424 0.000000 0.000000 0.000000 0.697731 0.716360
1760656563.226450 54.037960 -70.976374 0.000000 0.000000 0.000000 0.696214 0.717834
1760656563.426450 54.010355 -70.837432 0.000000 0.000000 0.000000 0.694912 0.719095
1760656563.659781 53.978561 -70.674311 0.000000 0.000000 0.000000 0.693389 0.720564
1760656563.893090 53.947274 -70.510092 0.000000 0.000000 0.000000 0.691863 0.722028
1760656564.093168 53.920893 -70.368370 0.000000 0.000000 0.000000 0.690553 0.723282
1760656564.293200 53.894901 -70.225866 0.000000 0.000000 0.000000 0.689240 0.724533
1760656564.526439 53.865034 -70.058684 0.000000 0.000000 0.000000 0.687706 0.725989
1760656564.759768 53.835693 -69.890331 0.000000 0.000000 0.000000 0.686169 0.727442
1760656564.993101 53.806896 -69.720869 0.000000 0.000000 0.000000 0.684629 0.728892
1760656565.193112 53.782696 -69.574722 0.000000 0.000000 0.000000 0.683306 0.730132
1760656565.426449 53.754935 -69.403207 0.000000 0.000000 0.000000 0.681760 0.731576
1760656565.659848 53.727738 -69.230545 0.000000 0.000000 0.000000 0.680211 0.733017
1760656565.893137 53.701132 -69.056866 0.000000 0.000000 0.000000 0.678659 0.734454
1760656566.126413 53.675117 -68.882100 0.000000 0.000000 0.000000 0.677104 0.735887
1760656566.326441 53.653329 -68.731364 0.000000 0.000000 0.000000 0.675769 0.737114
1760656566.526452 53.631989 -68.579836 0.000000 0.000000 0.000000 0.674431 0.738338
1760656566.759782 53.607608 -68.402060 0.000000 0.000000 0.000000 0.672868 0.739763
1760656566.959804 53.587248 -68.248788 0.000000 0.000000 0.000000 0.671525 0.740982
1760656567.193119 53.564029 -68.069000 0.000000 0.000000 0.000000 0.669956 0.742401
1760656567.393136 53.544678 -67.914001 0.000000 0.000000 0.000000 0.668609 0.743614
1760656567.626435 53.522652 -67.732211 0.000000 0.000000 0.000000 0.667035 0.745027
1760656567.826438 53.504336 -67.575498 0.000000 0.000000 0.000000 0.665683 0.746235
1760656568.026453 53.486505 -67.417983 0.000000 0.000000 0.000000 0.664329 0.747441
1760656568.226505 53.469162 -67.259647 0.000000 0.000000 0.000000 0.662972 0.748644
1760656568.459782 53.449512 -67.074020 0.000000 0.000000 0.000000 0.661387 0.750045
1760656568.693090 53.430543 -66.887296 0.000000 0.000000 0.000000 0.659799 0.751442
1760656568.893109 53.414881 -66.726356 0.000000 0.000000 0.000000 0.658436 0.752637
1760656569.093160 53.399733 -66.564604 0.000000 0.000000 0.000000 0.657070 0.753830
1760656569.326430 53.382670 -66.375010 0.000000 0.000000 0.000000 0.655474 0.755218
1760656569.526460 53.368658 -66.211580 0.000000 0.000000 0.000000 0.654104 0.756405
1760656569.759777 53.352931 -66.019972 0.000000 0.000000 0.000000 0.652502 0.757787
1760656569.993111 53.337936 -65.827292 0.000000 0.000000 0.000000 0.650898 0.759165
1760656570.193112 53.325723 -65.661293 0.000000 0.000000 0.000000 0.649520 0.760344
1760656570.393118 53.314061 -65.494515 0.000000 0.000000 0.000000 0.648141 0.761521
1760656570.626449 53.301101 -65.298977 0.000000 0.000000 0.000000 0.646528 0.762890
1760656570.859764 53.288907 -65.102404 0.000000 0.000000 0.000000 0.644913 0.764256
1760656571.059774 53.279120 -64.933055 0.000000 0.000000 0.000000 0.643526 0.765424
1760656571.259807 53.269907 -64.762922 0.000000 0.000000 0.000000 0.642137 0.766590
1760656571.493125 53.259835 -64.563516 0.000000 0.000000 0.000000 0.640514 0.767946
1760656571.726444 53.250559 -64.363071 0.000000 0.000000 0.000000 0.638889 0.769299
1760656571.959779 53.242090 -64.161580 0.000000 0.000000 0.000000 0.637260 0.770649
1760656572.159798 53.235530 -63.988036 0.000000 0.000000 0.000000 0.635862 0.771803
1760656572.393100 53.228582 -63.784661 0.000000 0.000000 0.000000 0.634228 0.773146
1760656572.593142 53.223338 -63.609463 0.000000 0.000000 0.000000 0.632825 0.774295
1760656572.826508 53.217937 -63.404133 0.000000 0.000000 0.000000 0.631185 0.775632
1760656573.059782 53.213385 -63.197866 0.000000 0.000000 0.000000 0.629543 0.776965
1760656573.259791 53.210216 -63.020204 0.000000 0.000000 0.000000 0.628134 0.778106
1760656573.493140 53.207257 -62.811989 0.000000 0.000000 0.000000 0.626486 0.779433
1760656573.726439 53.205170 -62.602811 0.000000 0.000000 0.000000 0.624836 0.780756
1760656573.926447 53.204135 -62.422682 0.000000 0.000000 0.000000 0.623420 0.781887
1760656574.126483 53.203751 -62.241793 0.000000 0.000000 0.000000 0.622001 0.783017
1760656574.359774 53.204070 -62.029906 0.000000 0.000000 0.000000 0.620343 0.784330
1760656574.559784 53.205116 -61.847455 0.000000 0.000000 0.000000 0.618920 0.785454
1760656574.793113 53.207118 -61.633690 0.000000 0.000000 0.000000 0.617257 0.786761
1760656574.993119 53.209619 -61.449669 0.000000 0.000000 0.000000 0.615830 0.787879
1760656575.226443 53.213331 -61.234079 0.000000 0.000000 0.000000 0.614162 0.789180
1760656575.426454 53.217313 -61.048493 0.000000 0.000000 0.000000 0.612730 0.790292
1760656575.659776 53.222765 -60.831089 0.000000 0.000000 0.000000 0.611057 0.791587
1760656575.859808 53.228252 -60.643932 0.000000 0.000000 0.000000 0.609620 0.792694
1760656576.059818 53.234440 -60.456084 0.000000 0.000000 0.000000 0.608182 0.793798
1760656576.293123 53.242487 -60.236068 0.000000 0.000000 0.000000 0.606502 0.795082
1760656576.526507 53.251509 -60.015017 0.000000 0.000000 0.000000 0.604818 0.796364
1760656576.759780 53.261506 -59.793116 0.000000 0.000000 0.000000 0.603133 0.797641
1760656576.959785 53.270920 -59.602106 0.000000 0.000000 0.000000 0.601686 0.798733
1760656577.193115 53.282761 -59.378386 0.000000 0.000000 0.000000 0.599995 0.800004
1760656577.393115 53.293766 -59.185876 0.000000 0.000000 0.000000 0.598543 0.801091
1760656577.626453 53.307477 -58.960400 0.000000 0.000000 0.000000 0.596847 0.802355
1760656577.859786 53.322206 -58.733993 0.000000 0.000000 0.000000 0.595149 0.803616
1760656578.059841 53.335710 -58.539140 0.000000 0.000000 0.000000 0.593690 0.804694
1760656578.293108 53.352348 -58.311073 0.000000 0.000000 0.000000 0.591987 0.805947
1760656578.493118 53.367502 -58.114792 0.000000 0.000000 0.000000 0.590525 0.807019
1760656578.726428 53.386083 -57.884976 0.000000 0.000000 0.000000 0.588817 0.808267
1760656578.926455 53.402914 -57.687221 0.000000 0.000000 0.000000 0.587350 0.809333
1760656579.126490 53.420528 -57.488792 0.000000 0.000000 0.000000 0.585881 0.810397
1760656579.359781 53.441995 -57.256528 0.000000 0.000000 0.000000 0.584166 0.811634
1760656579.559795 53.461318 -57.056683 0.000000 0.000000 0.000000 0.582694 0.812692
1760656579.793111 53.484796 -56.822726 0.000000 0.000000 0.000000 0.580973 0.813923
1760656579.993598 53.505903 -56.620984 0.000000 0.000000 0.000000 0.579493 0.814977
1760656580.226443 53.531369 -56.385854 0.000000 0.000000 0.000000 0.577771 0.816199
1760656580.426449 53.554184 -56.183190 0.000000 0.000000 0.000000 0.576291 0.817245
1760656580.659776 53.581764 -55.945941 0.000000 0.000000 0.000000 0.574561 0.818462
1760656580.859776 53.606360 -55.741893 0.000000 0.000000 0.000000 0.573076 0.819502
1760656581.059795 53.631788 -55.537189 0.000000 0.000000 0.000000 0.571589 0.820540
1760656581.293102 53.662432 -55.297608 0.000000 0.000000 0.000000 0.569852 0.821747
1760656581.493117 53.689675 -55.091540 0.000000 0.000000 0.000000 0.568361 0.822779
1760656581.693118 53.717763 -54.884861 0.000000 0.000000 0.000000 0.566868 0.823808
1760656581.926430 53.751530 -54.642961 0.000000 0.000000 0.000000 0.565125 0.825006
1760656582.126438 53.781468 -54.434931 0.000000 0.000000 0.000000 0.563628 0.826029
1760656582.359761 53.817407 -54.191461 0.000000 0.000000 0.000000 0.561879 0.827219
1760656582.559792 53.849220 -53.982078 0.000000 0.000000 0.000000 0.560378 0.828237
1760656582.793097 53.887352 -53.737087 0.000000 0.000000 0.000000 0.558625 0.829420
1760656582.993104 53.921056 -53.526418 0.000000 0.000000 0.000000 0.557120 0.830432
1760656583.193145 53.955648 -53.315113 0.000000 0.000000 0.000000 0.555614 0.831441
1760656583.426439 53.997037 -53.067919 0.000000 0.000000 0.000000 0.553854 0.832614
1760656583.659780 54.039648 -52.819868 0.000000 0.000000 0.000000 0.552091 0.833784
1760656583.893111 54.083479 -52.571029 0.000000 0.000000 0.000000 0.550326 0.834950
1760656584.093112 54.122093 -52.357114 0.000000 0.000000 0.000000 0.548812 0.835946
1760656584.293117 54.161615 -52.142616 0.000000 0.000000 0.000000 0.547295 0.836940
1760656584.526452 54.208802 -51.891632 0.000000 0.000000 0.000000 0.545523 0.838096
1760656584.759789 54.257239 -51.639867 0.000000 0.000000 0.000000 0.543749 0.839248
1760656584.959792 54.299822 -51.423469 0.000000 0.000000 0.000000 0.542227 0.840232
1760656585.193112 54.350596 -51.170296 0.000000 0.000000 0.000000 0.540448 0.841377
1760656585.393123 54.395199 -50.952674 0.000000 0.000000 0.000000 0.538922 0.842356
1760656585.626436 54.448338 -50.698102 0.000000 0.000000 0.000000 0.537139 0.843494
1760656585.826438 54.494978 -50.479295 0.000000 0.000000 0.000000 0.535609 0.844466
